tile_id,date,year,source,valid_frac,exp_temporal_split
20210304_lidar_tile_0_128.npy,20210304,2021,lidar,0.3504,train
20210304_lidar_tile_0_256.npy,20210304,2021,lidar,0.7559,train
20210304_lidar_tile_0_384.npy,20210304,2021,lidar,0.8289,train
20210304_lidar_tile_0_512.npy,20210304,2021,lidar,0.7571,train
20210304_lidar_tile_0_640.npy,20210304,2021,lidar,0.6324,train
20210304_lidar_tile_0_768.npy,20210304,2021,lidar,0.4769,train
20210304_lidar_tile_128_128.npy,20210304,2021,lidar,0.6981,train
20210304_lidar_tile_128_256.npy,20210304,2021,lidar,0.9684,train
20210304_lidar_tile_128_384.npy,20210304,2021,lidar,0.9557,train
20210304_lidar_tile_128_512.npy,20210304,2021,lidar,0.945,train
20210304_lidar_tile_128_640.npy,20210304,2021,lidar,0.9493,train
20210304_lidar_tile_128_768.npy,20210304,2021,lidar,0.9209,train
20210304_lidar_tile_128_896.npy,20210304,2021,lidar,0.6884,train
20210304_lidar_tile_256_0.npy,20210304,2021,lidar,0.4575,train
20210304_lidar_tile_256_128.npy,20210304,2021,lidar,0.9242,train
20210304_lidar_tile_256_256.npy,20210304,2021,lidar,0.9845,train
20210304_lidar_tile_256_384.npy,20210304,2021,lidar,0.9796,train
20210304_lidar_tile_256_512.npy,20210304,2021,lidar,0.9778,train
20210304_lidar_tile_256_640.npy,20210304,2021,lidar,0.9751,train
20210304_lidar_tile_256_768.npy,20210304,2021,lidar,0.9728,train
20210304_lidar_tile_256_896.npy,20210304,2021,lidar,0.9278,train
20210304_lidar_tile_256_1024.npy,20210304,2021,lidar,0.8305,train
20210304_lidar_tile_256_1152.npy,20210304,2021,lidar,0.7868,train
20210304_lidar_tile_256_1280.npy,20210304,2021,lidar,0.7511,train
20210304_lidar_tile_256_1408.npy,20210304,2021,lidar,0.6241,train
20210304_lidar_tile_256_1536.npy,20210304,2021,lidar,0.3284,train
20210304_lidar_tile_384_0.npy,20210304,2021,lidar,0.583,train
20210304_lidar_tile_384_128.npy,20210304,2021,lidar,0.9915,train
20210304_lidar_tile_384_256.npy,20210304,2021,lidar,0.9875,train
20210304_lidar_tile_384_384.npy,20210304,2021,lidar,0.9853,train
20210304_lidar_tile_384_512.npy,20210304,2021,lidar,0.992,train
20210304_lidar_tile_384_640.npy,20210304,2021,lidar,0.9866,train
20210304_lidar_tile_384_768.npy,20210304,2021,lidar,0.9786,train
20210304_lidar_tile_384_896.npy,20210304,2021,lidar,0.9868,train
20210304_lidar_tile_384_1024.npy,20210304,2021,lidar,0.9935,train
20210304_lidar_tile_384_1152.npy,20210304,2021,lidar,0.9889,train
20210304_lidar_tile_384_1280.npy,20210304,2021,lidar,0.9874,train
20210304_lidar_tile_384_1408.npy,20210304,2021,lidar,0.9559,train
20210304_lidar_tile_384_1536.npy,20210304,2021,lidar,0.6113,train
20210304_lidar_tile_512_0.npy,20210304,2021,lidar,0.673,train
20210304_lidar_tile_512_128.npy,20210304,2021,lidar,0.9868,train
20210304_lidar_tile_512_256.npy,20210304,2021,lidar,0.9879,train
20210304_lidar_tile_512_384.npy,20210304,2021,lidar,0.9902,train
20210304_lidar_tile_512_512.npy,20210304,2021,lidar,0.9957,train
20210304_lidar_tile_512_640.npy,20210304,2021,lidar,0.9915,train
20210304_lidar_tile_512_768.npy,20210304,2021,lidar,0.9854,train
20210304_lidar_tile_512_896.npy,20210304,2021,lidar,0.9909,train
20210304_lidar_tile_512_1024.npy,20210304,2021,lidar,0.9956,train
20210304_lidar_tile_512_1152.npy,20210304,2021,lidar,0.9899,train
20210304_lidar_tile_512_1280.npy,20210304,2021,lidar,0.9813,train
20210304_lidar_tile_512_1408.npy,20210304,2021,lidar,0.9786,train
20210304_lidar_tile_512_1536.npy,20210304,2021,lidar,0.748,train
20210304_lidar_tile_640_0.npy,20210304,2021,lidar,0.7576,train
20210304_lidar_tile_640_128.npy,20210304,2021,lidar,0.978,train
20210304_lidar_tile_640_256.npy,20210304,2021,lidar,0.9797,train
20210304_lidar_tile_640_384.npy,20210304,2021,lidar,0.9808,train
20210304_lidar_tile_640_512.npy,20210304,2021,lidar,0.9856,train
20210304_lidar_tile_640_640.npy,20210304,2021,lidar,0.984,train
20210304_lidar_tile_640_768.npy,20210304,2021,lidar,0.9807,train
20210304_lidar_tile_640_896.npy,20210304,2021,lidar,0.9909,train
20210304_lidar_tile_640_1024.npy,20210304,2021,lidar,0.9961,train
20210304_lidar_tile_640_1152.npy,20210304,2021,lidar,0.9924,train
20210304_lidar_tile_640_1280.npy,20210304,2021,lidar,0.9762,train
20210304_lidar_tile_640_1408.npy,20210304,2021,lidar,0.9543,train
20210304_lidar_tile_640_1536.npy,20210304,2021,lidar,0.8711,train
20210304_lidar_tile_768_0.npy,20210304,2021,lidar,0.8291,train
20210304_lidar_tile_768_128.npy,20210304,2021,lidar,0.9765,train
20210304_lidar_tile_768_256.npy,20210304,2021,lidar,0.9715,train
20210304_lidar_tile_768_384.npy,20210304,2021,lidar,0.9749,train
20210304_lidar_tile_768_512.npy,20210304,2021,lidar,0.9788,train
20210304_lidar_tile_768_640.npy,20210304,2021,lidar,0.9723,train
20210304_lidar_tile_768_768.npy,20210304,2021,lidar,0.9597,train
20210304_lidar_tile_768_896.npy,20210304,2021,lidar,0.9787,train
20210304_lidar_tile_768_1024.npy,20210304,2021,lidar,0.9929,train
20210304_lidar_tile_768_1152.npy,20210304,2021,lidar,0.9861,train
20210304_lidar_tile_768_1280.npy,20210304,2021,lidar,0.9738,train
20210304_lidar_tile_768_1408.npy,20210304,2021,lidar,0.9543,train
20210304_lidar_tile_768_1536.npy,20210304,2021,lidar,0.9138,train
20210304_lidar_tile_768_1664.npy,20210304,2021,lidar,0.7711,train
20210304_lidar_tile_768_1792.npy,20210304,2021,lidar,0.4039,train
20210304_lidar_tile_896_0.npy,20210304,2021,lidar,0.6489,train
20210304_lidar_tile_896_128.npy,20210304,2021,lidar,0.9424,train
20210304_lidar_tile_896_256.npy,20210304,2021,lidar,0.9768,train
20210304_lidar_tile_896_384.npy,20210304,2021,lidar,0.9838,train
20210304_lidar_tile_896_512.npy,20210304,2021,lidar,0.9862,train
20210304_lidar_tile_896_640.npy,20210304,2021,lidar,0.9722,train
20210304_lidar_tile_896_768.npy,20210304,2021,lidar,0.9572,train
20210304_lidar_tile_896_896.npy,20210304,2021,lidar,0.9726,train
20210304_lidar_tile_896_1024.npy,20210304,2021,lidar,0.9863,train
20210304_lidar_tile_896_1152.npy,20210304,2021,lidar,0.9855,train
20210304_lidar_tile_896_1280.npy,20210304,2021,lidar,0.9812,train
20210304_lidar_tile_896_1408.npy,20210304,2021,lidar,0.9765,train
20210304_lidar_tile_896_1536.npy,20210304,2021,lidar,0.9169,train
20210304_lidar_tile_896_1664.npy,20210304,2021,lidar,0.8539,train
20210304_lidar_tile_896_1792.npy,20210304,2021,lidar,0.6744,train
20210304_lidar_tile_1024_128.npy,20210304,2021,lidar,0.6233,train
20210304_lidar_tile_1024_256.npy,20210304,2021,lidar,0.8515,train
20210304_lidar_tile_1024_384.npy,20210304,2021,lidar,0.9454,train
20210304_lidar_tile_1024_512.npy,20210304,2021,lidar,0.9742,train
20210304_lidar_tile_1024_640.npy,20210304,2021,lidar,0.9318,train
20210304_lidar_tile_1024_768.npy,20210304,2021,lidar,0.9336,train
20210304_lidar_tile_1024_896.npy,20210304,2021,lidar,0.9873,train
20210304_lidar_tile_1024_1024.npy,20210304,2021,lidar,0.9889,train
20210304_lidar_tile_1024_1152.npy,20210304,2021,lidar,0.9921,train
20210304_lidar_tile_1024_1280.npy,20210304,2021,lidar,0.9874,train
20210304_lidar_tile_1024_1408.npy,20210304,2021,lidar,0.9639,train
20210304_lidar_tile_1024_1536.npy,20210304,2021,lidar,0.9138,train
20210304_lidar_tile_1024_1664.npy,20210304,2021,lidar,0.8305,train
20210304_lidar_tile_1024_1792.npy,20210304,2021,lidar,0.768,train
20210304_lidar_tile_1024_1920.npy,20210304,2021,lidar,0.4978,train
20210304_lidar_tile_1152_512.npy,20210304,2021,lidar,0.5281,train
20210304_lidar_tile_1152_640.npy,20210304,2021,lidar,0.4904,train
20210304_lidar_tile_1152_768.npy,20210304,2021,lidar,0.6985,train
20210304_lidar_tile_1152_896.npy,20210304,2021,lidar,0.983,train
20210304_lidar_tile_1152_1024.npy,20210304,2021,lidar,0.9956,train
20210304_lidar_tile_1152_1152.npy,20210304,2021,lidar,0.9957,train
20210304_lidar_tile_1152_1280.npy,20210304,2021,lidar,0.9913,train
20210304_lidar_tile_1152_1408.npy,20210304,2021,lidar,0.9568,train
20210304_lidar_tile_1152_1536.npy,20210304,2021,lidar,0.9092,train
20210304_lidar_tile_1152_1664.npy,20210304,2021,lidar,0.8635,train
20210304_lidar_tile_1152_1792.npy,20210304,2021,lidar,0.8226,train
20210304_lidar_tile_1152_1920.npy,20210304,2021,lidar,0.5585,train
20210304_lidar_tile_1280_768.npy,20210304,2021,lidar,0.4448,train
20210304_lidar_tile_1280_896.npy,20210304,2021,lidar,0.9221,train
20210304_lidar_tile_1280_1024.npy,20210304,2021,lidar,0.9853,train
20210304_lidar_tile_1280_1152.npy,20210304,2021,lidar,0.9897,train
20210304_lidar_tile_1280_1280.npy,20210304,2021,lidar,0.99,train
20210304_lidar_tile_1280_1408.npy,20210304,2021,lidar,0.9507,train
20210304_lidar_tile_1280_1536.npy,20210304,2021,lidar,0.8954,train
20210304_lidar_tile_1280_1664.npy,20210304,2021,lidar,0.8968,train
20210304_lidar_tile_1280_1792.npy,20210304,2021,lidar,0.874,train
20210304_lidar_tile_1280_1920.npy,20210304,2021,lidar,0.5449,train
20210304_lidar_tile_1408_768.npy,20210304,2021,lidar,0.4424,train
20210304_lidar_tile_1408_896.npy,20210304,2021,lidar,0.8873,train
20210304_lidar_tile_1408_1024.npy,20210304,2021,lidar,0.9317,train
20210304_lidar_tile_1408_1152.npy,20210304,2021,lidar,0.9594,train
20210304_lidar_tile_1408_1280.npy,20210304,2021,lidar,0.9831,train
20210304_lidar_tile_1408_1408.npy,20210304,2021,lidar,0.9524,train
20210304_lidar_tile_1408_1536.npy,20210304,2021,lidar,0.9095,train
20210304_lidar_tile_1408_1664.npy,20210304,2021,lidar,0.9181,train
20210304_lidar_tile_1408_1792.npy,20210304,2021,lidar,0.9081,train
20210304_lidar_tile_1408_1920.npy,20210304,2021,lidar,0.6254,train
20210304_lidar_tile_1536_896.npy,20210304,2021,lidar,0.7413,train
20210304_lidar_tile_1536_1024.npy,20210304,2021,lidar,0.9347,train
20210304_lidar_tile_1536_1152.npy,20210304,2021,lidar,0.9536,train
20210304_lidar_tile_1536_1280.npy,20210304,2021,lidar,0.9677,train
20210304_lidar_tile_1536_1408.npy,20210304,2021,lidar,0.9642,train
20210304_lidar_tile_1536_1536.npy,20210304,2021,lidar,0.9553,train
20210304_lidar_tile_1536_1664.npy,20210304,2021,lidar,0.9443,train
20210304_lidar_tile_1536_1792.npy,20210304,2021,lidar,0.9252,train
20210304_lidar_tile_1536_1920.npy,20210304,2021,lidar,0.7086,train
20210304_lidar_tile_1664_896.npy,20210304,2021,lidar,0.56,train
20210304_lidar_tile_1664_1024.npy,20210304,2021,lidar,0.9741,train
20210304_lidar_tile_1664_1152.npy,20210304,2021,lidar,0.9733,train
20210304_lidar_tile_1664_1280.npy,20210304,2021,lidar,0.9722,train
20210304_lidar_tile_1664_1408.npy,20210304,2021,lidar,0.9702,train
20210304_lidar_tile_1664_1536.npy,20210304,2021,lidar,0.9611,train
20210304_lidar_tile_1664_1664.npy,20210304,2021,lidar,0.9246,train
20210304_lidar_tile_1664_1792.npy,20210304,2021,lidar,0.8993,train
20210304_lidar_tile_1664_1920.npy,20210304,2021,lidar,0.7519,train
20210304_lidar_tile_1792_896.npy,20210304,2021,lidar,0.5352,train
20210304_lidar_tile_1792_1024.npy,20210304,2021,lidar,0.9727,train
20210304_lidar_tile_1792_1152.npy,20210304,2021,lidar,0.9803,train
20210304_lidar_tile_1792_1280.npy,20210304,2021,lidar,0.9865,train
20210304_lidar_tile_1792_1408.npy,20210304,2021,lidar,0.9833,train
20210304_lidar_tile_1792_1536.npy,20210304,2021,lidar,0.9552,train
20210304_lidar_tile_1792_1664.npy,20210304,2021,lidar,0.9175,train
20210304_lidar_tile_1792_1792.npy,20210304,2021,lidar,0.9094,train
20210304_lidar_tile_1792_1920.npy,20210304,2021,lidar,0.6823,train
20210304_lidar_tile_1920_896.npy,20210304,2021,lidar,0.5177,train
20210304_lidar_tile_1920_1024.npy,20210304,2021,lidar,0.9569,train
20210304_lidar_tile_1920_1152.npy,20210304,2021,lidar,0.9657,train
20210304_lidar_tile_1920_1280.npy,20210304,2021,lidar,0.961,train
20210304_lidar_tile_1920_1408.npy,20210304,2021,lidar,0.9597,train
20210304_lidar_tile_1920_1536.npy,20210304,2021,lidar,0.95,train
20210304_lidar_tile_1920_1664.npy,20210304,2021,lidar,0.9359,train
20210304_lidar_tile_1920_1792.npy,20210304,2021,lidar,0.9255,train
20210304_lidar_tile_1920_1920.npy,20210304,2021,lidar,0.5576,train
20210304_lidar_tile_2048_896.npy,20210304,2021,lidar,0.4533,train
20210304_lidar_tile_2048_1024.npy,20210304,2021,lidar,0.9032,train
20210304_lidar_tile_2048_1152.npy,20210304,2021,lidar,0.9504,train
20210304_lidar_tile_2048_1280.npy,20210304,2021,lidar,0.9248,train
20210304_lidar_tile_2048_1408.npy,20210304,2021,lidar,0.9312,train
20210304_lidar_tile_2048_1536.npy,20210304,2021,lidar,0.953,train
20210304_lidar_tile_2048_1664.npy,20210304,2021,lidar,0.9393,train
20210304_lidar_tile_2048_1792.npy,20210304,2021,lidar,0.8187,train
20210304_lidar_tile_2048_1920.npy,20210304,2021,lidar,0.3943,train
20210304_lidar_tile_2176_1024.npy,20210304,2021,lidar,0.7332,train
20210304_lidar_tile_2176_1152.npy,20210304,2021,lidar,0.947,train
20210304_lidar_tile_2176_1280.npy,20210304,2021,lidar,0.9284,train
20210304_lidar_tile_2176_1408.npy,20210304,2021,lidar,0.9388,train
20210304_lidar_tile_2176_1536.npy,20210304,2021,lidar,0.921,train
20210304_lidar_tile_2176_1664.npy,20210304,2021,lidar,0.8561,train
20210304_lidar_tile_2176_1792.npy,20210304,2021,lidar,0.559,train
20210323_lidar_tile_0_128.npy,20210323,2021,lidar,0.3288,train
20210323_lidar_tile_0_256.npy,20210323,2021,lidar,0.7066,train
20210323_lidar_tile_0_384.npy,20210323,2021,lidar,0.7935,train
20210323_lidar_tile_0_512.npy,20210323,2021,lidar,0.75,train
20210323_lidar_tile_0_640.npy,20210323,2021,lidar,0.629,train
20210323_lidar_tile_0_768.npy,20210323,2021,lidar,0.5003,train
20210323_lidar_tile_128_128.npy,20210323,2021,lidar,0.6464,train
20210323_lidar_tile_128_256.npy,20210323,2021,lidar,0.8902,train
20210323_lidar_tile_128_384.npy,20210323,2021,lidar,0.8905,train
20210323_lidar_tile_128_512.npy,20210323,2021,lidar,0.9172,train
20210323_lidar_tile_128_640.npy,20210323,2021,lidar,0.9455,train
20210323_lidar_tile_128_768.npy,20210323,2021,lidar,0.9559,train
20210323_lidar_tile_128_896.npy,20210323,2021,lidar,0.7133,train
20210323_lidar_tile_256_0.npy,20210323,2021,lidar,0.4198,train
20210323_lidar_tile_256_128.npy,20210323,2021,lidar,0.8065,train
20210323_lidar_tile_256_256.npy,20210323,2021,lidar,0.8531,train
20210323_lidar_tile_256_384.npy,20210323,2021,lidar,0.8989,train
20210323_lidar_tile_256_512.npy,20210323,2021,lidar,0.9317,train
20210323_lidar_tile_256_640.npy,20210323,2021,lidar,0.9571,train
20210323_lidar_tile_256_768.npy,20210323,2021,lidar,0.9875,train
20210323_lidar_tile_256_896.npy,20210323,2021,lidar,0.9281,train
20210323_lidar_tile_256_1024.npy,20210323,2021,lidar,0.8138,train
20210323_lidar_tile_256_1152.npy,20210323,2021,lidar,0.7593,train
20210323_lidar_tile_256_1280.npy,20210323,2021,lidar,0.6958,train
20210323_lidar_tile_256_1408.npy,20210323,2021,lidar,0.5549,train
20210323_lidar_tile_384_0.npy,20210323,2021,lidar,0.5428,train
20210323_lidar_tile_384_128.npy,20210323,2021,lidar,0.8464,train
20210323_lidar_tile_384_256.npy,20210323,2021,lidar,0.8662,train
20210323_lidar_tile_384_384.npy,20210323,2021,lidar,0.9452,train
20210323_lidar_tile_384_512.npy,20210323,2021,lidar,0.9567,train
20210323_lidar_tile_384_640.npy,20210323,2021,lidar,0.9673,train
20210323_lidar_tile_384_768.npy,20210323,2021,lidar,0.988,train
20210323_lidar_tile_384_896.npy,20210323,2021,lidar,0.9875,train
20210323_lidar_tile_384_1024.npy,20210323,2021,lidar,0.9592,train
20210323_lidar_tile_384_1152.npy,20210323,2021,lidar,0.9253,train
20210323_lidar_tile_384_1280.npy,20210323,2021,lidar,0.8981,train
20210323_lidar_tile_384_1408.npy,20210323,2021,lidar,0.8278,train
20210323_lidar_tile_384_1536.npy,20210323,2021,lidar,0.52,train
20210323_lidar_tile_512_0.npy,20210323,2021,lidar,0.6474,train
20210323_lidar_tile_512_128.npy,20210323,2021,lidar,0.8936,train
20210323_lidar_tile_512_256.npy,20210323,2021,lidar,0.91,train
20210323_lidar_tile_512_384.npy,20210323,2021,lidar,0.9571,train
20210323_lidar_tile_512_512.npy,20210323,2021,lidar,0.9713,train
20210323_lidar_tile_512_640.npy,20210323,2021,lidar,0.9853,train
20210323_lidar_tile_512_768.npy,20210323,2021,lidar,0.9956,train
20210323_lidar_tile_512_896.npy,20210323,2021,lidar,0.985,train
20210323_lidar_tile_512_1024.npy,20210323,2021,lidar,0.9516,train
20210323_lidar_tile_512_1152.npy,20210323,2021,lidar,0.9255,train
20210323_lidar_tile_512_1280.npy,20210323,2021,lidar,0.9297,train
20210323_lidar_tile_512_1408.npy,20210323,2021,lidar,0.907,train
20210323_lidar_tile_512_1536.npy,20210323,2021,lidar,0.6854,train
20210323_lidar_tile_640_0.npy,20210323,2021,lidar,0.7561,train
20210323_lidar_tile_640_128.npy,20210323,2021,lidar,0.9351,train
20210323_lidar_tile_640_256.npy,20210323,2021,lidar,0.9293,train
20210323_lidar_tile_640_384.npy,20210323,2021,lidar,0.9355,train
20210323_lidar_tile_640_512.npy,20210323,2021,lidar,0.9579,train
20210323_lidar_tile_640_640.npy,20210323,2021,lidar,0.9934,train
20210323_lidar_tile_640_768.npy,20210323,2021,lidar,0.9973,train
20210323_lidar_tile_640_896.npy,20210323,2021,lidar,0.971,train
20210323_lidar_tile_640_1024.npy,20210323,2021,lidar,0.9447,train
20210323_lidar_tile_640_1152.npy,20210323,2021,lidar,0.9529,train
20210323_lidar_tile_640_1280.npy,20210323,2021,lidar,0.9678,train
20210323_lidar_tile_640_1408.npy,20210323,2021,lidar,0.9754,train
20210323_lidar_tile_640_1536.npy,20210323,2021,lidar,0.8951,train
20210323_lidar_tile_768_0.npy,20210323,2021,lidar,0.8342,train
20210323_lidar_tile_768_128.npy,20210323,2021,lidar,0.9562,train
20210323_lidar_tile_768_256.npy,20210323,2021,lidar,0.9467,train
20210323_lidar_tile_768_384.npy,20210323,2021,lidar,0.9299,train
20210323_lidar_tile_768_512.npy,20210323,2021,lidar,0.9364,train
20210323_lidar_tile_768_640.npy,20210323,2021,lidar,0.9892,train
20210323_lidar_tile_768_768.npy,20210323,2021,lidar,0.9908,train
20210323_lidar_tile_768_896.npy,20210323,2021,lidar,0.9653,train
20210323_lidar_tile_768_1024.npy,20210323,2021,lidar,0.9511,train
20210323_lidar_tile_768_1152.npy,20210323,2021,lidar,0.9655,train
20210323_lidar_tile_768_1280.npy,20210323,2021,lidar,0.9777,train
20210323_lidar_tile_768_1408.npy,20210323,2021,lidar,0.9813,train
20210323_lidar_tile_768_1536.npy,20210323,2021,lidar,0.9693,train
20210323_lidar_tile_768_1664.npy,20210323,2021,lidar,0.8008,train
20210323_lidar_tile_768_1792.npy,20210323,2021,lidar,0.4006,train
20210323_lidar_tile_896_0.npy,20210323,2021,lidar,0.6482,train
20210323_lidar_tile_896_128.npy,20210323,2021,lidar,0.9225,train
20210323_lidar_tile_896_256.npy,20210323,2021,lidar,0.9595,train
20210323_lidar_tile_896_384.npy,20210323,2021,lidar,0.9335,train
20210323_lidar_tile_896_512.npy,20210323,2021,lidar,0.9088,train
20210323_lidar_tile_896_640.npy,20210323,2021,lidar,0.9612,train
20210323_lidar_tile_896_768.npy,20210323,2021,lidar,0.9858,train
20210323_lidar_tile_896_896.npy,20210323,2021,lidar,0.9769,train
20210323_lidar_tile_896_1024.npy,20210323,2021,lidar,0.9785,train
20210323_lidar_tile_896_1152.npy,20210323,2021,lidar,0.9872,train
20210323_lidar_tile_896_1280.npy,20210323,2021,lidar,0.9893,train
20210323_lidar_tile_896_1408.npy,20210323,2021,lidar,0.9652,train
20210323_lidar_tile_896_1536.npy,20210323,2021,lidar,0.9297,train
20210323_lidar_tile_896_1664.npy,20210323,2021,lidar,0.8839,train
20210323_lidar_tile_896_1792.npy,20210323,2021,lidar,0.6916,train
20210323_lidar_tile_1024_128.npy,20210323,2021,lidar,0.6148,train
20210323_lidar_tile_1024_256.npy,20210323,2021,lidar,0.8402,train
20210323_lidar_tile_1024_384.npy,20210323,2021,lidar,0.9118,train
20210323_lidar_tile_1024_512.npy,20210323,2021,lidar,0.9195,train
20210323_lidar_tile_1024_640.npy,20210323,2021,lidar,0.9199,train
20210323_lidar_tile_1024_768.npy,20210323,2021,lidar,0.9477,train
20210323_lidar_tile_1024_896.npy,20210323,2021,lidar,0.9771,train
20210323_lidar_tile_1024_1024.npy,20210323,2021,lidar,0.9775,train
20210323_lidar_tile_1024_1152.npy,20210323,2021,lidar,0.995,train
20210323_lidar_tile_1024_1280.npy,20210323,2021,lidar,0.9699,train
20210323_lidar_tile_1024_1408.npy,20210323,2021,lidar,0.933,train
20210323_lidar_tile_1024_1536.npy,20210323,2021,lidar,0.9193,train
20210323_lidar_tile_1024_1664.npy,20210323,2021,lidar,0.8783,train
20210323_lidar_tile_1024_1792.npy,20210323,2021,lidar,0.8193,train
20210323_lidar_tile_1024_1920.npy,20210323,2021,lidar,0.4913,train
20210323_lidar_tile_1152_512.npy,20210323,2021,lidar,0.5308,train
20210323_lidar_tile_1152_640.npy,20210323,2021,lidar,0.5019,train
20210323_lidar_tile_1152_768.npy,20210323,2021,lidar,0.7092,train
20210323_lidar_tile_1152_896.npy,20210323,2021,lidar,0.9648,train
20210323_lidar_tile_1152_1024.npy,20210323,2021,lidar,0.9783,train
20210323_lidar_tile_1152_1152.npy,20210323,2021,lidar,0.9963,train
20210323_lidar_tile_1152_1280.npy,20210323,2021,lidar,0.9584,train
20210323_lidar_tile_1152_1408.npy,20210323,2021,lidar,0.942,train
20210323_lidar_tile_1152_1536.npy,20210323,2021,lidar,0.9507,train
20210323_lidar_tile_1152_1664.npy,20210323,2021,lidar,0.9155,train
20210323_lidar_tile_1152_1792.npy,20210323,2021,lidar,0.82,train
20210323_lidar_tile_1152_1920.npy,20210323,2021,lidar,0.4795,train
20210323_lidar_tile_1280_768.npy,20210323,2021,lidar,0.4542,train
20210323_lidar_tile_1280_896.npy,20210323,2021,lidar,0.9284,train
20210323_lidar_tile_1280_1024.npy,20210323,2021,lidar,0.9931,train
20210323_lidar_tile_1280_1152.npy,20210323,2021,lidar,0.9979,train
20210323_lidar_tile_1280_1280.npy,20210323,2021,lidar,0.9796,train
20210323_lidar_tile_1280_1408.npy,20210323,2021,lidar,0.9659,train
20210323_lidar_tile_1280_1536.npy,20210323,2021,lidar,0.9577,train
20210323_lidar_tile_1280_1664.npy,20210323,2021,lidar,0.9429,train
20210323_lidar_tile_1280_1792.npy,20210323,2021,lidar,0.8491,train
20210323_lidar_tile_1280_1920.npy,20210323,2021,lidar,0.4864,train
20210323_lidar_tile_1408_768.npy,20210323,2021,lidar,0.4551,train
20210323_lidar_tile_1408_896.npy,20210323,2021,lidar,0.9251,train
20210323_lidar_tile_1408_1024.npy,20210323,2021,lidar,0.979,train
20210323_lidar_tile_1408_1152.npy,20210323,2021,lidar,0.9784,train
20210323_lidar_tile_1408_1280.npy,20210323,2021,lidar,0.9747,train
20210323_lidar_tile_1408_1408.npy,20210323,2021,lidar,0.9598,train
20210323_lidar_tile_1408_1536.npy,20210323,2021,lidar,0.9651,train
20210323_lidar_tile_1408_1664.npy,20210323,2021,lidar,0.9441,train
20210323_lidar_tile_1408_1792.npy,20210323,2021,lidar,0.8642,train
20210323_lidar_tile_1408_1920.npy,20210323,2021,lidar,0.5751,train
20210323_lidar_tile_1536_768.npy,20210323,2021,lidar,0.306,train
20210323_lidar_tile_1536_896.npy,20210323,2021,lidar,0.7751,train
20210323_lidar_tile_1536_1024.npy,20210323,2021,lidar,0.9756,train
20210323_lidar_tile_1536_1152.npy,20210323,2021,lidar,0.9601,train
20210323_lidar_tile_1536_1280.npy,20210323,2021,lidar,0.9559,train
20210323_lidar_tile_1536_1408.npy,20210323,2021,lidar,0.9634,train
20210323_lidar_tile_1536_1536.npy,20210323,2021,lidar,0.9664,train
20210323_lidar_tile_1536_1664.npy,20210323,2021,lidar,0.9358,train
20210323_lidar_tile_1536_1792.npy,20210323,2021,lidar,0.8739,train
20210323_lidar_tile_1536_1920.npy,20210323,2021,lidar,0.6502,train
20210323_lidar_tile_1664_896.npy,20210323,2021,lidar,0.5702,train
20210323_lidar_tile_1664_1024.npy,20210323,2021,lidar,0.9889,train
20210323_lidar_tile_1664_1152.npy,20210323,2021,lidar,0.9727,train
20210323_lidar_tile_1664_1280.npy,20210323,2021,lidar,0.9659,train
20210323_lidar_tile_1664_1408.npy,20210323,2021,lidar,0.983,train
20210323_lidar_tile_1664_1536.npy,20210323,2021,lidar,0.9789,train
20210323_lidar_tile_1664_1664.npy,20210323,2021,lidar,0.961,train
20210323_lidar_tile_1664_1792.npy,20210323,2021,lidar,0.9289,train
20210323_lidar_tile_1664_1920.npy,20210323,2021,lidar,0.7607,train
20210323_lidar_tile_1792_896.npy,20210323,2021,lidar,0.5468,train
20210323_lidar_tile_1792_1024.npy,20210323,2021,lidar,0.9888,train
20210323_lidar_tile_1792_1152.npy,20210323,2021,lidar,0.9884,train
20210323_lidar_tile_1792_1280.npy,20210323,2021,lidar,0.9847,train
20210323_lidar_tile_1792_1408.npy,20210323,2021,lidar,0.9903,train
20210323_lidar_tile_1792_1536.npy,20210323,2021,lidar,0.9837,train
20210323_lidar_tile_1792_1664.npy,20210323,2021,lidar,0.9709,train
20210323_lidar_tile_1792_1792.npy,20210323,2021,lidar,0.9486,train
20210323_lidar_tile_1792_1920.npy,20210323,2021,lidar,0.6942,train
20210323_lidar_tile_1920_896.npy,20210323,2021,lidar,0.5361,train
20210323_lidar_tile_1920_1024.npy,20210323,2021,lidar,0.9878,train
20210323_lidar_tile_1920_1152.npy,20210323,2021,lidar,0.9926,train
20210323_lidar_tile_1920_1280.npy,20210323,2021,lidar,0.9899,train
20210323_lidar_tile_1920_1408.npy,20210323,2021,lidar,0.991,train
20210323_lidar_tile_1920_1536.npy,20210323,2021,lidar,0.9848,train
20210323_lidar_tile_1920_1664.npy,20210323,2021,lidar,0.9805,train
20210323_lidar_tile_1920_1792.npy,20210323,2021,lidar,0.9743,train
20210323_lidar_tile_1920_1920.npy,20210323,2021,lidar,0.5846,train
20210323_lidar_tile_2048_896.npy,20210323,2021,lidar,0.474,train
20210323_lidar_tile_2048_1024.npy,20210323,2021,lidar,0.9452,train
20210323_lidar_tile_2048_1152.npy,20210323,2021,lidar,0.9935,train
20210323_lidar_tile_2048_1280.npy,20210323,2021,lidar,0.9929,train
20210323_lidar_tile_2048_1408.npy,20210323,2021,lidar,0.9946,train
20210323_lidar_tile_2048_1536.npy,20210323,2021,lidar,0.9969,train
20210323_lidar_tile_2048_1664.npy,20210323,2021,lidar,0.9946,train
20210323_lidar_tile_2048_1792.npy,20210323,2021,lidar,0.8819,train
20210323_lidar_tile_2048_1920.npy,20210323,2021,lidar,0.4306,train
20210323_lidar_tile_2176_1024.npy,20210323,2021,lidar,0.7567,train
20210323_lidar_tile_2176_1152.npy,20210323,2021,lidar,0.974,train
20210323_lidar_tile_2176_1280.npy,20210323,2021,lidar,0.9863,train
20210323_lidar_tile_2176_1408.npy,20210323,2021,lidar,0.9958,train
20210323_lidar_tile_2176_1536.npy,20210323,2021,lidar,0.9978,train
20210323_lidar_tile_2176_1664.npy,20210323,2021,lidar,0.9783,train
20210323_lidar_tile_2176_1792.npy,20210323,2021,lidar,0.6321,train
20210414_lidar_tile_0_128.npy,20210414,2021,lidar,0.3448,train
20210414_lidar_tile_0_256.npy,20210414,2021,lidar,0.7663,train
20210414_lidar_tile_0_384.npy,20210414,2021,lidar,0.8579,train
20210414_lidar_tile_0_512.npy,20210414,2021,lidar,0.7878,train
20210414_lidar_tile_0_640.npy,20210414,2021,lidar,0.6582,train
20210414_lidar_tile_0_768.npy,20210414,2021,lidar,0.5073,train
20210414_lidar_tile_128_128.npy,20210414,2021,lidar,0.6979,train
20210414_lidar_tile_128_256.npy,20210414,2021,lidar,0.9663,train
20210414_lidar_tile_128_384.npy,20210414,2021,lidar,0.9668,train
20210414_lidar_tile_128_512.npy,20210414,2021,lidar,0.9774,train
20210414_lidar_tile_128_640.npy,20210414,2021,lidar,0.9838,train
20210414_lidar_tile_128_768.npy,20210414,2021,lidar,0.9645,train
20210414_lidar_tile_128_896.npy,20210414,2021,lidar,0.7253,train
20210414_lidar_tile_256_0.npy,20210414,2021,lidar,0.4549,train
20210414_lidar_tile_256_128.npy,20210414,2021,lidar,0.9256,train
20210414_lidar_tile_256_256.npy,20210414,2021,lidar,0.9769,train
20210414_lidar_tile_256_384.npy,20210414,2021,lidar,0.9787,train
20210414_lidar_tile_256_512.npy,20210414,2021,lidar,0.9903,train
20210414_lidar_tile_256_640.npy,20210414,2021,lidar,0.9918,train
20210414_lidar_tile_256_768.npy,20210414,2021,lidar,0.9996,train
20210414_lidar_tile_256_896.npy,20210414,2021,lidar,0.9437,train
20210414_lidar_tile_256_1024.npy,20210414,2021,lidar,0.8337,train
20210414_lidar_tile_256_1152.npy,20210414,2021,lidar,0.7837,train
20210414_lidar_tile_256_1280.npy,20210414,2021,lidar,0.7482,train
20210414_lidar_tile_256_1408.npy,20210414,2021,lidar,0.6147,train
20210414_lidar_tile_256_1536.npy,20210414,2021,lidar,0.3201,train
20210414_lidar_tile_384_0.npy,20210414,2021,lidar,0.5781,train
20210414_lidar_tile_384_128.npy,20210414,2021,lidar,0.9814,train
20210414_lidar_tile_384_256.npy,20210414,2021,lidar,0.9917,train
20210414_lidar_tile_384_384.npy,20210414,2021,lidar,0.9977,train
20210414_lidar_tile_384_512.npy,20210414,2021,lidar,0.9963,train
20210414_lidar_tile_384_640.npy,20210414,2021,lidar,0.9977,train
20210414_lidar_tile_384_768.npy,20210414,2021,lidar,0.9992,train
20210414_lidar_tile_384_896.npy,20210414,2021,lidar,0.997,train
20210414_lidar_tile_384_1024.npy,20210414,2021,lidar,0.9969,train
20210414_lidar_tile_384_1152.npy,20210414,2021,lidar,0.9972,train
20210414_lidar_tile_384_1280.npy,20210414,2021,lidar,0.9969,train
20210414_lidar_tile_384_1408.npy,20210414,2021,lidar,0.9587,train
20210414_lidar_tile_384_1536.npy,20210414,2021,lidar,0.6107,train
20210414_lidar_tile_512_0.npy,20210414,2021,lidar,0.6733,train
20210414_lidar_tile_512_128.npy,20210414,2021,lidar,0.9835,train
20210414_lidar_tile_512_256.npy,20210414,2021,lidar,0.9925,train
20210414_lidar_tile_512_384.npy,20210414,2021,lidar,0.9983,train
20210414_lidar_tile_512_512.npy,20210414,2021,lidar,0.9988,train
20210414_lidar_tile_512_640.npy,20210414,2021,lidar,0.9999,train
20210414_lidar_tile_512_768.npy,20210414,2021,lidar,0.9989,train
20210414_lidar_tile_512_896.npy,20210414,2021,lidar,0.9982,train
20210414_lidar_tile_512_1024.npy,20210414,2021,lidar,0.9988,train
20210414_lidar_tile_512_1152.npy,20210414,2021,lidar,0.9974,train
20210414_lidar_tile_512_1280.npy,20210414,2021,lidar,0.9959,train
20210414_lidar_tile_512_1408.npy,20210414,2021,lidar,0.9964,train
20210414_lidar_tile_512_1536.npy,20210414,2021,lidar,0.7574,train
20210414_lidar_tile_640_0.npy,20210414,2021,lidar,0.761,train
20210414_lidar_tile_640_128.npy,20210414,2021,lidar,0.9827,train
20210414_lidar_tile_640_256.npy,20210414,2021,lidar,0.9877,train
20210414_lidar_tile_640_384.npy,20210414,2021,lidar,0.9946,train
20210414_lidar_tile_640_512.npy,20210414,2021,lidar,0.9976,train
20210414_lidar_tile_640_640.npy,20210414,2021,lidar,0.9995,train
20210414_lidar_tile_640_768.npy,20210414,2021,lidar,0.9991,train
20210414_lidar_tile_640_896.npy,20210414,2021,lidar,0.9985,train
20210414_lidar_tile_640_1024.npy,20210414,2021,lidar,0.998,train
20210414_lidar_tile_640_1152.npy,20210414,2021,lidar,0.9967,train
20210414_lidar_tile_640_1280.npy,20210414,2021,lidar,0.9959,train
20210414_lidar_tile_640_1408.npy,20210414,2021,lidar,0.9941,train
20210414_lidar_tile_640_1536.npy,20210414,2021,lidar,0.9064,train
20210414_lidar_tile_768_0.npy,20210414,2021,lidar,0.8322,train
20210414_lidar_tile_768_128.npy,20210414,2021,lidar,0.9778,train
20210414_lidar_tile_768_256.npy,20210414,2021,lidar,0.9765,train
20210414_lidar_tile_768_384.npy,20210414,2021,lidar,0.9917,train
20210414_lidar_tile_768_512.npy,20210414,2021,lidar,0.9952,train
20210414_lidar_tile_768_640.npy,20210414,2021,lidar,0.9968,train
20210414_lidar_tile_768_768.npy,20210414,2021,lidar,0.9965,train
20210414_lidar_tile_768_896.npy,20210414,2021,lidar,0.9963,train
20210414_lidar_tile_768_1024.npy,20210414,2021,lidar,0.9974,train
20210414_lidar_tile_768_1152.npy,20210414,2021,lidar,0.998,train
20210414_lidar_tile_768_1280.npy,20210414,2021,lidar,0.996,train
20210414_lidar_tile_768_1408.npy,20210414,2021,lidar,0.9895,train
20210414_lidar_tile_768_1536.npy,20210414,2021,lidar,0.9605,train
20210414_lidar_tile_768_1664.npy,20210414,2021,lidar,0.797,train
20210414_lidar_tile_768_1792.npy,20210414,2021,lidar,0.4094,train
20210414_lidar_tile_896_0.npy,20210414,2021,lidar,0.6525,train
20210414_lidar_tile_896_128.npy,20210414,2021,lidar,0.9438,train
20210414_lidar_tile_896_256.npy,20210414,2021,lidar,0.9799,train
20210414_lidar_tile_896_384.npy,20210414,2021,lidar,0.9956,train
20210414_lidar_tile_896_512.npy,20210414,2021,lidar,0.996,train
20210414_lidar_tile_896_640.npy,20210414,2021,lidar,0.9961,train
20210414_lidar_tile_896_768.npy,20210414,2021,lidar,0.9965,train
20210414_lidar_tile_896_896.npy,20210414,2021,lidar,0.9918,train
20210414_lidar_tile_896_1024.npy,20210414,2021,lidar,0.9937,train
20210414_lidar_tile_896_1152.npy,20210414,2021,lidar,0.9976,train
20210414_lidar_tile_896_1280.npy,20210414,2021,lidar,0.99,train
20210414_lidar_tile_896_1408.npy,20210414,2021,lidar,0.985,train
20210414_lidar_tile_896_1536.npy,20210414,2021,lidar,0.9514,train
20210414_lidar_tile_896_1664.npy,20210414,2021,lidar,0.8858,train
20210414_lidar_tile_896_1792.npy,20210414,2021,lidar,0.6958,train
20210414_lidar_tile_1024_128.npy,20210414,2021,lidar,0.6279,train
20210414_lidar_tile_1024_256.npy,20210414,2021,lidar,0.8587,train
20210414_lidar_tile_1024_384.npy,20210414,2021,lidar,0.9577,train
20210414_lidar_tile_1024_512.npy,20210414,2021,lidar,0.9868,train
20210414_lidar_tile_1024_640.npy,20210414,2021,lidar,0.9554,train
20210414_lidar_tile_1024_768.npy,20210414,2021,lidar,0.9572,train
20210414_lidar_tile_1024_896.npy,20210414,2021,lidar,0.9946,train
20210414_lidar_tile_1024_1024.npy,20210414,2021,lidar,0.9941,train
20210414_lidar_tile_1024_1152.npy,20210414,2021,lidar,0.9937,train
20210414_lidar_tile_1024_1280.npy,20210414,2021,lidar,0.9739,train
20210414_lidar_tile_1024_1408.npy,20210414,2021,lidar,0.9615,train
20210414_lidar_tile_1024_1536.npy,20210414,2021,lidar,0.9402,train
20210414_lidar_tile_1024_1664.npy,20210414,2021,lidar,0.8746,train
20210414_lidar_tile_1024_1792.npy,20210414,2021,lidar,0.7968,train
20210414_lidar_tile_1024_1920.npy,20210414,2021,lidar,0.4361,train
20210414_lidar_tile_1152_512.npy,20210414,2021,lidar,0.5405,train
20210414_lidar_tile_1152_640.npy,20210414,2021,lidar,0.5079,train
20210414_lidar_tile_1152_768.npy,20210414,2021,lidar,0.712,train
20210414_lidar_tile_1152_896.npy,20210414,2021,lidar,0.9853,train
20210414_lidar_tile_1152_1024.npy,20210414,2021,lidar,0.9935,train
20210414_lidar_tile_1152_1152.npy,20210414,2021,lidar,0.9825,train
20210414_lidar_tile_1152_1280.npy,20210414,2021,lidar,0.9674,train
20210414_lidar_tile_1152_1408.npy,20210414,2021,lidar,0.9464,train
20210414_lidar_tile_1152_1536.npy,20210414,2021,lidar,0.8916,train
20210414_lidar_tile_1152_1664.npy,20210414,2021,lidar,0.838,train
20210414_lidar_tile_1152_1792.npy,20210414,2021,lidar,0.7653,train
20210414_lidar_tile_1152_1920.npy,20210414,2021,lidar,0.4122,train
20210414_lidar_tile_1280_768.npy,20210414,2021,lidar,0.4477,train
20210414_lidar_tile_1280_896.npy,20210414,2021,lidar,0.9245,train
20210414_lidar_tile_1280_1024.npy,20210414,2021,lidar,0.9837,train
20210414_lidar_tile_1280_1152.npy,20210414,2021,lidar,0.9582,train
20210414_lidar_tile_1280_1280.npy,20210414,2021,lidar,0.9376,train
20210414_lidar_tile_1280_1408.npy,20210414,2021,lidar,0.9257,train
20210414_lidar_tile_1280_1536.npy,20210414,2021,lidar,0.855,train
20210414_lidar_tile_1280_1664.npy,20210414,2021,lidar,0.8242,train
20210414_lidar_tile_1280_1792.npy,20210414,2021,lidar,0.7709,train
20210414_lidar_tile_1280_1920.npy,20210414,2021,lidar,0.4348,train
20210414_lidar_tile_1408_768.npy,20210414,2021,lidar,0.4468,train
20210414_lidar_tile_1408_896.npy,20210414,2021,lidar,0.9155,train
20210414_lidar_tile_1408_1024.npy,20210414,2021,lidar,0.9832,train
20210414_lidar_tile_1408_1152.npy,20210414,2021,lidar,0.9607,train
20210414_lidar_tile_1408_1280.npy,20210414,2021,lidar,0.9212,train
20210414_lidar_tile_1408_1408.npy,20210414,2021,lidar,0.9198,train
20210414_lidar_tile_1408_1536.npy,20210414,2021,lidar,0.8754,train
20210414_lidar_tile_1408_1664.npy,20210414,2021,lidar,0.8356,train
20210414_lidar_tile_1408_1792.npy,20210414,2021,lidar,0.8092,train
20210414_lidar_tile_1408_1920.npy,20210414,2021,lidar,0.4994,train
20210414_lidar_tile_1536_768.npy,20210414,2021,lidar,0.3022,train
20210414_lidar_tile_1536_896.npy,20210414,2021,lidar,0.7706,train
20210414_lidar_tile_1536_1024.npy,20210414,2021,lidar,0.9848,train
20210414_lidar_tile_1536_1152.npy,20210414,2021,lidar,0.9774,train
20210414_lidar_tile_1536_1280.npy,20210414,2021,lidar,0.9495,train
20210414_lidar_tile_1536_1408.npy,20210414,2021,lidar,0.9525,train
20210414_lidar_tile_1536_1536.npy,20210414,2021,lidar,0.9421,train
20210414_lidar_tile_1536_1664.npy,20210414,2021,lidar,0.9026,train
20210414_lidar_tile_1536_1792.npy,20210414,2021,lidar,0.8686,train
20210414_lidar_tile_1536_1920.npy,20210414,2021,lidar,0.5862,train
20210414_lidar_tile_1664_896.npy,20210414,2021,lidar,0.5612,train
20210414_lidar_tile_1664_1024.npy,20210414,2021,lidar,0.98,train
20210414_lidar_tile_1664_1152.npy,20210414,2021,lidar,0.9779,train
20210414_lidar_tile_1664_1280.npy,20210414,2021,lidar,0.9669,train
20210414_lidar_tile_1664_1408.npy,20210414,2021,lidar,0.9741,train
20210414_lidar_tile_1664_1536.npy,20210414,2021,lidar,0.9799,train
20210414_lidar_tile_1664_1664.npy,20210414,2021,lidar,0.9494,train
20210414_lidar_tile_1664_1792.npy,20210414,2021,lidar,0.8662,train
20210414_lidar_tile_1664_1920.npy,20210414,2021,lidar,0.6487,train
20210414_lidar_tile_1792_896.npy,20210414,2021,lidar,0.5333,train
20210414_lidar_tile_1792_1024.npy,20210414,2021,lidar,0.9778,train
20210414_lidar_tile_1792_1152.npy,20210414,2021,lidar,0.9834,train
20210414_lidar_tile_1792_1280.npy,20210414,2021,lidar,0.97,train
20210414_lidar_tile_1792_1408.npy,20210414,2021,lidar,0.9713,train
20210414_lidar_tile_1792_1536.npy,20210414,2021,lidar,0.9716,train
20210414_lidar_tile_1792_1664.npy,20210414,2021,lidar,0.9229,train
20210414_lidar_tile_1792_1792.npy,20210414,2021,lidar,0.8553,train
20210414_lidar_tile_1792_1920.npy,20210414,2021,lidar,0.5969,train
20210414_lidar_tile_1920_896.npy,20210414,2021,lidar,0.5254,train
20210414_lidar_tile_1920_1024.npy,20210414,2021,lidar,0.976,train
20210414_lidar_tile_1920_1152.npy,20210414,2021,lidar,0.9771,train
20210414_lidar_tile_1920_1280.npy,20210414,2021,lidar,0.9585,train
20210414_lidar_tile_1920_1408.npy,20210414,2021,lidar,0.9411,train
20210414_lidar_tile_1920_1536.npy,20210414,2021,lidar,0.949,train
20210414_lidar_tile_1920_1664.npy,20210414,2021,lidar,0.9496,train
20210414_lidar_tile_1920_1792.npy,20210414,2021,lidar,0.9477,train
20210414_lidar_tile_1920_1920.npy,20210414,2021,lidar,0.5778,train
20210414_lidar_tile_2048_896.npy,20210414,2021,lidar,0.4678,train
20210414_lidar_tile_2048_1024.npy,20210414,2021,lidar,0.9367,train
20210414_lidar_tile_2048_1152.npy,20210414,2021,lidar,0.9784,train
20210414_lidar_tile_2048_1280.npy,20210414,2021,lidar,0.9691,train
20210414_lidar_tile_2048_1408.npy,20210414,2021,lidar,0.9561,train
20210414_lidar_tile_2048_1536.npy,20210414,2021,lidar,0.9439,train
20210414_lidar_tile_2048_1664.npy,20210414,2021,lidar,0.9574,train
20210414_lidar_tile_2048_1792.npy,20210414,2021,lidar,0.8784,train
20210414_lidar_tile_2048_1920.npy,20210414,2021,lidar,0.4404,train
20210414_lidar_tile_2176_1024.npy,20210414,2021,lidar,0.7538,train
20210414_lidar_tile_2176_1152.npy,20210414,2021,lidar,0.974,train
20210414_lidar_tile_2176_1280.npy,20210414,2021,lidar,0.9836,train
20210414_lidar_tile_2176_1408.npy,20210414,2021,lidar,0.9906,train
20210414_lidar_tile_2176_1536.npy,20210414,2021,lidar,0.9719,train
20210414_lidar_tile_2176_1664.npy,20210414,2021,lidar,0.9512,train
20210414_lidar_tile_2176_1792.npy,20210414,2021,lidar,0.6319,train
20211216_lidar_tile_128_256.npy,20211216,2021,lidar,0.9163,train
20211216_lidar_tile_128_384.npy,20211216,2021,lidar,0.9807,train
20211216_lidar_tile_128_512.npy,20211216,2021,lidar,0.9875,train
20211216_lidar_tile_128_640.npy,20211216,2021,lidar,0.9945,train
20211216_lidar_tile_128_768.npy,20211216,2021,lidar,0.998,train
20211216_lidar_tile_128_896.npy,20211216,2021,lidar,0.9446,train
20211216_lidar_tile_256_256.npy,20211216,2021,lidar,0.991,train
20211216_lidar_tile_256_384.npy,20211216,2021,lidar,0.9922,train
20211216_lidar_tile_256_512.npy,20211216,2021,lidar,0.9938,train
20211216_lidar_tile_256_640.npy,20211216,2021,lidar,0.9956,train
20211216_lidar_tile_256_768.npy,20211216,2021,lidar,0.9999,train
20211216_lidar_tile_256_896.npy,20211216,2021,lidar,0.9958,train
20211216_lidar_tile_256_1024.npy,20211216,2021,lidar,0.9939,train
20211216_lidar_tile_256_1152.npy,20211216,2021,lidar,0.9852,train
20211216_lidar_tile_384_128.npy,20211216,2021,lidar,0.9499,train
20211216_lidar_tile_384_256.npy,20211216,2021,lidar,0.9923,train
20211216_lidar_tile_384_384.npy,20211216,2021,lidar,0.9956,train
20211216_lidar_tile_384_512.npy,20211216,2021,lidar,0.9989,train
20211216_lidar_tile_384_640.npy,20211216,2021,lidar,0.997,train
20211216_lidar_tile_384_768.npy,20211216,2021,lidar,0.9976,train
20211216_lidar_tile_384_896.npy,20211216,2021,lidar,0.9955,train
20211216_lidar_tile_384_1024.npy,20211216,2021,lidar,0.9957,train
20211216_lidar_tile_384_1152.npy,20211216,2021,lidar,0.9987,train
20211216_lidar_tile_384_2304.npy,20211216,2021,lidar,0.9832,train
20211216_lidar_tile_384_2432.npy,20211216,2021,lidar,0.9135,train
20211216_lidar_tile_512_128.npy,20211216,2021,lidar,0.993,train
20211216_lidar_tile_512_256.npy,20211216,2021,lidar,0.9906,train
20211216_lidar_tile_512_384.npy,20211216,2021,lidar,0.9944,train
20211216_lidar_tile_512_512.npy,20211216,2021,lidar,0.999,train
20211216_lidar_tile_512_640.npy,20211216,2021,lidar,0.996,train
20211216_lidar_tile_512_768.npy,20211216,2021,lidar,0.9967,train
20211216_lidar_tile_512_896.npy,20211216,2021,lidar,0.9996,train
20211216_lidar_tile_512_1024.npy,20211216,2021,lidar,0.9995,train
20211216_lidar_tile_512_1152.npy,20211216,2021,lidar,0.9963,train
20211216_lidar_tile_512_1280.npy,20211216,2021,lidar,0.9707,train
20211216_lidar_tile_512_1408.npy,20211216,2021,lidar,0.9677,train
20211216_lidar_tile_512_1536.npy,20211216,2021,lidar,0.9932,train
20211216_lidar_tile_512_1664.npy,20211216,2021,lidar,0.9854,train
20211216_lidar_tile_512_1792.npy,20211216,2021,lidar,0.9522,train
20211216_lidar_tile_512_1920.npy,20211216,2021,lidar,0.9656,train
20211216_lidar_tile_512_2048.npy,20211216,2021,lidar,0.9965,train
20211216_lidar_tile_512_2176.npy,20211216,2021,lidar,0.9882,train
20211216_lidar_tile_512_2304.npy,20211216,2021,lidar,0.9823,train
20211216_lidar_tile_512_2432.npy,20211216,2021,lidar,0.9811,train
20211216_lidar_tile_512_2560.npy,20211216,2021,lidar,0.9843,train
20211216_lidar_tile_512_2688.npy,20211216,2021,lidar,0.9692,train
20211216_lidar_tile_512_2816.npy,20211216,2021,lidar,0.9026,train
20211216_lidar_tile_640_128.npy,20211216,2021,lidar,0.9954,train
20211216_lidar_tile_640_256.npy,20211216,2021,lidar,0.9918,train
20211216_lidar_tile_640_384.npy,20211216,2021,lidar,0.995,train
20211216_lidar_tile_640_512.npy,20211216,2021,lidar,0.9996,train
20211216_lidar_tile_640_640.npy,20211216,2021,lidar,0.9977,train
20211216_lidar_tile_640_768.npy,20211216,2021,lidar,0.9981,train
20211216_lidar_tile_640_896.npy,20211216,2021,lidar,1.0,train
20211216_lidar_tile_640_1024.npy,20211216,2021,lidar,0.9988,train
20211216_lidar_tile_640_1152.npy,20211216,2021,lidar,0.995,train
20211216_lidar_tile_640_1280.npy,20211216,2021,lidar,0.993,train
20211216_lidar_tile_640_1408.npy,20211216,2021,lidar,0.9869,train
20211216_lidar_tile_640_1536.npy,20211216,2021,lidar,0.9898,train
20211216_lidar_tile_640_1664.npy,20211216,2021,lidar,0.9998,train
20211216_lidar_tile_640_1792.npy,20211216,2021,lidar,0.9998,train
20211216_lidar_tile_640_1920.npy,20211216,2021,lidar,0.9974,train
20211216_lidar_tile_640_2048.npy,20211216,2021,lidar,0.986,train
20211216_lidar_tile_640_2176.npy,20211216,2021,lidar,0.979,train
20211216_lidar_tile_640_2304.npy,20211216,2021,lidar,0.9837,train
20211216_lidar_tile_640_2432.npy,20211216,2021,lidar,0.9922,train
20211216_lidar_tile_640_2560.npy,20211216,2021,lidar,0.9989,train
20211216_lidar_tile_640_2688.npy,20211216,2021,lidar,0.8251,train
20211216_lidar_tile_640_2816.npy,20211216,2021,lidar,0.6571,train
20211216_lidar_tile_640_2944.npy,20211216,2021,lidar,0.7808,train
20211216_lidar_tile_768_128.npy,20211216,2021,lidar,0.971,train
20211216_lidar_tile_768_256.npy,20211216,2021,lidar,0.9943,train
20211216_lidar_tile_768_384.npy,20211216,2021,lidar,0.9959,train
20211216_lidar_tile_768_512.npy,20211216,2021,lidar,0.9986,train
20211216_lidar_tile_768_640.npy,20211216,2021,lidar,0.999,train
20211216_lidar_tile_768_768.npy,20211216,2021,lidar,0.9989,train
20211216_lidar_tile_768_896.npy,20211216,2021,lidar,1.0,train
20211216_lidar_tile_768_1024.npy,20211216,2021,lidar,0.9992,train
20211216_lidar_tile_768_1152.npy,20211216,2021,lidar,0.9968,train
20211216_lidar_tile_768_1280.npy,20211216,2021,lidar,0.9949,train
20211216_lidar_tile_768_1408.npy,20211216,2021,lidar,0.9873,train
20211216_lidar_tile_768_1536.npy,20211216,2021,lidar,0.988,train
20211216_lidar_tile_768_1664.npy,20211216,2021,lidar,0.9977,train
20211216_lidar_tile_768_1792.npy,20211216,2021,lidar,0.9994,train
20211216_lidar_tile_768_1920.npy,20211216,2021,lidar,0.9726,train
20211216_lidar_tile_768_2048.npy,20211216,2021,lidar,0.9413,train
20211216_lidar_tile_768_2176.npy,20211216,2021,lidar,0.9666,train
20211216_lidar_tile_768_2304.npy,20211216,2021,lidar,0.9968,train
20211216_lidar_tile_768_2432.npy,20211216,2021,lidar,0.9954,train
20211216_lidar_tile_768_2560.npy,20211216,2021,lidar,0.9805,train
20211216_lidar_tile_768_2688.npy,20211216,2021,lidar,0.6162,train
20211216_lidar_tile_768_2816.npy,20211216,2021,lidar,0.4697,train
20211216_lidar_tile_768_2944.npy,20211216,2021,lidar,0.7233,train
20211216_lidar_tile_768_3072.npy,20211216,2021,lidar,0.8778,train
20211216_lidar_tile_896_128.npy,20211216,2021,lidar,0.8663,train
20211216_lidar_tile_896_256.npy,20211216,2021,lidar,0.9497,train
20211216_lidar_tile_896_384.npy,20211216,2021,lidar,0.9661,train
20211216_lidar_tile_896_512.npy,20211216,2021,lidar,0.9963,train
20211216_lidar_tile_896_640.npy,20211216,2021,lidar,0.998,train
20211216_lidar_tile_896_768.npy,20211216,2021,lidar,0.9995,train
20211216_lidar_tile_896_896.npy,20211216,2021,lidar,0.9996,train
20211216_lidar_tile_896_1024.npy,20211216,2021,lidar,0.9998,train
20211216_lidar_tile_896_1152.npy,20211216,2021,lidar,0.9978,train
20211216_lidar_tile_896_1280.npy,20211216,2021,lidar,0.9958,train
20211216_lidar_tile_896_1408.npy,20211216,2021,lidar,0.9963,train
20211216_lidar_tile_896_1536.npy,20211216,2021,lidar,0.9962,train
20211216_lidar_tile_896_1664.npy,20211216,2021,lidar,0.9969,train
20211216_lidar_tile_896_1792.npy,20211216,2021,lidar,0.996,train
20211216_lidar_tile_896_1920.npy,20211216,2021,lidar,0.9332,train
20211216_lidar_tile_896_2176.npy,20211216,2021,lidar,0.9658,train
20211216_lidar_tile_896_2304.npy,20211216,2021,lidar,0.9976,train
20211216_lidar_tile_896_2432.npy,20211216,2021,lidar,0.987,train
20211216_lidar_tile_896_2560.npy,20211216,2021,lidar,0.879,train
20211216_lidar_tile_896_2688.npy,20211216,2021,lidar,0.6616,train
20211216_lidar_tile_896_2816.npy,20211216,2021,lidar,0.7167,train
20211216_lidar_tile_896_2944.npy,20211216,2021,lidar,0.8669,train
20211216_lidar_tile_896_3072.npy,20211216,2021,lidar,0.9168,train
20211216_lidar_tile_896_3200.npy,20211216,2021,lidar,0.9789,train
20211216_lidar_tile_1024_128.npy,20211216,2021,lidar,0.6539,train
20211216_lidar_tile_1024_256.npy,20211216,2021,lidar,0.7484,train
20211216_lidar_tile_1024_384.npy,20211216,2021,lidar,0.8889,train
20211216_lidar_tile_1024_512.npy,20211216,2021,lidar,0.9693,train
20211216_lidar_tile_1024_640.npy,20211216,2021,lidar,0.9971,train
20211216_lidar_tile_1024_768.npy,20211216,2021,lidar,0.9983,train
20211216_lidar_tile_1024_896.npy,20211216,2021,lidar,0.9984,train
20211216_lidar_tile_1024_1024.npy,20211216,2021,lidar,0.999,train
20211216_lidar_tile_1024_1152.npy,20211216,2021,lidar,0.9983,train
20211216_lidar_tile_1024_1280.npy,20211216,2021,lidar,0.9964,train
20211216_lidar_tile_1024_1408.npy,20211216,2021,lidar,0.9944,train
20211216_lidar_tile_1024_1536.npy,20211216,2021,lidar,0.9968,train
20211216_lidar_tile_1024_1664.npy,20211216,2021,lidar,0.9972,train
20211216_lidar_tile_1024_1792.npy,20211216,2021,lidar,0.9943,train
20211216_lidar_tile_1024_1920.npy,20211216,2021,lidar,0.9569,train
20211216_lidar_tile_1024_2048.npy,20211216,2021,lidar,0.9456,train
20211216_lidar_tile_1024_2176.npy,20211216,2021,lidar,0.9814,train
20211216_lidar_tile_1024_2304.npy,20211216,2021,lidar,0.995,train
20211216_lidar_tile_1024_2432.npy,20211216,2021,lidar,0.976,train
20211216_lidar_tile_1024_2560.npy,20211216,2021,lidar,0.8041,train
20211216_lidar_tile_1024_2688.npy,20211216,2021,lidar,0.7982,train
20211216_lidar_tile_1024_2816.npy,20211216,2021,lidar,0.9587,train
20211216_lidar_tile_1024_2944.npy,20211216,2021,lidar,0.9747,train
20211216_lidar_tile_1024_3072.npy,20211216,2021,lidar,0.9651,train
20211216_lidar_tile_1024_3200.npy,20211216,2021,lidar,0.9492,train
20211216_lidar_tile_1152_256.npy,20211216,2021,lidar,0.7341,train
20211216_lidar_tile_1152_384.npy,20211216,2021,lidar,0.8301,train
20211216_lidar_tile_1152_512.npy,20211216,2021,lidar,0.9124,train
20211216_lidar_tile_1152_640.npy,20211216,2021,lidar,0.9984,train
20211216_lidar_tile_1152_768.npy,20211216,2021,lidar,0.9984,train
20211216_lidar_tile_1152_896.npy,20211216,2021,lidar,0.9984,train
20211216_lidar_tile_1152_1024.npy,20211216,2021,lidar,0.999,train
20211216_lidar_tile_1152_1152.npy,20211216,2021,lidar,0.9928,train
20211216_lidar_tile_1152_1280.npy,20211216,2021,lidar,0.9917,train
20211216_lidar_tile_1152_1408.npy,20211216,2021,lidar,0.9951,train
20211216_lidar_tile_1152_1536.npy,20211216,2021,lidar,0.9968,train
20211216_lidar_tile_1152_1664.npy,20211216,2021,lidar,0.9973,train
20211216_lidar_tile_1152_1792.npy,20211216,2021,lidar,0.9962,train
20211216_lidar_tile_1152_1920.npy,20211216,2021,lidar,0.9725,train
20211216_lidar_tile_1152_2048.npy,20211216,2021,lidar,0.964,train
20211216_lidar_tile_1152_2176.npy,20211216,2021,lidar,0.9758,train
20211216_lidar_tile_1152_2304.npy,20211216,2021,lidar,0.9853,train
20211216_lidar_tile_1152_2432.npy,20211216,2021,lidar,0.9456,train
20211216_lidar_tile_1152_2560.npy,20211216,2021,lidar,0.8591,train
20211216_lidar_tile_1152_2688.npy,20211216,2021,lidar,0.9131,train
20211216_lidar_tile_1152_2816.npy,20211216,2021,lidar,0.9975,train
20211216_lidar_tile_1152_2944.npy,20211216,2021,lidar,0.9198,train
20211216_lidar_tile_1152_3072.npy,20211216,2021,lidar,0.8318,train
20211216_lidar_tile_1280_384.npy,20211216,2021,lidar,0.8306,train
20211216_lidar_tile_1280_512.npy,20211216,2021,lidar,0.9165,train
20211216_lidar_tile_1280_640.npy,20211216,2021,lidar,0.9892,train
20211216_lidar_tile_1280_768.npy,20211216,2021,lidar,0.9843,train
20211216_lidar_tile_1280_896.npy,20211216,2021,lidar,0.9835,train
20211216_lidar_tile_1280_1024.npy,20211216,2021,lidar,0.9956,train
20211216_lidar_tile_1280_1152.npy,20211216,2021,lidar,0.9939,train
20211216_lidar_tile_1280_1280.npy,20211216,2021,lidar,0.9926,train
20211216_lidar_tile_1280_1408.npy,20211216,2021,lidar,0.998,train
20211216_lidar_tile_1280_1536.npy,20211216,2021,lidar,0.9991,train
20211216_lidar_tile_1280_1664.npy,20211216,2021,lidar,0.9991,train
20211216_lidar_tile_1280_1792.npy,20211216,2021,lidar,0.9981,train
20211216_lidar_tile_1280_1920.npy,20211216,2021,lidar,0.9682,train
20211216_lidar_tile_1280_2048.npy,20211216,2021,lidar,0.9594,train
20211216_lidar_tile_1280_2176.npy,20211216,2021,lidar,0.9752,train
20211216_lidar_tile_1280_2304.npy,20211216,2021,lidar,0.9777,train
20211216_lidar_tile_1280_2432.npy,20211216,2021,lidar,0.9297,train
20211216_lidar_tile_1280_2560.npy,20211216,2021,lidar,0.9066,train
20211216_lidar_tile_1280_2688.npy,20211216,2021,lidar,0.9668,train
20211216_lidar_tile_1280_2816.npy,20211216,2021,lidar,0.9322,train
20211216_lidar_tile_1280_2944.npy,20211216,2021,lidar,0.8145,train
20211216_lidar_tile_1280_3072.npy,20211216,2021,lidar,0.7874,train
20211216_lidar_tile_1408_768.npy,20211216,2021,lidar,0.949,train
20211216_lidar_tile_1408_896.npy,20211216,2021,lidar,0.9423,train
20211216_lidar_tile_1408_1024.npy,20211216,2021,lidar,0.9749,train
20211216_lidar_tile_1408_1152.npy,20211216,2021,lidar,0.9985,train
20211216_lidar_tile_1408_1280.npy,20211216,2021,lidar,0.9987,train
20211216_lidar_tile_1408_1408.npy,20211216,2021,lidar,0.9992,train
20211216_lidar_tile_1408_1536.npy,20211216,2021,lidar,0.9835,train
20211216_lidar_tile_1408_1664.npy,20211216,2021,lidar,0.9837,train
20211216_lidar_tile_1408_1792.npy,20211216,2021,lidar,1.0,train
20211216_lidar_tile_1408_1920.npy,20211216,2021,lidar,0.994,train
20211216_lidar_tile_1408_2048.npy,20211216,2021,lidar,0.9881,train
20211216_lidar_tile_1408_2176.npy,20211216,2021,lidar,0.9894,train
20211216_lidar_tile_1408_2304.npy,20211216,2021,lidar,0.9697,train
20211216_lidar_tile_1408_2432.npy,20211216,2021,lidar,0.9462,train
20211216_lidar_tile_1408_2560.npy,20211216,2021,lidar,0.9395,train
20211216_lidar_tile_1408_2688.npy,20211216,2021,lidar,0.9179,train
20211216_lidar_tile_1408_2816.npy,20211216,2021,lidar,0.8691,train
20211216_lidar_tile_1408_2944.npy,20211216,2021,lidar,0.8709,train
20211216_lidar_tile_1408_3072.npy,20211216,2021,lidar,0.83,train
20211216_lidar_tile_1536_768.npy,20211216,2021,lidar,0.923,train
20211216_lidar_tile_1536_896.npy,20211216,2021,lidar,0.9558,train
20211216_lidar_tile_1536_1024.npy,20211216,2021,lidar,0.9792,train
20211216_lidar_tile_1536_1152.npy,20211216,2021,lidar,0.9981,train
20211216_lidar_tile_1536_1280.npy,20211216,2021,lidar,0.9984,train
20211216_lidar_tile_1536_1408.npy,20211216,2021,lidar,0.9991,train
20211216_lidar_tile_1536_1536.npy,20211216,2021,lidar,0.9802,train
20211216_lidar_tile_1536_1664.npy,20211216,2021,lidar,0.9805,train
20211216_lidar_tile_1536_1792.npy,20211216,2021,lidar,0.9991,train
20211216_lidar_tile_1536_1920.npy,20211216,2021,lidar,0.9989,train
20211216_lidar_tile_1536_2048.npy,20211216,2021,lidar,0.9966,train
20211216_lidar_tile_1536_2176.npy,20211216,2021,lidar,0.9749,train
20211216_lidar_tile_1536_2304.npy,20211216,2021,lidar,0.9526,train
20211216_lidar_tile_1536_2432.npy,20211216,2021,lidar,0.9571,train
20211216_lidar_tile_1536_2560.npy,20211216,2021,lidar,0.9467,train
20211216_lidar_tile_1536_2688.npy,20211216,2021,lidar,0.8939,train
20211216_lidar_tile_1536_2816.npy,20211216,2021,lidar,0.9106,train
20211216_lidar_tile_1536_2944.npy,20211216,2021,lidar,0.9788,train
20211216_lidar_tile_1536_3072.npy,20211216,2021,lidar,0.705,train
20211216_lidar_tile_1664_768.npy,20211216,2021,lidar,0.9523,train
20211216_lidar_tile_1664_896.npy,20211216,2021,lidar,0.9954,train
20211216_lidar_tile_1664_1024.npy,20211216,2021,lidar,0.9999,train
20211216_lidar_tile_1664_1152.npy,20211216,2021,lidar,0.9992,train
20211216_lidar_tile_1664_1280.npy,20211216,2021,lidar,0.9992,train
20211216_lidar_tile_1664_1408.npy,20211216,2021,lidar,0.9945,train
20211216_lidar_tile_1664_1536.npy,20211216,2021,lidar,0.9894,train
20211216_lidar_tile_1664_1664.npy,20211216,2021,lidar,0.991,train
20211216_lidar_tile_1664_1792.npy,20211216,2021,lidar,0.9955,train
20211216_lidar_tile_1664_1920.npy,20211216,2021,lidar,0.9957,train
20211216_lidar_tile_1664_2048.npy,20211216,2021,lidar,0.9829,train
20211216_lidar_tile_1664_2176.npy,20211216,2021,lidar,0.9638,train
20211216_lidar_tile_1664_2304.npy,20211216,2021,lidar,0.97,train
20211216_lidar_tile_1664_2432.npy,20211216,2021,lidar,0.9744,train
20211216_lidar_tile_1664_2560.npy,20211216,2021,lidar,0.9231,train
20211216_lidar_tile_1664_2688.npy,20211216,2021,lidar,0.9097,train
20211216_lidar_tile_1664_2816.npy,20211216,2021,lidar,0.9656,train
20211216_lidar_tile_1664_2944.npy,20211216,2021,lidar,0.9123,train
20211216_lidar_tile_1792_768.npy,20211216,2021,lidar,0.973,train
20211216_lidar_tile_1792_896.npy,20211216,2021,lidar,0.9969,train
20211216_lidar_tile_1792_1024.npy,20211216,2021,lidar,0.9999,train
20211216_lidar_tile_1792_1152.npy,20211216,2021,lidar,0.9997,train
20211216_lidar_tile_1792_1280.npy,20211216,2021,lidar,0.9997,train
20211216_lidar_tile_1792_1408.npy,20211216,2021,lidar,0.9907,train
20211216_lidar_tile_1792_1536.npy,20211216,2021,lidar,0.9784,train
20211216_lidar_tile_1792_1664.npy,20211216,2021,lidar,0.9757,train
20211216_lidar_tile_1792_1792.npy,20211216,2021,lidar,0.9841,train
20211216_lidar_tile_1792_1920.npy,20211216,2021,lidar,0.9919,train
20211216_lidar_tile_1792_2048.npy,20211216,2021,lidar,0.9722,train
20211216_lidar_tile_1792_2176.npy,20211216,2021,lidar,0.9715,train
20211216_lidar_tile_1792_2304.npy,20211216,2021,lidar,0.9914,train
20211216_lidar_tile_1792_2432.npy,20211216,2021,lidar,0.9904,train
20211216_lidar_tile_1792_2560.npy,20211216,2021,lidar,0.9477,train
20211216_lidar_tile_1792_2688.npy,20211216,2021,lidar,0.832,train
20211216_lidar_tile_1792_2816.npy,20211216,2021,lidar,0.8382,train
20211216_lidar_tile_1792_2944.npy,20211216,2021,lidar,0.6293,train
20211216_lidar_tile_1920_768.npy,20211216,2021,lidar,0.9405,train
20211216_lidar_tile_1920_896.npy,20211216,2021,lidar,0.9949,train
20211216_lidar_tile_1920_1024.npy,20211216,2021,lidar,0.9985,train
20211216_lidar_tile_1920_1152.npy,20211216,2021,lidar,0.9957,train
20211216_lidar_tile_1920_1280.npy,20211216,2021,lidar,0.9969,train
20211216_lidar_tile_1920_1408.npy,20211216,2021,lidar,0.9923,train
20211216_lidar_tile_1920_1536.npy,20211216,2021,lidar,0.9655,train
20211216_lidar_tile_1920_1664.npy,20211216,2021,lidar,0.9447,train
20211216_lidar_tile_1920_1792.npy,20211216,2021,lidar,0.9618,train
20211216_lidar_tile_1920_1920.npy,20211216,2021,lidar,0.9873,train
20211216_lidar_tile_1920_2048.npy,20211216,2021,lidar,0.9697,train
20211216_lidar_tile_1920_2176.npy,20211216,2021,lidar,0.9644,train
20211216_lidar_tile_1920_2304.npy,20211216,2021,lidar,0.9879,train
20211216_lidar_tile_1920_2432.npy,20211216,2021,lidar,0.9836,train
20211216_lidar_tile_1920_2560.npy,20211216,2021,lidar,0.9642,train
20211216_lidar_tile_1920_2688.npy,20211216,2021,lidar,0.6832,train
20211216_lidar_tile_1920_2816.npy,20211216,2021,lidar,0.4764,train
20211216_lidar_tile_2048_768.npy,20211216,2021,lidar,0.8265,train
20211216_lidar_tile_2048_896.npy,20211216,2021,lidar,0.9811,train
20211216_lidar_tile_2048_1024.npy,20211216,2021,lidar,0.9829,train
20211216_lidar_tile_2048_1152.npy,20211216,2021,lidar,0.9922,train
20211216_lidar_tile_2048_1280.npy,20211216,2021,lidar,0.9888,train
20211216_lidar_tile_2048_1408.npy,20211216,2021,lidar,0.9836,train
20211216_lidar_tile_2048_1536.npy,20211216,2021,lidar,0.9612,train
20211216_lidar_tile_2048_1664.npy,20211216,2021,lidar,0.9448,train
20211216_lidar_tile_2048_1792.npy,20211216,2021,lidar,0.9636,train
20211216_lidar_tile_2048_1920.npy,20211216,2021,lidar,0.9858,train
20211216_lidar_tile_2048_2048.npy,20211216,2021,lidar,0.9779,train
20211216_lidar_tile_2048_2176.npy,20211216,2021,lidar,0.9748,train
20211216_lidar_tile_2048_2304.npy,20211216,2021,lidar,0.9465,train
20211216_lidar_tile_2048_2432.npy,20211216,2021,lidar,0.8844,train
20211216_lidar_tile_2048_2560.npy,20211216,2021,lidar,0.8101,train
20211216_lidar_tile_2048_2688.npy,20211216,2021,lidar,0.476,train
20211216_lidar_tile_2176_768.npy,20211216,2021,lidar,0.6869,train
20211216_lidar_tile_2176_896.npy,20211216,2021,lidar,0.9706,train
20211216_lidar_tile_2176_1024.npy,20211216,2021,lidar,0.9772,train
20211216_lidar_tile_2176_1152.npy,20211216,2021,lidar,0.9901,train
20211216_lidar_tile_2176_1280.npy,20211216,2021,lidar,0.9765,train
20211216_lidar_tile_2176_1408.npy,20211216,2021,lidar,0.9734,train
20211216_lidar_tile_2176_1536.npy,20211216,2021,lidar,0.9746,train
20211216_lidar_tile_2176_1664.npy,20211216,2021,lidar,0.9731,train
20211216_lidar_tile_2176_1792.npy,20211216,2021,lidar,0.9811,train
20211216_lidar_tile_2176_1920.npy,20211216,2021,lidar,0.9828,train
20211216_lidar_tile_2176_2048.npy,20211216,2021,lidar,0.9888,train
20211216_lidar_tile_2176_2176.npy,20211216,2021,lidar,0.9827,train
20211216_lidar_tile_2176_2304.npy,20211216,2021,lidar,0.8601,train
20211216_lidar_tile_2176_2432.npy,20211216,2021,lidar,0.6847,train
20211216_lidar_tile_2176_2560.npy,20211216,2021,lidar,0.5302,train
20211216_lidar_tile_2304_896.npy,20211216,2021,lidar,0.9725,train
20211216_lidar_tile_2304_1024.npy,20211216,2021,lidar,0.9736,train
20211216_lidar_tile_2304_1152.npy,20211216,2021,lidar,0.9681,train
20211216_lidar_tile_2304_1280.npy,20211216,2021,lidar,0.9738,train
20211216_lidar_tile_2304_1408.npy,20211216,2021,lidar,0.9791,train
20211216_lidar_tile_2304_1536.npy,20211216,2021,lidar,0.9871,train
20211216_lidar_tile_2304_1664.npy,20211216,2021,lidar,0.9882,train
20211216_lidar_tile_2304_1792.npy,20211216,2021,lidar,0.9884,train
20211216_lidar_tile_2304_1920.npy,20211216,2021,lidar,0.9878,train
20211216_lidar_tile_2304_2048.npy,20211216,2021,lidar,0.9903,train
20211216_lidar_tile_2304_2176.npy,20211216,2021,lidar,0.9522,train
20211216_lidar_tile_2304_2304.npy,20211216,2021,lidar,0.8149,train
20211216_lidar_tile_2304_2432.npy,20211216,2021,lidar,0.4839,train
20211216_lidar_tile_2432_768.npy,20211216,2021,lidar,0.4479,train
20211216_lidar_tile_2432_896.npy,20211216,2021,lidar,0.8897,train
20211216_lidar_tile_2432_1024.npy,20211216,2021,lidar,0.9545,train
20211216_lidar_tile_2432_1152.npy,20211216,2021,lidar,0.9637,train
20211216_lidar_tile_2432_1280.npy,20211216,2021,lidar,0.9839,train
20211216_lidar_tile_2432_1408.npy,20211216,2021,lidar,0.985,train
20211216_lidar_tile_2432_1536.npy,20211216,2021,lidar,0.9875,train
20211216_lidar_tile_2432_1664.npy,20211216,2021,lidar,0.9952,train
20211216_lidar_tile_2432_1792.npy,20211216,2021,lidar,0.9962,train
20211216_lidar_tile_2432_1920.npy,20211216,2021,lidar,0.9987,train
20211216_lidar_tile_2432_2048.npy,20211216,2021,lidar,0.9792,train
20211216_lidar_tile_2432_2176.npy,20211216,2021,lidar,0.9349,train
20211216_lidar_tile_2432_2304.npy,20211216,2021,lidar,0.8394,train
20211216_lidar_tile_2432_2432.npy,20211216,2021,lidar,0.3911,train
20211216_lidar_tile_2560_896.npy,20211216,2021,lidar,0.6847,train
20211216_lidar_tile_2560_1024.npy,20211216,2021,lidar,0.9648,train
20211216_lidar_tile_2560_1152.npy,20211216,2021,lidar,0.9803,train
20211216_lidar_tile_2560_1280.npy,20211216,2021,lidar,0.9882,train
20211216_lidar_tile_2560_1408.npy,20211216,2021,lidar,0.9884,train
20211216_lidar_tile_2560_1536.npy,20211216,2021,lidar,0.9903,train
20211216_lidar_tile_2560_1664.npy,20211216,2021,lidar,0.9973,train
20211216_lidar_tile_2560_1792.npy,20211216,2021,lidar,0.9975,train
20211216_lidar_tile_2560_1920.npy,20211216,2021,lidar,0.9856,train
20211216_lidar_tile_2560_2048.npy,20211216,2021,lidar,0.9541,train
20211216_lidar_tile_2560_2176.npy,20211216,2021,lidar,0.9397,train
20211216_lidar_tile_2560_2304.npy,20211216,2021,lidar,0.8649,train
20211216_lidar_tile_2560_2432.npy,20211216,2021,lidar,0.3916,train
20211216_lidar_tile_2688_896.npy,20211216,2021,lidar,0.448,train
20211216_lidar_tile_2688_1024.npy,20211216,2021,lidar,0.9012,train
20211216_lidar_tile_2688_1152.npy,20211216,2021,lidar,0.9795,train
20211216_lidar_tile_2688_1280.npy,20211216,2021,lidar,0.9734,train
20211216_lidar_tile_2688_1408.npy,20211216,2021,lidar,0.9619,train
20211216_lidar_tile_2688_1536.npy,20211216,2021,lidar,0.9731,train
20211216_lidar_tile_2688_1664.npy,20211216,2021,lidar,0.9893,train
20211216_lidar_tile_2688_1792.npy,20211216,2021,lidar,0.9849,train
20211216_lidar_tile_2688_1920.npy,20211216,2021,lidar,0.9733,train
20211216_lidar_tile_2688_2048.npy,20211216,2021,lidar,0.9605,train
20211216_lidar_tile_2688_2176.npy,20211216,2021,lidar,0.9633,train
20211216_lidar_tile_2688_2304.npy,20211216,2021,lidar,0.8029,train
20211216_lidar_tile_2816_1024.npy,20211216,2021,lidar,0.6131,train
20211216_lidar_tile_2816_1152.npy,20211216,2021,lidar,0.9314,train
20211216_lidar_tile_2816_1280.npy,20211216,2021,lidar,0.9648,train
20211216_lidar_tile_2816_1408.npy,20211216,2021,lidar,0.9514,train
20211216_lidar_tile_2816_1536.npy,20211216,2021,lidar,0.967,train
20211216_lidar_tile_2816_1664.npy,20211216,2021,lidar,0.9828,train
20211216_lidar_tile_2816_1792.npy,20211216,2021,lidar,0.9707,train
20211216_lidar_tile_2816_1920.npy,20211216,2021,lidar,0.9548,train
20211216_lidar_tile_2944_1152.npy,20211216,2021,lidar,0.6453,train
20211216_lidar_tile_2944_1280.npy,20211216,2021,lidar,0.8992,train
20211216_lidar_tile_2944_1408.npy,20211216,2021,lidar,0.9323,train
20211216_lidar_tile_2944_1536.npy,20211216,2021,lidar,0.913,train
20220112_lidar_tile_128_256.npy,20220112,2022,lidar,0.5327,test
20220112_lidar_tile_128_384.npy,20220112,2022,lidar,0.8613,test
20220112_lidar_tile_128_512.npy,20220112,2022,lidar,0.8713,test
20220112_lidar_tile_128_640.npy,20220112,2022,lidar,0.9271,test
20220112_lidar_tile_128_768.npy,20220112,2022,lidar,0.9761,test
20220112_lidar_tile_128_896.npy,20220112,2022,lidar,0.8807,test
20220112_lidar_tile_256_256.npy,20220112,2022,lidar,0.8038,test
20220112_lidar_tile_256_384.npy,20220112,2022,lidar,0.9267,test
20220112_lidar_tile_256_512.npy,20220112,2022,lidar,0.8784,test
20220112_lidar_tile_256_640.npy,20220112,2022,lidar,0.9078,test
20220112_lidar_tile_256_768.npy,20220112,2022,lidar,0.966,test
20220112_lidar_tile_256_896.npy,20220112,2022,lidar,0.7615,test
20220112_lidar_tile_256_1024.npy,20220112,2022,lidar,0.6115,test
20220112_lidar_tile_256_1152.npy,20220112,2022,lidar,0.4592,test
20220112_lidar_tile_384_128.npy,20220112,2022,lidar,0.7876,test
20220112_lidar_tile_384_256.npy,20220112,2022,lidar,0.9589,test
20220112_lidar_tile_384_384.npy,20220112,2022,lidar,0.9718,test
20220112_lidar_tile_384_512.npy,20220112,2022,lidar,0.9715,test
20220112_lidar_tile_384_640.npy,20220112,2022,lidar,0.971,test
20220112_lidar_tile_384_768.npy,20220112,2022,lidar,0.976,test
20220112_lidar_tile_384_896.npy,20220112,2022,lidar,0.7164,test
20220112_lidar_tile_384_1024.npy,20220112,2022,lidar,0.3594,test
20220112_lidar_tile_384_1152.npy,20220112,2022,lidar,0.4095,test
20220112_lidar_tile_384_2304.npy,20220112,2022,lidar,0.8793,test
20220112_lidar_tile_512_128.npy,20220112,2022,lidar,0.9451,test
20220112_lidar_tile_512_256.npy,20220112,2022,lidar,0.9835,test
20220112_lidar_tile_512_384.npy,20220112,2022,lidar,0.9874,test
20220112_lidar_tile_512_512.npy,20220112,2022,lidar,0.9922,test
20220112_lidar_tile_512_640.npy,20220112,2022,lidar,0.9908,test
20220112_lidar_tile_512_768.npy,20220112,2022,lidar,0.9939,test
20220112_lidar_tile_512_896.npy,20220112,2022,lidar,0.906,test
20220112_lidar_tile_512_1024.npy,20220112,2022,lidar,0.6356,test
20220112_lidar_tile_512_1152.npy,20220112,2022,lidar,0.6079,test
20220112_lidar_tile_512_1280.npy,20220112,2022,lidar,0.7507,test
20220112_lidar_tile_512_1408.npy,20220112,2022,lidar,0.7646,test
20220112_lidar_tile_512_1536.npy,20220112,2022,lidar,0.8132,test
20220112_lidar_tile_512_1664.npy,20220112,2022,lidar,0.8592,test
20220112_lidar_tile_512_1792.npy,20220112,2022,lidar,0.8837,test
20220112_lidar_tile_512_1920.npy,20220112,2022,lidar,0.9405,test
20220112_lidar_tile_512_2048.npy,20220112,2022,lidar,0.9963,test
20220112_lidar_tile_512_2176.npy,20220112,2022,lidar,0.9956,test
20220112_lidar_tile_512_2304.npy,20220112,2022,lidar,0.9903,test
20220112_lidar_tile_512_2432.npy,20220112,2022,lidar,0.9836,test
20220112_lidar_tile_512_2560.npy,20220112,2022,lidar,0.9879,test
20220112_lidar_tile_512_2688.npy,20220112,2022,lidar,0.9662,test
20220112_lidar_tile_512_2816.npy,20220112,2022,lidar,0.9103,test
20220112_lidar_tile_640_128.npy,20220112,2022,lidar,0.9518,test
20220112_lidar_tile_640_256.npy,20220112,2022,lidar,0.9879,test
20220112_lidar_tile_640_384.npy,20220112,2022,lidar,0.9903,test
20220112_lidar_tile_640_512.npy,20220112,2022,lidar,0.994,test
20220112_lidar_tile_640_640.npy,20220112,2022,lidar,0.9937,test
20220112_lidar_tile_640_768.npy,20220112,2022,lidar,0.9958,test
20220112_lidar_tile_640_896.npy,20220112,2022,lidar,0.9983,test
20220112_lidar_tile_640_1024.npy,20220112,2022,lidar,0.9437,test
20220112_lidar_tile_640_1152.npy,20220112,2022,lidar,0.8673,test
20220112_lidar_tile_640_1280.npy,20220112,2022,lidar,0.8927,test
20220112_lidar_tile_640_1408.npy,20220112,2022,lidar,0.9279,test
20220112_lidar_tile_640_1536.npy,20220112,2022,lidar,0.886,test
20220112_lidar_tile_640_1664.npy,20220112,2022,lidar,0.92,test
20220112_lidar_tile_640_1792.npy,20220112,2022,lidar,0.9914,test
20220112_lidar_tile_640_1920.npy,20220112,2022,lidar,0.996,test
20220112_lidar_tile_640_2048.npy,20220112,2022,lidar,0.989,test
20220112_lidar_tile_640_2176.npy,20220112,2022,lidar,0.9892,test
20220112_lidar_tile_640_2304.npy,20220112,2022,lidar,0.9931,test
20220112_lidar_tile_640_2432.npy,20220112,2022,lidar,0.9679,test
20220112_lidar_tile_640_2560.npy,20220112,2022,lidar,0.9657,test
20220112_lidar_tile_640_2688.npy,20220112,2022,lidar,0.9717,test
20220112_lidar_tile_640_2816.npy,20220112,2022,lidar,0.9474,test
20220112_lidar_tile_640_2944.npy,20220112,2022,lidar,0.9437,test
20220112_lidar_tile_768_128.npy,20220112,2022,lidar,0.9825,test
20220112_lidar_tile_768_256.npy,20220112,2022,lidar,0.991,test
20220112_lidar_tile_768_384.npy,20220112,2022,lidar,0.9923,test
20220112_lidar_tile_768_512.npy,20220112,2022,lidar,0.9965,test
20220112_lidar_tile_768_640.npy,20220112,2022,lidar,0.9985,test
20220112_lidar_tile_768_768.npy,20220112,2022,lidar,0.9986,test
20220112_lidar_tile_768_896.npy,20220112,2022,lidar,0.9997,test
20220112_lidar_tile_768_1024.npy,20220112,2022,lidar,0.9892,test
20220112_lidar_tile_768_1152.npy,20220112,2022,lidar,0.9604,test
20220112_lidar_tile_768_1280.npy,20220112,2022,lidar,0.9451,test
20220112_lidar_tile_768_1408.npy,20220112,2022,lidar,0.963,test
20220112_lidar_tile_768_1536.npy,20220112,2022,lidar,0.9793,test
20220112_lidar_tile_768_1664.npy,20220112,2022,lidar,0.9871,test
20220112_lidar_tile_768_1792.npy,20220112,2022,lidar,0.9951,test
20220112_lidar_tile_768_1920.npy,20220112,2022,lidar,0.9665,test
20220112_lidar_tile_768_2048.npy,20220112,2022,lidar,0.9401,test
20220112_lidar_tile_768_2176.npy,20220112,2022,lidar,0.9635,test
20220112_lidar_tile_768_2304.npy,20220112,2022,lidar,0.9778,test
20220112_lidar_tile_768_2432.npy,20220112,2022,lidar,0.9554,test
20220112_lidar_tile_768_2560.npy,20220112,2022,lidar,0.9629,test
20220112_lidar_tile_768_2688.npy,20220112,2022,lidar,0.9581,test
20220112_lidar_tile_768_2816.npy,20220112,2022,lidar,0.9511,test
20220112_lidar_tile_768_2944.npy,20220112,2022,lidar,0.9552,test
20220112_lidar_tile_768_3072.npy,20220112,2022,lidar,0.937,test
20220112_lidar_tile_896_128.npy,20220112,2022,lidar,0.9645,test
20220112_lidar_tile_896_256.npy,20220112,2022,lidar,0.9849,test
20220112_lidar_tile_896_384.npy,20220112,2022,lidar,0.9932,test
20220112_lidar_tile_896_512.npy,20220112,2022,lidar,0.9945,test
20220112_lidar_tile_896_640.npy,20220112,2022,lidar,0.996,test
20220112_lidar_tile_896_768.npy,20220112,2022,lidar,0.9989,test
20220112_lidar_tile_896_896.npy,20220112,2022,lidar,0.9982,test
20220112_lidar_tile_896_1024.npy,20220112,2022,lidar,0.9963,test
20220112_lidar_tile_896_1152.npy,20220112,2022,lidar,0.9927,test
20220112_lidar_tile_896_1280.npy,20220112,2022,lidar,0.991,test
20220112_lidar_tile_896_1408.npy,20220112,2022,lidar,0.9892,test
20220112_lidar_tile_896_1536.npy,20220112,2022,lidar,0.99,test
20220112_lidar_tile_896_1664.npy,20220112,2022,lidar,0.9932,test
20220112_lidar_tile_896_1792.npy,20220112,2022,lidar,0.9802,test
20220112_lidar_tile_896_1920.npy,20220112,2022,lidar,0.9058,test
20220112_lidar_tile_896_2176.npy,20220112,2022,lidar,0.8902,test
20220112_lidar_tile_896_2304.npy,20220112,2022,lidar,0.9479,test
20220112_lidar_tile_896_2432.npy,20220112,2022,lidar,0.971,test
20220112_lidar_tile_896_2560.npy,20220112,2022,lidar,0.9697,test
20220112_lidar_tile_896_2688.npy,20220112,2022,lidar,0.9643,test
20220112_lidar_tile_896_2816.npy,20220112,2022,lidar,0.9787,test
20220112_lidar_tile_896_2944.npy,20220112,2022,lidar,0.9648,test
20220112_lidar_tile_896_3072.npy,20220112,2022,lidar,0.91,test
20220112_lidar_tile_896_3200.npy,20220112,2022,lidar,0.8566,test
20220112_lidar_tile_1024_128.npy,20220112,2022,lidar,0.7964,test
20220112_lidar_tile_1024_256.npy,20220112,2022,lidar,0.8673,test
20220112_lidar_tile_1024_384.npy,20220112,2022,lidar,0.9878,test
20220112_lidar_tile_1024_512.npy,20220112,2022,lidar,0.9948,test
20220112_lidar_tile_1024_640.npy,20220112,2022,lidar,0.996,test
20220112_lidar_tile_1024_768.npy,20220112,2022,lidar,0.9977,test
20220112_lidar_tile_1024_896.npy,20220112,2022,lidar,0.9969,test
20220112_lidar_tile_1024_1024.npy,20220112,2022,lidar,0.9962,test
20220112_lidar_tile_1024_1152.npy,20220112,2022,lidar,0.9957,test
20220112_lidar_tile_1024_1280.npy,20220112,2022,lidar,0.9953,test
20220112_lidar_tile_1024_1408.npy,20220112,2022,lidar,0.9948,test
20220112_lidar_tile_1024_1536.npy,20220112,2022,lidar,0.9968,test
20220112_lidar_tile_1024_1664.npy,20220112,2022,lidar,0.9893,test
20220112_lidar_tile_1024_1792.npy,20220112,2022,lidar,0.9727,test
20220112_lidar_tile_1024_1920.npy,20220112,2022,lidar,0.9273,test
20220112_lidar_tile_1024_2048.npy,20220112,2022,lidar,0.8812,test
20220112_lidar_tile_1024_2176.npy,20220112,2022,lidar,0.8993,test
20220112_lidar_tile_1024_2304.npy,20220112,2022,lidar,0.9434,test
20220112_lidar_tile_1024_2432.npy,20220112,2022,lidar,0.9389,test
20220112_lidar_tile_1024_2560.npy,20220112,2022,lidar,0.9107,test
20220112_lidar_tile_1024_2688.npy,20220112,2022,lidar,0.9512,test
20220112_lidar_tile_1024_2816.npy,20220112,2022,lidar,0.995,test
20220112_lidar_tile_1024_2944.npy,20220112,2022,lidar,0.9671,test
20220112_lidar_tile_1024_3072.npy,20220112,2022,lidar,0.8929,test
20220112_lidar_tile_1024_3200.npy,20220112,2022,lidar,0.7769,test
20220112_lidar_tile_1152_256.npy,20220112,2022,lidar,0.8392,test
20220112_lidar_tile_1152_384.npy,20220112,2022,lidar,0.975,test
20220112_lidar_tile_1152_512.npy,20220112,2022,lidar,0.9953,test
20220112_lidar_tile_1152_640.npy,20220112,2022,lidar,0.9995,test
20220112_lidar_tile_1152_768.npy,20220112,2022,lidar,0.9963,test
20220112_lidar_tile_1152_896.npy,20220112,2022,lidar,0.9961,test
20220112_lidar_tile_1152_1024.npy,20220112,2022,lidar,0.9987,test
20220112_lidar_tile_1152_1152.npy,20220112,2022,lidar,0.9932,test
20220112_lidar_tile_1152_1280.npy,20220112,2022,lidar,0.9928,test
20220112_lidar_tile_1152_1408.npy,20220112,2022,lidar,0.998,test
20220112_lidar_tile_1152_1536.npy,20220112,2022,lidar,0.9893,test
20220112_lidar_tile_1152_1664.npy,20220112,2022,lidar,0.9757,test
20220112_lidar_tile_1152_1792.npy,20220112,2022,lidar,0.9819,test
20220112_lidar_tile_1152_1920.npy,20220112,2022,lidar,0.9761,test
20220112_lidar_tile_1152_2048.npy,20220112,2022,lidar,0.9625,test
20220112_lidar_tile_1152_2176.npy,20220112,2022,lidar,0.9693,test
20220112_lidar_tile_1152_2304.npy,20220112,2022,lidar,0.9568,test
20220112_lidar_tile_1152_2432.npy,20220112,2022,lidar,0.8973,test
20220112_lidar_tile_1152_2560.npy,20220112,2022,lidar,0.894,test
20220112_lidar_tile_1152_2688.npy,20220112,2022,lidar,0.9638,test
20220112_lidar_tile_1152_2816.npy,20220112,2022,lidar,0.9703,test
20220112_lidar_tile_1152_2944.npy,20220112,2022,lidar,0.9287,test
20220112_lidar_tile_1152_3072.npy,20220112,2022,lidar,0.8588,test
20220112_lidar_tile_1280_384.npy,20220112,2022,lidar,0.9541,test
20220112_lidar_tile_1280_512.npy,20220112,2022,lidar,0.9779,test
20220112_lidar_tile_1280_640.npy,20220112,2022,lidar,0.9945,test
20220112_lidar_tile_1280_768.npy,20220112,2022,lidar,0.9933,test
20220112_lidar_tile_1280_896.npy,20220112,2022,lidar,0.9914,test
20220112_lidar_tile_1280_1024.npy,20220112,2022,lidar,0.9943,test
20220112_lidar_tile_1280_1152.npy,20220112,2022,lidar,0.9343,test
20220112_lidar_tile_1280_1280.npy,20220112,2022,lidar,0.8831,test
20220112_lidar_tile_1280_1408.npy,20220112,2022,lidar,0.9144,test
20220112_lidar_tile_1280_1536.npy,20220112,2022,lidar,0.922,test
20220112_lidar_tile_1280_1664.npy,20220112,2022,lidar,0.9453,test
20220112_lidar_tile_1280_1792.npy,20220112,2022,lidar,0.9837,test
20220112_lidar_tile_1280_1920.npy,20220112,2022,lidar,0.9756,test
20220112_lidar_tile_1280_2048.npy,20220112,2022,lidar,0.9653,test
20220112_lidar_tile_1280_2176.npy,20220112,2022,lidar,0.9748,test
20220112_lidar_tile_1280_2304.npy,20220112,2022,lidar,0.9783,test
20220112_lidar_tile_1280_2432.npy,20220112,2022,lidar,0.9364,test
20220112_lidar_tile_1280_2560.npy,20220112,2022,lidar,0.9397,test
20220112_lidar_tile_1280_2688.npy,20220112,2022,lidar,0.9793,test
20220112_lidar_tile_1280_2816.npy,20220112,2022,lidar,0.9228,test
20220112_lidar_tile_1280_2944.npy,20220112,2022,lidar,0.8438,test
20220112_lidar_tile_1280_3072.npy,20220112,2022,lidar,0.8005,test
20220112_lidar_tile_1408_768.npy,20220112,2022,lidar,0.9415,test
20220112_lidar_tile_1408_896.npy,20220112,2022,lidar,0.8505,test
20220112_lidar_tile_1408_1024.npy,20220112,2022,lidar,0.874,test
20220112_lidar_tile_1408_1152.npy,20220112,2022,lidar,0.8928,test
20220112_lidar_tile_1408_1280.npy,20220112,2022,lidar,0.8374,test
20220112_lidar_tile_1408_1408.npy,20220112,2022,lidar,0.7683,test
20220112_lidar_tile_1408_1536.npy,20220112,2022,lidar,0.7184,test
20220112_lidar_tile_1408_1664.npy,20220112,2022,lidar,0.8571,test
20220112_lidar_tile_1408_1792.npy,20220112,2022,lidar,0.9689,test
20220112_lidar_tile_1408_1920.npy,20220112,2022,lidar,0.977,test
20220112_lidar_tile_1408_2048.npy,20220112,2022,lidar,0.9767,test
20220112_lidar_tile_1408_2176.npy,20220112,2022,lidar,0.9716,test
20220112_lidar_tile_1408_2304.npy,20220112,2022,lidar,0.9691,test
20220112_lidar_tile_1408_2432.npy,20220112,2022,lidar,0.9641,test
20220112_lidar_tile_1408_2560.npy,20220112,2022,lidar,0.9367,test
20220112_lidar_tile_1408_2688.npy,20220112,2022,lidar,0.9134,test
20220112_lidar_tile_1408_2816.npy,20220112,2022,lidar,0.8888,test
20220112_lidar_tile_1408_2944.npy,20220112,2022,lidar,0.847,test
20220112_lidar_tile_1408_3072.npy,20220112,2022,lidar,0.7886,test
20220112_lidar_tile_1536_768.npy,20220112,2022,lidar,0.6433,test
20220112_lidar_tile_1536_896.npy,20220112,2022,lidar,0.5891,test
20220112_lidar_tile_1536_1024.npy,20220112,2022,lidar,0.6043,test
20220112_lidar_tile_1536_1152.npy,20220112,2022,lidar,0.8031,test
20220112_lidar_tile_1536_1280.npy,20220112,2022,lidar,0.9028,test
20220112_lidar_tile_1536_1408.npy,20220112,2022,lidar,0.7666,test
20220112_lidar_tile_1536_1536.npy,20220112,2022,lidar,0.6792,test
20220112_lidar_tile_1536_1664.npy,20220112,2022,lidar,0.8376,test
20220112_lidar_tile_1536_1792.npy,20220112,2022,lidar,0.9619,test
20220112_lidar_tile_1536_1920.npy,20220112,2022,lidar,0.9755,test
20220112_lidar_tile_1536_2048.npy,20220112,2022,lidar,0.9647,test
20220112_lidar_tile_1536_2176.npy,20220112,2022,lidar,0.9172,test
20220112_lidar_tile_1536_2304.npy,20220112,2022,lidar,0.9223,test
20220112_lidar_tile_1536_2432.npy,20220112,2022,lidar,0.9628,test
20220112_lidar_tile_1536_2560.npy,20220112,2022,lidar,0.9245,test
20220112_lidar_tile_1536_2688.npy,20220112,2022,lidar,0.873,test
20220112_lidar_tile_1536_2816.npy,20220112,2022,lidar,0.8685,test
20220112_lidar_tile_1536_2944.npy,20220112,2022,lidar,0.8227,test
20220112_lidar_tile_1536_3072.npy,20220112,2022,lidar,0.6794,test
20220112_lidar_tile_1664_768.npy,20220112,2022,lidar,0.5194,test
20220112_lidar_tile_1664_896.npy,20220112,2022,lidar,0.6106,test
20220112_lidar_tile_1664_1024.npy,20220112,2022,lidar,0.5401,test
20220112_lidar_tile_1664_1152.npy,20220112,2022,lidar,0.6799,test
20220112_lidar_tile_1664_1280.npy,20220112,2022,lidar,0.85,test
20220112_lidar_tile_1664_1408.npy,20220112,2022,lidar,0.8684,test
20220112_lidar_tile_1664_1536.npy,20220112,2022,lidar,0.8363,test
20220112_lidar_tile_1664_1664.npy,20220112,2022,lidar,0.8978,test
20220112_lidar_tile_1664_1792.npy,20220112,2022,lidar,0.9763,test
20220112_lidar_tile_1664_1920.npy,20220112,2022,lidar,0.9537,test
20220112_lidar_tile_1664_2048.npy,20220112,2022,lidar,0.8755,test
20220112_lidar_tile_1664_2176.npy,20220112,2022,lidar,0.8597,test
20220112_lidar_tile_1664_2304.npy,20220112,2022,lidar,0.9398,test
20220112_lidar_tile_1664_2432.npy,20220112,2022,lidar,0.9736,test
20220112_lidar_tile_1664_2560.npy,20220112,2022,lidar,0.9258,test
20220112_lidar_tile_1664_2688.npy,20220112,2022,lidar,0.8882,test
20220112_lidar_tile_1664_2816.npy,20220112,2022,lidar,0.8583,test
20220112_lidar_tile_1664_2944.npy,20220112,2022,lidar,0.7552,test
20220112_lidar_tile_1792_768.npy,20220112,2022,lidar,0.6093,test
20220112_lidar_tile_1792_896.npy,20220112,2022,lidar,0.7514,test
20220112_lidar_tile_1792_1024.npy,20220112,2022,lidar,0.7642,test
20220112_lidar_tile_1792_1152.npy,20220112,2022,lidar,0.7534,test
20220112_lidar_tile_1792_1280.npy,20220112,2022,lidar,0.7868,test
20220112_lidar_tile_1792_1408.npy,20220112,2022,lidar,0.8818,test
20220112_lidar_tile_1792_1536.npy,20220112,2022,lidar,0.8701,test
20220112_lidar_tile_1792_1664.npy,20220112,2022,lidar,0.856,test
20220112_lidar_tile_1792_1792.npy,20220112,2022,lidar,0.8903,test
20220112_lidar_tile_1792_1920.npy,20220112,2022,lidar,0.9024,test
20220112_lidar_tile_1792_2048.npy,20220112,2022,lidar,0.8734,test
20220112_lidar_tile_1792_2176.npy,20220112,2022,lidar,0.9113,test
20220112_lidar_tile_1792_2304.npy,20220112,2022,lidar,0.9824,test
20220112_lidar_tile_1792_2432.npy,20220112,2022,lidar,0.967,test
20220112_lidar_tile_1792_2560.npy,20220112,2022,lidar,0.9272,test
20220112_lidar_tile_1792_2688.npy,20220112,2022,lidar,0.9142,test
20220112_lidar_tile_1792_2816.npy,20220112,2022,lidar,0.9062,test
20220112_lidar_tile_1792_2944.npy,20220112,2022,lidar,0.8471,test
20220112_lidar_tile_1920_768.npy,20220112,2022,lidar,0.6231,test
20220112_lidar_tile_1920_896.npy,20220112,2022,lidar,0.7867,test
20220112_lidar_tile_1920_1024.npy,20220112,2022,lidar,0.8197,test
20220112_lidar_tile_1920_1152.npy,20220112,2022,lidar,0.7943,test
20220112_lidar_tile_1920_1280.npy,20220112,2022,lidar,0.7624,test
20220112_lidar_tile_1920_1408.npy,20220112,2022,lidar,0.8038,test
20220112_lidar_tile_1920_1536.npy,20220112,2022,lidar,0.7862,test
20220112_lidar_tile_1920_1664.npy,20220112,2022,lidar,0.6759,test
20220112_lidar_tile_1920_1792.npy,20220112,2022,lidar,0.7363,test
20220112_lidar_tile_1920_1920.npy,20220112,2022,lidar,0.911,test
20220112_lidar_tile_1920_2048.npy,20220112,2022,lidar,0.9539,test
20220112_lidar_tile_1920_2176.npy,20220112,2022,lidar,0.9584,test
20220112_lidar_tile_1920_2304.npy,20220112,2022,lidar,0.9697,test
20220112_lidar_tile_1920_2432.npy,20220112,2022,lidar,0.9667,test
20220112_lidar_tile_1920_2560.npy,20220112,2022,lidar,0.9465,test
20220112_lidar_tile_1920_2688.npy,20220112,2022,lidar,0.9224,test
20220112_lidar_tile_1920_2816.npy,20220112,2022,lidar,0.9071,test
20220112_lidar_tile_2048_768.npy,20220112,2022,lidar,0.4003,test
20220112_lidar_tile_2048_896.npy,20220112,2022,lidar,0.4755,test
20220112_lidar_tile_2048_1024.npy,20220112,2022,lidar,0.4963,test
20220112_lidar_tile_2048_1152.npy,20220112,2022,lidar,0.6005,test
20220112_lidar_tile_2048_1280.npy,20220112,2022,lidar,0.6036,test
20220112_lidar_tile_2048_1408.npy,20220112,2022,lidar,0.6143,test
20220112_lidar_tile_2048_1536.npy,20220112,2022,lidar,0.6432,test
20220112_lidar_tile_2048_1664.npy,20220112,2022,lidar,0.6003,test
20220112_lidar_tile_2048_1792.npy,20220112,2022,lidar,0.7359,test
20220112_lidar_tile_2048_1920.npy,20220112,2022,lidar,0.9365,test
20220112_lidar_tile_2048_2048.npy,20220112,2022,lidar,0.9675,test
20220112_lidar_tile_2048_2176.npy,20220112,2022,lidar,0.9695,test
20220112_lidar_tile_2048_2304.npy,20220112,2022,lidar,0.973,test
20220112_lidar_tile_2048_2432.npy,20220112,2022,lidar,0.9777,test
20220112_lidar_tile_2048_2560.npy,20220112,2022,lidar,0.9513,test
20220112_lidar_tile_2048_2688.npy,20220112,2022,lidar,0.8951,test
20220112_lidar_tile_2048_2816.npy,20220112,2022,lidar,0.6868,test
20220112_lidar_tile_2176_1024.npy,20220112,2022,lidar,0.3345,test
20220112_lidar_tile_2176_1152.npy,20220112,2022,lidar,0.5429,test
20220112_lidar_tile_2176_1280.npy,20220112,2022,lidar,0.501,test
20220112_lidar_tile_2176_1408.npy,20220112,2022,lidar,0.5519,test
20220112_lidar_tile_2176_1536.npy,20220112,2022,lidar,0.6596,test
20220112_lidar_tile_2176_1664.npy,20220112,2022,lidar,0.6602,test
20220112_lidar_tile_2176_1792.npy,20220112,2022,lidar,0.6154,test
20220112_lidar_tile_2176_1920.npy,20220112,2022,lidar,0.5612,test
20220112_lidar_tile_2176_2048.npy,20220112,2022,lidar,0.6182,test
20220112_lidar_tile_2176_2176.npy,20220112,2022,lidar,0.7824,test
20220112_lidar_tile_2176_2304.npy,20220112,2022,lidar,0.9147,test
20220112_lidar_tile_2176_2432.npy,20220112,2022,lidar,0.9744,test
20220112_lidar_tile_2176_2560.npy,20220112,2022,lidar,0.9662,test
20220112_lidar_tile_2176_2688.npy,20220112,2022,lidar,0.8265,test
20220112_lidar_tile_2304_1024.npy,20220112,2022,lidar,0.404,test
20220112_lidar_tile_2304_1152.npy,20220112,2022,lidar,0.564,test
20220112_lidar_tile_2304_1280.npy,20220112,2022,lidar,0.522,test
20220112_lidar_tile_2304_1408.npy,20220112,2022,lidar,0.5418,test
20220112_lidar_tile_2304_1536.npy,20220112,2022,lidar,0.4942,test
20220112_lidar_tile_2304_1664.npy,20220112,2022,lidar,0.3409,test
20220112_lidar_tile_2304_2176.npy,20220112,2022,lidar,0.3095,test
20220112_lidar_tile_2304_2304.npy,20220112,2022,lidar,0.6164,test
20220112_lidar_tile_2304_2432.npy,20220112,2022,lidar,0.8906,test
20220112_lidar_tile_2304_2560.npy,20220112,2022,lidar,0.9265,test
20220128_lidar_tile_128_256.npy,20220128,2022,lidar,0.9574,test
20220128_lidar_tile_128_384.npy,20220128,2022,lidar,0.973,test
20220128_lidar_tile_128_512.npy,20220128,2022,lidar,0.9877,test
20220128_lidar_tile_128_640.npy,20220128,2022,lidar,0.994,test
20220128_lidar_tile_128_768.npy,20220128,2022,lidar,0.9638,test
20220128_lidar_tile_256_128.npy,20220128,2022,lidar,0.9689,test
20220128_lidar_tile_256_256.npy,20220128,2022,lidar,0.9873,test
20220128_lidar_tile_256_384.npy,20220128,2022,lidar,0.9822,test
20220128_lidar_tile_256_512.npy,20220128,2022,lidar,0.9882,test
20220128_lidar_tile_256_640.npy,20220128,2022,lidar,0.9914,test
20220128_lidar_tile_256_768.npy,20220128,2022,lidar,0.9912,test
20220128_lidar_tile_256_896.npy,20220128,2022,lidar,0.9801,test
20220128_lidar_tile_256_1024.npy,20220128,2022,lidar,0.9824,test
20220128_lidar_tile_384_128.npy,20220128,2022,lidar,0.989,test
20220128_lidar_tile_384_256.npy,20220128,2022,lidar,0.9907,test
20220128_lidar_tile_384_384.npy,20220128,2022,lidar,0.9935,test
20220128_lidar_tile_384_512.npy,20220128,2022,lidar,0.9905,test
20220128_lidar_tile_384_640.npy,20220128,2022,lidar,0.9898,test
20220128_lidar_tile_384_768.npy,20220128,2022,lidar,0.9969,test
20220128_lidar_tile_384_896.npy,20220128,2022,lidar,0.9923,test
20220128_lidar_tile_384_1024.npy,20220128,2022,lidar,0.991,test
20220128_lidar_tile_384_1152.npy,20220128,2022,lidar,0.9659,test
20220128_lidar_tile_384_2176.npy,20220128,2022,lidar,0.8753,test
20220128_lidar_tile_384_2304.npy,20220128,2022,lidar,0.6866,test
20220128_lidar_tile_512_128.npy,20220128,2022,lidar,0.9698,test
20220128_lidar_tile_512_256.npy,20220128,2022,lidar,0.9891,test
20220128_lidar_tile_512_384.npy,20220128,2022,lidar,0.997,test
20220128_lidar_tile_512_512.npy,20220128,2022,lidar,0.9931,test
20220128_lidar_tile_512_640.npy,20220128,2022,lidar,0.9946,test
20220128_lidar_tile_512_768.npy,20220128,2022,lidar,0.9994,test
20220128_lidar_tile_512_896.npy,20220128,2022,lidar,0.9998,test
20220128_lidar_tile_512_1024.npy,20220128,2022,lidar,0.9998,test
20220128_lidar_tile_512_1152.npy,20220128,2022,lidar,0.9978,test
20220128_lidar_tile_512_1280.npy,20220128,2022,lidar,0.9954,test
20220128_lidar_tile_512_1408.npy,20220128,2022,lidar,0.9965,test
20220128_lidar_tile_512_1536.npy,20220128,2022,lidar,0.9942,test
20220128_lidar_tile_512_1664.npy,20220128,2022,lidar,0.953,test
20220128_lidar_tile_512_1792.npy,20220128,2022,lidar,0.9494,test
20220128_lidar_tile_512_1920.npy,20220128,2022,lidar,0.987,test
20220128_lidar_tile_512_2048.npy,20220128,2022,lidar,0.9904,test
20220128_lidar_tile_512_2176.npy,20220128,2022,lidar,0.9857,test
20220128_lidar_tile_512_2304.npy,20220128,2022,lidar,0.9657,test
20220128_lidar_tile_512_2432.npy,20220128,2022,lidar,0.793,test
20220128_lidar_tile_512_2560.npy,20220128,2022,lidar,0.3188,test
20220128_lidar_tile_640_0.npy,20220128,2022,lidar,0.5432,test
20220128_lidar_tile_640_128.npy,20220128,2022,lidar,0.8872,test
20220128_lidar_tile_640_256.npy,20220128,2022,lidar,0.9901,test
20220128_lidar_tile_640_384.npy,20220128,2022,lidar,0.9974,test
20220128_lidar_tile_640_512.npy,20220128,2022,lidar,0.9983,test
20220128_lidar_tile_640_640.npy,20220128,2022,lidar,0.9993,test
20220128_lidar_tile_640_768.npy,20220128,2022,lidar,0.9994,test
20220128_lidar_tile_640_896.npy,20220128,2022,lidar,0.9998,test
20220128_lidar_tile_640_1024.npy,20220128,2022,lidar,0.9992,test
20220128_lidar_tile_640_1152.npy,20220128,2022,lidar,0.996,test
20220128_lidar_tile_640_1280.npy,20220128,2022,lidar,0.9917,test
20220128_lidar_tile_640_1408.npy,20220128,2022,lidar,0.9936,test
20220128_lidar_tile_640_1536.npy,20220128,2022,lidar,0.9978,test
20220128_lidar_tile_640_1664.npy,20220128,2022,lidar,0.9951,test
20220128_lidar_tile_640_1792.npy,20220128,2022,lidar,0.9922,test
20220128_lidar_tile_640_1920.npy,20220128,2022,lidar,0.9846,test
20220128_lidar_tile_640_2048.npy,20220128,2022,lidar,0.9832,test
20220128_lidar_tile_640_2176.npy,20220128,2022,lidar,0.9837,test
20220128_lidar_tile_640_2304.npy,20220128,2022,lidar,0.9837,test
20220128_lidar_tile_640_2432.npy,20220128,2022,lidar,0.8141,test
20220128_lidar_tile_640_2560.npy,20220128,2022,lidar,0.3605,test
20220128_lidar_tile_768_128.npy,20220128,2022,lidar,0.6987,test
20220128_lidar_tile_768_256.npy,20220128,2022,lidar,0.9887,test
20220128_lidar_tile_768_384.npy,20220128,2022,lidar,0.9939,test
20220128_lidar_tile_768_512.npy,20220128,2022,lidar,0.9993,test
20220128_lidar_tile_768_640.npy,20220128,2022,lidar,0.9996,test
20220128_lidar_tile_768_768.npy,20220128,2022,lidar,0.9998,test
20220128_lidar_tile_768_896.npy,20220128,2022,lidar,0.9996,test
20220128_lidar_tile_768_1024.npy,20220128,2022,lidar,0.9971,test
20220128_lidar_tile_768_1152.npy,20220128,2022,lidar,0.9947,test
20220128_lidar_tile_768_1280.npy,20220128,2022,lidar,0.9935,test
20220128_lidar_tile_768_1408.npy,20220128,2022,lidar,0.9929,test
20220128_lidar_tile_768_1536.npy,20220128,2022,lidar,0.9952,test
20220128_lidar_tile_768_1664.npy,20220128,2022,lidar,0.9938,test
20220128_lidar_tile_768_1792.npy,20220128,2022,lidar,0.9837,test
20220128_lidar_tile_768_1920.npy,20220128,2022,lidar,0.9418,test
20220128_lidar_tile_768_2048.npy,20220128,2022,lidar,0.9495,test
20220128_lidar_tile_768_2176.npy,20220128,2022,lidar,0.9878,test
20220128_lidar_tile_768_2304.npy,20220128,2022,lidar,0.9564,test
20220128_lidar_tile_768_2432.npy,20220128,2022,lidar,0.8321,test
20220128_lidar_tile_768_2560.npy,20220128,2022,lidar,0.5264,test
20220128_lidar_tile_896_128.npy,20220128,2022,lidar,0.6205,test
20220128_lidar_tile_896_256.npy,20220128,2022,lidar,0.9795,test
20220128_lidar_tile_896_384.npy,20220128,2022,lidar,0.9931,test
20220128_lidar_tile_896_512.npy,20220128,2022,lidar,0.9995,test
20220128_lidar_tile_896_640.npy,20220128,2022,lidar,0.9996,test
20220128_lidar_tile_896_768.npy,20220128,2022,lidar,0.9997,test
20220128_lidar_tile_896_896.npy,20220128,2022,lidar,0.9995,test
20220128_lidar_tile_896_1024.npy,20220128,2022,lidar,0.9976,test
20220128_lidar_tile_896_1152.npy,20220128,2022,lidar,0.9938,test
20220128_lidar_tile_896_1280.npy,20220128,2022,lidar,0.9934,test
20220128_lidar_tile_896_1408.npy,20220128,2022,lidar,0.9933,test
20220128_lidar_tile_896_1536.npy,20220128,2022,lidar,0.9937,test
20220128_lidar_tile_896_1664.npy,20220128,2022,lidar,0.9952,test
20220128_lidar_tile_896_1792.npy,20220128,2022,lidar,0.9637,test
20220128_lidar_tile_896_2048.npy,20220128,2022,lidar,0.9264,test
20220128_lidar_tile_896_2176.npy,20220128,2022,lidar,0.9664,test
20220128_lidar_tile_896_2304.npy,20220128,2022,lidar,0.9096,test
20220128_lidar_tile_896_2432.npy,20220128,2022,lidar,0.9127,test
20220128_lidar_tile_896_2560.npy,20220128,2022,lidar,0.6968,test
20220128_lidar_tile_1024_128.npy,20220128,2022,lidar,0.4982,test
20220128_lidar_tile_1024_256.npy,20220128,2022,lidar,0.8839,test
20220128_lidar_tile_1024_384.npy,20220128,2022,lidar,0.9618,test
20220128_lidar_tile_1024_512.npy,20220128,2022,lidar,0.9809,test
20220128_lidar_tile_1024_640.npy,20220128,2022,lidar,0.9981,test
20220128_lidar_tile_1024_768.npy,20220128,2022,lidar,0.9983,test
20220128_lidar_tile_1024_896.npy,20220128,2022,lidar,0.9998,test
20220128_lidar_tile_1024_1024.npy,20220128,2022,lidar,0.9987,test
20220128_lidar_tile_1024_1152.npy,20220128,2022,lidar,0.9957,test
20220128_lidar_tile_1024_1280.npy,20220128,2022,lidar,0.9954,test
20220128_lidar_tile_1024_1408.npy,20220128,2022,lidar,0.9959,test
20220128_lidar_tile_1024_1536.npy,20220128,2022,lidar,0.9951,test
20220128_lidar_tile_1024_1664.npy,20220128,2022,lidar,0.9925,test
20220128_lidar_tile_1024_1792.npy,20220128,2022,lidar,0.9622,test
20220128_lidar_tile_1024_1920.npy,20220128,2022,lidar,0.9204,test
20220128_lidar_tile_1024_2048.npy,20220128,2022,lidar,0.9368,test
20220128_lidar_tile_1024_2176.npy,20220128,2022,lidar,0.9042,test
20220128_lidar_tile_1024_2304.npy,20220128,2022,lidar,0.8667,test
20220128_lidar_tile_1024_2432.npy,20220128,2022,lidar,0.877,test
20220128_lidar_tile_1024_2560.npy,20220128,2022,lidar,0.7821,test
20220128_lidar_tile_1024_2688.npy,20220128,2022,lidar,0.6141,test
20220128_lidar_tile_1024_2816.npy,20220128,2022,lidar,0.3883,test
20220128_lidar_tile_1152_256.npy,20220128,2022,lidar,0.6448,test
20220128_lidar_tile_1152_384.npy,20220128,2022,lidar,0.8748,test
20220128_lidar_tile_1152_512.npy,20220128,2022,lidar,0.9336,test
20220128_lidar_tile_1152_640.npy,20220128,2022,lidar,0.996,test
20220128_lidar_tile_1152_768.npy,20220128,2022,lidar,0.9985,test
20220128_lidar_tile_1152_896.npy,20220128,2022,lidar,0.9998,test
20220128_lidar_tile_1152_1024.npy,20220128,2022,lidar,0.994,test
20220128_lidar_tile_1152_1152.npy,20220128,2022,lidar,0.9937,test
20220128_lidar_tile_1152_1280.npy,20220128,2022,lidar,0.9993,test
20220128_lidar_tile_1152_1408.npy,20220128,2022,lidar,0.9984,test
20220128_lidar_tile_1152_1536.npy,20220128,2022,lidar,0.9975,test
20220128_lidar_tile_1152_1664.npy,20220128,2022,lidar,0.9948,test
20220128_lidar_tile_1152_1792.npy,20220128,2022,lidar,0.9782,test
20220128_lidar_tile_1152_1920.npy,20220128,2022,lidar,0.9493,test
20220128_lidar_tile_1152_2048.npy,20220128,2022,lidar,0.9355,test
20220128_lidar_tile_1152_2176.npy,20220128,2022,lidar,0.9051,test
20220128_lidar_tile_1152_2304.npy,20220128,2022,lidar,0.8879,test
20220128_lidar_tile_1152_2432.npy,20220128,2022,lidar,0.8842,test
20220128_lidar_tile_1152_2560.npy,20220128,2022,lidar,0.9256,test
20220128_lidar_tile_1152_2688.npy,20220128,2022,lidar,0.9218,test
20220128_lidar_tile_1152_2816.npy,20220128,2022,lidar,0.6347,test
20220128_lidar_tile_1280_256.npy,20220128,2022,lidar,0.3427,test
20220128_lidar_tile_1280_384.npy,20220128,2022,lidar,0.7297,test
20220128_lidar_tile_1280_512.npy,20220128,2022,lidar,0.9255,test
20220128_lidar_tile_1280_640.npy,20220128,2022,lidar,0.9957,test
20220128_lidar_tile_1280_768.npy,20220128,2022,lidar,0.9987,test
20220128_lidar_tile_1280_896.npy,20220128,2022,lidar,0.9962,test
20220128_lidar_tile_1280_1024.npy,20220128,2022,lidar,0.9907,test
20220128_lidar_tile_1280_1152.npy,20220128,2022,lidar,0.9922,test
20220128_lidar_tile_1280_1280.npy,20220128,2022,lidar,0.9978,test
20220128_lidar_tile_1280_1408.npy,20220128,2022,lidar,0.9983,test
20220128_lidar_tile_1280_1536.npy,20220128,2022,lidar,0.9984,test
20220128_lidar_tile_1280_1664.npy,20220128,2022,lidar,0.9994,test
20220128_lidar_tile_1280_1792.npy,20220128,2022,lidar,0.9862,test
20220128_lidar_tile_1280_1920.npy,20220128,2022,lidar,0.9544,test
20220128_lidar_tile_1280_2048.npy,20220128,2022,lidar,0.9442,test
20220128_lidar_tile_1280_2176.npy,20220128,2022,lidar,0.9644,test
20220128_lidar_tile_1280_2304.npy,20220128,2022,lidar,0.9479,test
20220128_lidar_tile_1280_2432.npy,20220128,2022,lidar,0.94,test
20220128_lidar_tile_1280_2560.npy,20220128,2022,lidar,0.9638,test
20220128_lidar_tile_1280_2688.npy,20220128,2022,lidar,0.8613,test
20220128_lidar_tile_1280_2816.npy,20220128,2022,lidar,0.6197,test
20220128_lidar_tile_1408_640.npy,20220128,2022,lidar,0.8695,test
20220128_lidar_tile_1408_768.npy,20220128,2022,lidar,0.8646,test
20220128_lidar_tile_1408_896.npy,20220128,2022,lidar,0.8536,test
20220128_lidar_tile_1408_1024.npy,20220128,2022,lidar,0.9348,test
20220128_lidar_tile_1408_1152.npy,20220128,2022,lidar,0.9955,test
20220128_lidar_tile_1408_1280.npy,20220128,2022,lidar,0.9969,test
20220128_lidar_tile_1408_1408.npy,20220128,2022,lidar,0.9984,test
20220128_lidar_tile_1408_1536.npy,20220128,2022,lidar,0.9985,test
20220128_lidar_tile_1408_1664.npy,20220128,2022,lidar,0.9973,test
20220128_lidar_tile_1408_1792.npy,20220128,2022,lidar,0.9849,test
20220128_lidar_tile_1408_1920.npy,20220128,2022,lidar,0.9713,test
20220128_lidar_tile_1408_2048.npy,20220128,2022,lidar,0.9665,test
20220128_lidar_tile_1408_2176.npy,20220128,2022,lidar,0.9382,test
20220128_lidar_tile_1408_2304.npy,20220128,2022,lidar,0.9374,test
20220128_lidar_tile_1408_2432.npy,20220128,2022,lidar,0.9561,test
20220128_lidar_tile_1408_2560.npy,20220128,2022,lidar,0.8997,test
20220128_lidar_tile_1408_2688.npy,20220128,2022,lidar,0.7862,test
20220128_lidar_tile_1408_2816.npy,20220128,2022,lidar,0.5832,test
20220128_lidar_tile_1408_2944.npy,20220128,2022,lidar,0.3748,test
20220128_lidar_tile_1536_768.npy,20220128,2022,lidar,0.5768,test
20220128_lidar_tile_1536_896.npy,20220128,2022,lidar,0.7922,test
20220128_lidar_tile_1536_1024.npy,20220128,2022,lidar,0.9316,test
20220128_lidar_tile_1536_1152.npy,20220128,2022,lidar,0.9975,test
20220128_lidar_tile_1536_1280.npy,20220128,2022,lidar,0.9984,test
20220128_lidar_tile_1536_1408.npy,20220128,2022,lidar,0.9964,test
20220128_lidar_tile_1536_1536.npy,20220128,2022,lidar,0.985,test
20220128_lidar_tile_1536_1664.npy,20220128,2022,lidar,0.9848,test
20220128_lidar_tile_1536_1792.npy,20220128,2022,lidar,0.9862,test
20220128_lidar_tile_1536_1920.npy,20220128,2022,lidar,0.9794,test
20220128_lidar_tile_1536_2048.npy,20220128,2022,lidar,0.9143,test
20220128_lidar_tile_1536_2176.npy,20220128,2022,lidar,0.8826,test
20220128_lidar_tile_1536_2304.npy,20220128,2022,lidar,0.9296,test
20220128_lidar_tile_1536_2432.npy,20220128,2022,lidar,0.9015,test
20220128_lidar_tile_1536_2560.npy,20220128,2022,lidar,0.7922,test
20220128_lidar_tile_1536_2688.npy,20220128,2022,lidar,0.6867,test
20220128_lidar_tile_1536_2816.npy,20220128,2022,lidar,0.5917,test
20220128_lidar_tile_1536_2944.npy,20220128,2022,lidar,0.5793,test
20220128_lidar_tile_1664_768.npy,20220128,2022,lidar,0.3749,test
20220128_lidar_tile_1664_896.npy,20220128,2022,lidar,0.8177,test
20220128_lidar_tile_1664_1024.npy,20220128,2022,lidar,0.9527,test
20220128_lidar_tile_1664_1152.npy,20220128,2022,lidar,0.9827,test
20220128_lidar_tile_1664_1280.npy,20220128,2022,lidar,0.9894,test
20220128_lidar_tile_1664_1408.npy,20220128,2022,lidar,0.98,test
20220128_lidar_tile_1664_1536.npy,20220128,2022,lidar,0.9513,test
20220128_lidar_tile_1664_1664.npy,20220128,2022,lidar,0.9531,test
20220128_lidar_tile_1664_1792.npy,20220128,2022,lidar,0.9377,test
20220128_lidar_tile_1664_1920.npy,20220128,2022,lidar,0.8708,test
20220128_lidar_tile_1664_2048.npy,20220128,2022,lidar,0.8436,test
20220128_lidar_tile_1664_2176.npy,20220128,2022,lidar,0.9183,test
20220128_lidar_tile_1664_2304.npy,20220128,2022,lidar,0.9622,test
20220128_lidar_tile_1664_2432.npy,20220128,2022,lidar,0.8652,test
20220128_lidar_tile_1664_2560.npy,20220128,2022,lidar,0.7494,test
20220128_lidar_tile_1664_2688.npy,20220128,2022,lidar,0.6804,test
20220128_lidar_tile_1664_2816.npy,20220128,2022,lidar,0.6551,test
20220128_lidar_tile_1664_2944.npy,20220128,2022,lidar,0.5902,test
20220128_lidar_tile_1792_896.npy,20220128,2022,lidar,0.4792,test
20220128_lidar_tile_1792_1024.npy,20220128,2022,lidar,0.7779,test
20220128_lidar_tile_1792_1152.npy,20220128,2022,lidar,0.9459,test
20220128_lidar_tile_1792_1280.npy,20220128,2022,lidar,0.9606,test
20220128_lidar_tile_1792_1408.npy,20220128,2022,lidar,0.9511,test
20220128_lidar_tile_1792_1536.npy,20220128,2022,lidar,0.9173,test
20220128_lidar_tile_1792_1664.npy,20220128,2022,lidar,0.7709,test
20220128_lidar_tile_1792_1792.npy,20220128,2022,lidar,0.7093,test
20220128_lidar_tile_1792_1920.npy,20220128,2022,lidar,0.7972,test
20220128_lidar_tile_1792_2048.npy,20220128,2022,lidar,0.898,test
20220128_lidar_tile_1792_2176.npy,20220128,2022,lidar,0.9757,test
20220128_lidar_tile_1792_2304.npy,20220128,2022,lidar,0.9801,test
20220128_lidar_tile_1792_2432.npy,20220128,2022,lidar,0.9027,test
20220128_lidar_tile_1792_2560.npy,20220128,2022,lidar,0.8088,test
20220128_lidar_tile_1792_2688.npy,20220128,2022,lidar,0.7212,test
20220128_lidar_tile_1792_2816.npy,20220128,2022,lidar,0.5523,test
20220128_lidar_tile_1920_1024.npy,20220128,2022,lidar,0.5397,test
20220128_lidar_tile_1920_1152.npy,20220128,2022,lidar,0.8966,test
20220128_lidar_tile_1920_1280.npy,20220128,2022,lidar,0.9273,test
20220128_lidar_tile_1920_1408.npy,20220128,2022,lidar,0.923,test
20220128_lidar_tile_1920_1536.npy,20220128,2022,lidar,0.9044,test
20220128_lidar_tile_1920_1664.npy,20220128,2022,lidar,0.7472,test
20220128_lidar_tile_1920_1792.npy,20220128,2022,lidar,0.7332,test
20220128_lidar_tile_1920_1920.npy,20220128,2022,lidar,0.8967,test
20220128_lidar_tile_1920_2048.npy,20220128,2022,lidar,0.96,test
20220128_lidar_tile_1920_2176.npy,20220128,2022,lidar,0.965,test
20220128_lidar_tile_1920_2304.npy,20220128,2022,lidar,0.9564,test
20220128_lidar_tile_1920_2432.npy,20220128,2022,lidar,0.8395,test
20220128_lidar_tile_1920_2560.npy,20220128,2022,lidar,0.662,test
20220128_lidar_tile_1920_2688.npy,20220128,2022,lidar,0.4998,test
20220128_lidar_tile_2048_1024.npy,20220128,2022,lidar,0.3896,test
20220128_lidar_tile_2048_1152.npy,20220128,2022,lidar,0.7614,test
20220128_lidar_tile_2048_1280.npy,20220128,2022,lidar,0.813,test
20220128_lidar_tile_2048_1408.npy,20220128,2022,lidar,0.8417,test
20220128_lidar_tile_2048_1536.npy,20220128,2022,lidar,0.846,test
20220128_lidar_tile_2048_1664.npy,20220128,2022,lidar,0.8652,test
20220128_lidar_tile_2048_1792.npy,20220128,2022,lidar,0.9266,test
20220128_lidar_tile_2048_1920.npy,20220128,2022,lidar,0.9081,test
20220128_lidar_tile_2048_2048.npy,20220128,2022,lidar,0.8704,test
20220128_lidar_tile_2048_2176.npy,20220128,2022,lidar,0.7754,test
20220128_lidar_tile_2048_2304.npy,20220128,2022,lidar,0.5954,test
20220128_lidar_tile_2048_2432.npy,20220128,2022,lidar,0.4016,test
20220128_lidar_tile_2176_1152.npy,20220128,2022,lidar,0.5628,test
20220128_lidar_tile_2176_1280.npy,20220128,2022,lidar,0.698,test
20220128_lidar_tile_2176_1408.npy,20220128,2022,lidar,0.785,test
20220128_lidar_tile_2176_1536.npy,20220128,2022,lidar,0.8211,test
20220128_lidar_tile_2176_1664.npy,20220128,2022,lidar,0.8273,test
20220128_lidar_tile_2176_1792.npy,20220128,2022,lidar,0.7839,test
20220128_lidar_tile_2176_1920.npy,20220128,2022,lidar,0.6853,test
20220128_lidar_tile_2176_2048.npy,20220128,2022,lidar,0.5364,test
20220128_lidar_tile_2176_2176.npy,20220128,2022,lidar,0.3151,test
20220128_lidar_tile_2304_1152.npy,20220128,2022,lidar,0.3975,test
20220128_lidar_tile_2304_1280.npy,20220128,2022,lidar,0.6129,test
20220128_lidar_tile_2304_1408.npy,20220128,2022,lidar,0.673,test
20220128_lidar_tile_2304_1536.npy,20220128,2022,lidar,0.5707,test
20220128_lidar_tile_2304_1664.npy,20220128,2022,lidar,0.4327,test
20220128_lidar_tile_2304_1792.npy,20220128,2022,lidar,0.3206,test
20220218_lidar_tile_128_256.npy,20220218,2022,lidar,0.9138,test
20220218_lidar_tile_128_384.npy,20220218,2022,lidar,0.9772,test
20220218_lidar_tile_128_512.npy,20220218,2022,lidar,0.9855,test
20220218_lidar_tile_128_640.npy,20220218,2022,lidar,0.9932,test
20220218_lidar_tile_128_768.npy,20220218,2022,lidar,0.9975,test
20220218_lidar_tile_128_896.npy,20220218,2022,lidar,0.9444,test
20220218_lidar_tile_256_256.npy,20220218,2022,lidar,0.9891,test
20220218_lidar_tile_256_384.npy,20220218,2022,lidar,0.9888,test
20220218_lidar_tile_256_512.npy,20220218,2022,lidar,0.9907,test
20220218_lidar_tile_256_640.npy,20220218,2022,lidar,0.9935,test
20220218_lidar_tile_256_768.npy,20220218,2022,lidar,0.9978,test
20220218_lidar_tile_256_896.npy,20220218,2022,lidar,0.9979,test
20220218_lidar_tile_256_1024.npy,20220218,2022,lidar,0.9989,test
20220218_lidar_tile_256_1152.npy,20220218,2022,lidar,0.9873,test
20220218_lidar_tile_384_128.npy,20220218,2022,lidar,0.9492,test
20220218_lidar_tile_384_256.npy,20220218,2022,lidar,0.9906,test
20220218_lidar_tile_384_384.npy,20220218,2022,lidar,0.9903,test
20220218_lidar_tile_384_512.npy,20220218,2022,lidar,0.9876,test
20220218_lidar_tile_384_640.npy,20220218,2022,lidar,0.9874,test
20220218_lidar_tile_384_768.npy,20220218,2022,lidar,0.9932,test
20220218_lidar_tile_384_896.npy,20220218,2022,lidar,0.9959,test
20220218_lidar_tile_384_1024.npy,20220218,2022,lidar,0.9984,test
20220218_lidar_tile_384_1152.npy,20220218,2022,lidar,0.9809,test
20220218_lidar_tile_384_2304.npy,20220218,2022,lidar,0.9539,test
20220218_lidar_tile_384_2432.npy,20220218,2022,lidar,0.8876,test
20220218_lidar_tile_512_128.npy,20220218,2022,lidar,0.9924,test
20220218_lidar_tile_512_256.npy,20220218,2022,lidar,0.9871,test
20220218_lidar_tile_512_384.npy,20220218,2022,lidar,0.9824,test
20220218_lidar_tile_512_512.npy,20220218,2022,lidar,0.9822,test
20220218_lidar_tile_512_640.npy,20220218,2022,lidar,0.9858,test
20220218_lidar_tile_512_768.npy,20220218,2022,lidar,0.9931,test
20220218_lidar_tile_512_896.npy,20220218,2022,lidar,0.9964,test
20220218_lidar_tile_512_1024.npy,20220218,2022,lidar,0.9973,test
20220218_lidar_tile_512_1152.npy,20220218,2022,lidar,0.9796,test
20220218_lidar_tile_512_1280.npy,20220218,2022,lidar,0.9467,test
20220218_lidar_tile_512_1408.npy,20220218,2022,lidar,0.9603,test
20220218_lidar_tile_512_1536.npy,20220218,2022,lidar,0.9911,test
20220218_lidar_tile_512_1664.npy,20220218,2022,lidar,0.9804,test
20220218_lidar_tile_512_1792.npy,20220218,2022,lidar,0.9413,test
20220218_lidar_tile_512_1920.npy,20220218,2022,lidar,0.9537,test
20220218_lidar_tile_512_2048.npy,20220218,2022,lidar,0.9701,test
20220218_lidar_tile_512_2176.npy,20220218,2022,lidar,0.9442,test
20220218_lidar_tile_512_2304.npy,20220218,2022,lidar,0.9394,test
20220218_lidar_tile_512_2432.npy,20220218,2022,lidar,0.9498,test
20220218_lidar_tile_512_2560.npy,20220218,2022,lidar,0.9781,test
20220218_lidar_tile_512_2688.npy,20220218,2022,lidar,0.9754,test
20220218_lidar_tile_512_2816.npy,20220218,2022,lidar,0.9388,test
20220218_lidar_tile_640_128.npy,20220218,2022,lidar,0.9946,test
20220218_lidar_tile_640_256.npy,20220218,2022,lidar,0.9841,test
20220218_lidar_tile_640_384.npy,20220218,2022,lidar,0.9754,test
20220218_lidar_tile_640_512.npy,20220218,2022,lidar,0.9855,test
20220218_lidar_tile_640_640.npy,20220218,2022,lidar,0.9919,test
20220218_lidar_tile_640_768.npy,20220218,2022,lidar,0.9912,test
20220218_lidar_tile_640_896.npy,20220218,2022,lidar,0.9962,test
20220218_lidar_tile_640_1024.npy,20220218,2022,lidar,0.9979,test
20220218_lidar_tile_640_1152.npy,20220218,2022,lidar,0.9969,test
20220218_lidar_tile_640_1280.npy,20220218,2022,lidar,0.9963,test
20220218_lidar_tile_640_1408.npy,20220218,2022,lidar,0.9714,test
20220218_lidar_tile_640_1536.npy,20220218,2022,lidar,0.963,test
20220218_lidar_tile_640_1664.npy,20220218,2022,lidar,0.9867,test
20220218_lidar_tile_640_1792.npy,20220218,2022,lidar,0.9893,test
20220218_lidar_tile_640_1920.npy,20220218,2022,lidar,0.9736,test
20220218_lidar_tile_640_2048.npy,20220218,2022,lidar,0.9243,test
20220218_lidar_tile_640_2176.npy,20220218,2022,lidar,0.9213,test
20220218_lidar_tile_640_2304.npy,20220218,2022,lidar,0.9642,test
20220218_lidar_tile_640_2432.npy,20220218,2022,lidar,0.981,test
20220218_lidar_tile_640_2560.npy,20220218,2022,lidar,0.994,test
20220218_lidar_tile_640_2688.npy,20220218,2022,lidar,0.9741,test
20220218_lidar_tile_640_2816.npy,20220218,2022,lidar,0.9361,test
20220218_lidar_tile_640_2944.npy,20220218,2022,lidar,0.9391,test
20220218_lidar_tile_768_128.npy,20220218,2022,lidar,0.9949,test
20220218_lidar_tile_768_256.npy,20220218,2022,lidar,0.9891,test
20220218_lidar_tile_768_384.npy,20220218,2022,lidar,0.9823,test
20220218_lidar_tile_768_512.npy,20220218,2022,lidar,0.9896,test
20220218_lidar_tile_768_640.npy,20220218,2022,lidar,0.9944,test
20220218_lidar_tile_768_768.npy,20220218,2022,lidar,0.9921,test
20220218_lidar_tile_768_896.npy,20220218,2022,lidar,0.9972,test
20220218_lidar_tile_768_1024.npy,20220218,2022,lidar,0.9985,test
20220218_lidar_tile_768_1152.npy,20220218,2022,lidar,0.997,test
20220218_lidar_tile_768_1280.npy,20220218,2022,lidar,0.9967,test
20220218_lidar_tile_768_1408.npy,20220218,2022,lidar,0.9724,test
20220218_lidar_tile_768_1536.npy,20220218,2022,lidar,0.9565,test
20220218_lidar_tile_768_1664.npy,20220218,2022,lidar,0.9753,test
20220218_lidar_tile_768_1792.npy,20220218,2022,lidar,0.9796,test
20220218_lidar_tile_768_1920.npy,20220218,2022,lidar,0.9437,test
20220218_lidar_tile_768_2048.npy,20220218,2022,lidar,0.8824,test
20220218_lidar_tile_768_2176.npy,20220218,2022,lidar,0.9159,test
20220218_lidar_tile_768_2304.npy,20220218,2022,lidar,0.9845,test
20220218_lidar_tile_768_2432.npy,20220218,2022,lidar,0.986,test
20220218_lidar_tile_768_2560.npy,20220218,2022,lidar,0.9851,test
20220218_lidar_tile_768_2688.npy,20220218,2022,lidar,0.9534,test
20220218_lidar_tile_768_2816.npy,20220218,2022,lidar,0.9394,test
20220218_lidar_tile_768_2944.npy,20220218,2022,lidar,0.948,test
20220218_lidar_tile_768_3072.npy,20220218,2022,lidar,0.9616,test
20220218_lidar_tile_896_128.npy,20220218,2022,lidar,0.9963,test
20220218_lidar_tile_896_256.npy,20220218,2022,lidar,0.9949,test
20220218_lidar_tile_896_384.npy,20220218,2022,lidar,0.9921,test
20220218_lidar_tile_896_512.npy,20220218,2022,lidar,0.9945,test
20220218_lidar_tile_896_640.npy,20220218,2022,lidar,0.9969,test
20220218_lidar_tile_896_768.npy,20220218,2022,lidar,0.9957,test
20220218_lidar_tile_896_896.npy,20220218,2022,lidar,0.9981,test
20220218_lidar_tile_896_1024.npy,20220218,2022,lidar,0.999,test
20220218_lidar_tile_896_1152.npy,20220218,2022,lidar,0.997,test
20220218_lidar_tile_896_1280.npy,20220218,2022,lidar,0.9965,test
20220218_lidar_tile_896_1408.npy,20220218,2022,lidar,0.9956,test
20220218_lidar_tile_896_1536.npy,20220218,2022,lidar,0.9859,test
20220218_lidar_tile_896_1664.npy,20220218,2022,lidar,0.9796,test
20220218_lidar_tile_896_1792.npy,20220218,2022,lidar,0.9687,test
20220218_lidar_tile_896_1920.npy,20220218,2022,lidar,0.9018,test
20220218_lidar_tile_896_2176.npy,20220218,2022,lidar,0.9062,test
20220218_lidar_tile_896_2304.npy,20220218,2022,lidar,0.9267,test
20220218_lidar_tile_896_2432.npy,20220218,2022,lidar,0.9478,test
20220218_lidar_tile_896_2560.npy,20220218,2022,lidar,0.9527,test
20220218_lidar_tile_896_2688.npy,20220218,2022,lidar,0.9554,test
20220218_lidar_tile_896_2816.npy,20220218,2022,lidar,0.9766,test
20220218_lidar_tile_896_2944.npy,20220218,2022,lidar,0.9705,test
20220218_lidar_tile_896_3072.npy,20220218,2022,lidar,0.9631,test
20220218_lidar_tile_896_3200.npy,20220218,2022,lidar,0.9859,test
20220218_lidar_tile_1024_128.npy,20220218,2022,lidar,0.9902,test
20220218_lidar_tile_1024_256.npy,20220218,2022,lidar,0.9988,test
20220218_lidar_tile_1024_384.npy,20220218,2022,lidar,0.9971,test
20220218_lidar_tile_1024_512.npy,20220218,2022,lidar,0.9971,test
20220218_lidar_tile_1024_640.npy,20220218,2022,lidar,0.9973,test
20220218_lidar_tile_1024_768.npy,20220218,2022,lidar,0.9949,test
20220218_lidar_tile_1024_896.npy,20220218,2022,lidar,0.9966,test
20220218_lidar_tile_1024_1024.npy,20220218,2022,lidar,0.9986,test
20220218_lidar_tile_1024_1152.npy,20220218,2022,lidar,0.9971,test
20220218_lidar_tile_1024_1280.npy,20220218,2022,lidar,0.9971,test
20220218_lidar_tile_1024_1408.npy,20220218,2022,lidar,0.9963,test
20220218_lidar_tile_1024_1536.npy,20220218,2022,lidar,0.9944,test
20220218_lidar_tile_1024_1664.npy,20220218,2022,lidar,0.9907,test
20220218_lidar_tile_1024_1792.npy,20220218,2022,lidar,0.9536,test
20220218_lidar_tile_1024_1920.npy,20220218,2022,lidar,0.9024,test
20220218_lidar_tile_1024_2048.npy,20220218,2022,lidar,0.8917,test
20220218_lidar_tile_1024_2176.npy,20220218,2022,lidar,0.9027,test
20220218_lidar_tile_1024_2304.npy,20220218,2022,lidar,0.8806,test
20220218_lidar_tile_1024_2432.npy,20220218,2022,lidar,0.8943,test
20220218_lidar_tile_1024_2560.npy,20220218,2022,lidar,0.9229,test
20220218_lidar_tile_1024_2688.npy,20220218,2022,lidar,0.9541,test
20220218_lidar_tile_1024_2816.npy,20220218,2022,lidar,0.9857,test
20220218_lidar_tile_1024_2944.npy,20220218,2022,lidar,0.9724,test
20220218_lidar_tile_1024_3072.npy,20220218,2022,lidar,0.9654,test
20220218_lidar_tile_1024_3200.npy,20220218,2022,lidar,0.9712,test
20220218_lidar_tile_1152_256.npy,20220218,2022,lidar,0.9727,test
20220218_lidar_tile_1152_384.npy,20220218,2022,lidar,0.995,test
20220218_lidar_tile_1152_512.npy,20220218,2022,lidar,0.9955,test
20220218_lidar_tile_1152_640.npy,20220218,2022,lidar,0.9983,test
20220218_lidar_tile_1152_768.npy,20220218,2022,lidar,0.998,test
20220218_lidar_tile_1152_896.npy,20220218,2022,lidar,0.9982,test
20220218_lidar_tile_1152_1024.npy,20220218,2022,lidar,0.9985,test
20220218_lidar_tile_1152_1152.npy,20220218,2022,lidar,0.9933,test
20220218_lidar_tile_1152_1280.npy,20220218,2022,lidar,0.9942,test
20220218_lidar_tile_1152_1408.npy,20220218,2022,lidar,0.9982,test
20220218_lidar_tile_1152_1536.npy,20220218,2022,lidar,0.9869,test
20220218_lidar_tile_1152_1664.npy,20220218,2022,lidar,0.9823,test
20220218_lidar_tile_1152_1792.npy,20220218,2022,lidar,0.9671,test
20220218_lidar_tile_1152_1920.npy,20220218,2022,lidar,0.951,test
20220218_lidar_tile_1152_2048.npy,20220218,2022,lidar,0.9432,test
20220218_lidar_tile_1152_2176.npy,20220218,2022,lidar,0.9489,test
20220218_lidar_tile_1152_2304.npy,20220218,2022,lidar,0.9199,test
20220218_lidar_tile_1152_2432.npy,20220218,2022,lidar,0.9121,test
20220218_lidar_tile_1152_2560.npy,20220218,2022,lidar,0.947,test
20220218_lidar_tile_1152_2688.npy,20220218,2022,lidar,0.9673,test
20220218_lidar_tile_1152_2816.npy,20220218,2022,lidar,0.97,test
20220218_lidar_tile_1152_2944.npy,20220218,2022,lidar,0.9579,test
20220218_lidar_tile_1152_3072.npy,20220218,2022,lidar,0.9551,test
20220218_lidar_tile_1280_384.npy,20220218,2022,lidar,0.8487,test
20220218_lidar_tile_1280_512.npy,20220218,2022,lidar,0.9784,test
20220218_lidar_tile_1280_640.npy,20220218,2022,lidar,0.9931,test
20220218_lidar_tile_1280_768.npy,20220218,2022,lidar,0.9967,test
20220218_lidar_tile_1280_896.npy,20220218,2022,lidar,0.9954,test
20220218_lidar_tile_1280_1024.npy,20220218,2022,lidar,0.9948,test
20220218_lidar_tile_1280_1152.npy,20220218,2022,lidar,0.9903,test
20220218_lidar_tile_1280_1280.npy,20220218,2022,lidar,0.9846,test
20220218_lidar_tile_1280_1408.npy,20220218,2022,lidar,0.9918,test
20220218_lidar_tile_1280_1536.npy,20220218,2022,lidar,0.952,test
20220218_lidar_tile_1280_1664.npy,20220218,2022,lidar,0.9402,test
20220218_lidar_tile_1280_1792.npy,20220218,2022,lidar,0.9827,test
20220218_lidar_tile_1280_1920.npy,20220218,2022,lidar,0.9622,test
20220218_lidar_tile_1280_2048.npy,20220218,2022,lidar,0.9496,test
20220218_lidar_tile_1280_2176.npy,20220218,2022,lidar,0.9633,test
20220218_lidar_tile_1280_2304.npy,20220218,2022,lidar,0.9559,test
20220218_lidar_tile_1280_2432.npy,20220218,2022,lidar,0.9644,test
20220218_lidar_tile_1280_2560.npy,20220218,2022,lidar,0.9868,test
20220218_lidar_tile_1280_2688.npy,20220218,2022,lidar,0.9904,test
20220218_lidar_tile_1280_2816.npy,20220218,2022,lidar,0.9649,test
20220218_lidar_tile_1280_2944.npy,20220218,2022,lidar,0.9554,test
20220218_lidar_tile_1280_3072.npy,20220218,2022,lidar,0.9607,test
20220218_lidar_tile_1408_768.npy,20220218,2022,lidar,0.9223,test
20220218_lidar_tile_1408_896.npy,20220218,2022,lidar,0.9358,test
20220218_lidar_tile_1408_1024.npy,20220218,2022,lidar,0.9617,test
20220218_lidar_tile_1408_1152.npy,20220218,2022,lidar,0.991,test
20220218_lidar_tile_1408_1280.npy,20220218,2022,lidar,0.9855,test
20220218_lidar_tile_1408_1408.npy,20220218,2022,lidar,0.9915,test
20220218_lidar_tile_1408_1536.npy,20220218,2022,lidar,0.9489,test
20220218_lidar_tile_1408_1664.npy,20220218,2022,lidar,0.9366,test
20220218_lidar_tile_1408_1792.npy,20220218,2022,lidar,0.9807,test
20220218_lidar_tile_1408_1920.npy,20220218,2022,lidar,0.9698,test
20220218_lidar_tile_1408_2048.npy,20220218,2022,lidar,0.9549,test
20220218_lidar_tile_1408_2176.npy,20220218,2022,lidar,0.9515,test
20220218_lidar_tile_1408_2304.npy,20220218,2022,lidar,0.9576,test
20220218_lidar_tile_1408_2432.npy,20220218,2022,lidar,0.9822,test
20220218_lidar_tile_1408_2560.npy,20220218,2022,lidar,0.9871,test
20220218_lidar_tile_1408_2688.npy,20220218,2022,lidar,0.971,test
20220218_lidar_tile_1408_2816.npy,20220218,2022,lidar,0.9642,test
20220218_lidar_tile_1408_2944.npy,20220218,2022,lidar,0.9733,test
20220218_lidar_tile_1408_3072.npy,20220218,2022,lidar,0.982,test
20220218_lidar_tile_1536_768.npy,20220218,2022,lidar,0.8092,test
20220218_lidar_tile_1536_896.npy,20220218,2022,lidar,0.9111,test
20220218_lidar_tile_1536_1024.npy,20220218,2022,lidar,0.949,test
20220218_lidar_tile_1536_1152.npy,20220218,2022,lidar,0.9929,test
20220218_lidar_tile_1536_1280.npy,20220218,2022,lidar,0.9953,test
20220218_lidar_tile_1536_1408.npy,20220218,2022,lidar,0.997,test
20220218_lidar_tile_1536_1536.npy,20220218,2022,lidar,0.9796,test
20220218_lidar_tile_1536_1664.npy,20220218,2022,lidar,0.9741,test
20220218_lidar_tile_1536_1792.npy,20220218,2022,lidar,0.9774,test
20220218_lidar_tile_1536_1920.npy,20220218,2022,lidar,0.9786,test
20220218_lidar_tile_1536_2048.npy,20220218,2022,lidar,0.9682,test
20220218_lidar_tile_1536_2176.npy,20220218,2022,lidar,0.9322,test
20220218_lidar_tile_1536_2304.npy,20220218,2022,lidar,0.9502,test
20220218_lidar_tile_1536_2432.npy,20220218,2022,lidar,0.9863,test
20220218_lidar_tile_1536_2560.npy,20220218,2022,lidar,0.975,test
20220218_lidar_tile_1536_2688.npy,20220218,2022,lidar,0.9506,test
20220218_lidar_tile_1536_2816.npy,20220218,2022,lidar,0.956,test
20220218_lidar_tile_1536_2944.npy,20220218,2022,lidar,0.9836,test
20220218_lidar_tile_1536_3072.npy,20220218,2022,lidar,0.9849,test
20220218_lidar_tile_1664_768.npy,20220218,2022,lidar,0.8425,test
20220218_lidar_tile_1664_896.npy,20220218,2022,lidar,0.9684,test
20220218_lidar_tile_1664_1024.npy,20220218,2022,lidar,0.9806,test
20220218_lidar_tile_1664_1152.npy,20220218,2022,lidar,0.9948,test
20220218_lidar_tile_1664_1280.npy,20220218,2022,lidar,0.9967,test
20220218_lidar_tile_1664_1408.npy,20220218,2022,lidar,0.9942,test
20220218_lidar_tile_1664_1536.npy,20220218,2022,lidar,0.9767,test
20220218_lidar_tile_1664_1664.npy,20220218,2022,lidar,0.9593,test
20220218_lidar_tile_1664_1792.npy,20220218,2022,lidar,0.9551,test
20220218_lidar_tile_1664_1920.npy,20220218,2022,lidar,0.9388,test
20220218_lidar_tile_1664_2048.npy,20220218,2022,lidar,0.9023,test
20220218_lidar_tile_1664_2176.npy,20220218,2022,lidar,0.9039,test
20220218_lidar_tile_1664_2304.npy,20220218,2022,lidar,0.9592,test
20220218_lidar_tile_1664_2432.npy,20220218,2022,lidar,0.9825,test
20220218_lidar_tile_1664_2560.npy,20220218,2022,lidar,0.969,test
20220218_lidar_tile_1664_2688.npy,20220218,2022,lidar,0.9627,test
20220218_lidar_tile_1664_2816.npy,20220218,2022,lidar,0.9704,test
20220218_lidar_tile_1664_2944.npy,20220218,2022,lidar,0.9881,test
20220218_lidar_tile_1792_768.npy,20220218,2022,lidar,0.8965,test
20220218_lidar_tile_1792_896.npy,20220218,2022,lidar,0.9966,test
20220218_lidar_tile_1792_1024.npy,20220218,2022,lidar,0.998,test
20220218_lidar_tile_1792_1152.npy,20220218,2022,lidar,0.9934,test
20220218_lidar_tile_1792_1280.npy,20220218,2022,lidar,0.9897,test
20220218_lidar_tile_1792_1408.npy,20220218,2022,lidar,0.9915,test
20220218_lidar_tile_1792_1536.npy,20220218,2022,lidar,0.973,test
20220218_lidar_tile_1792_1664.npy,20220218,2022,lidar,0.9544,test
20220218_lidar_tile_1792_1792.npy,20220218,2022,lidar,0.953,test
20220218_lidar_tile_1792_1920.npy,20220218,2022,lidar,0.9148,test
20220218_lidar_tile_1792_2048.npy,20220218,2022,lidar,0.8772,test
20220218_lidar_tile_1792_2176.npy,20220218,2022,lidar,0.9172,test
20220218_lidar_tile_1792_2304.npy,20220218,2022,lidar,0.9638,test
20220218_lidar_tile_1792_2432.npy,20220218,2022,lidar,0.9705,test
20220218_lidar_tile_1792_2560.npy,20220218,2022,lidar,0.974,test
20220218_lidar_tile_1792_2688.npy,20220218,2022,lidar,0.9829,test
20220218_lidar_tile_1792_2816.npy,20220218,2022,lidar,0.9938,test
20220218_lidar_tile_1792_2944.npy,20220218,2022,lidar,0.9797,test
20220218_lidar_tile_1920_768.npy,20220218,2022,lidar,0.8248,test
20220218_lidar_tile_1920_896.npy,20220218,2022,lidar,0.9948,test
20220218_lidar_tile_1920_1024.npy,20220218,2022,lidar,0.9974,test
20220218_lidar_tile_1920_1152.npy,20220218,2022,lidar,0.9928,test
20220218_lidar_tile_1920_1280.npy,20220218,2022,lidar,0.989,test
20220218_lidar_tile_1920_1408.npy,20220218,2022,lidar,0.9927,test
20220218_lidar_tile_1920_1536.npy,20220218,2022,lidar,0.9839,test
20220218_lidar_tile_1920_1664.npy,20220218,2022,lidar,0.9767,test
20220218_lidar_tile_1920_1792.npy,20220218,2022,lidar,0.9692,test
20220218_lidar_tile_1920_1920.npy,20220218,2022,lidar,0.9439,test
20220218_lidar_tile_1920_2048.npy,20220218,2022,lidar,0.929,test
20220218_lidar_tile_1920_2176.npy,20220218,2022,lidar,0.9449,test
20220218_lidar_tile_1920_2304.npy,20220218,2022,lidar,0.9581,test
20220218_lidar_tile_1920_2432.npy,20220218,2022,lidar,0.9676,test
20220218_lidar_tile_1920_2560.npy,20220218,2022,lidar,0.9872,test
20220218_lidar_tile_1920_2688.npy,20220218,2022,lidar,0.9924,test
20220218_lidar_tile_1920_2816.npy,20220218,2022,lidar,0.9906,test
20220218_lidar_tile_2048_768.npy,20220218,2022,lidar,0.7148,test
20220218_lidar_tile_2048_896.npy,20220218,2022,lidar,0.9909,test
20220218_lidar_tile_2048_1024.npy,20220218,2022,lidar,0.9934,test
20220218_lidar_tile_2048_1152.npy,20220218,2022,lidar,0.992,test
20220218_lidar_tile_2048_1280.npy,20220218,2022,lidar,0.988,test
20220218_lidar_tile_2048_1408.npy,20220218,2022,lidar,0.9867,test
20220218_lidar_tile_2048_1536.npy,20220218,2022,lidar,0.984,test
20220218_lidar_tile_2048_1664.npy,20220218,2022,lidar,0.9837,test
20220218_lidar_tile_2048_1792.npy,20220218,2022,lidar,0.9771,test
20220218_lidar_tile_2048_1920.npy,20220218,2022,lidar,0.9677,test
20220218_lidar_tile_2048_2048.npy,20220218,2022,lidar,0.9598,test
20220218_lidar_tile_2048_2176.npy,20220218,2022,lidar,0.9672,test
20220218_lidar_tile_2048_2304.npy,20220218,2022,lidar,0.9797,test
20220218_lidar_tile_2048_2432.npy,20220218,2022,lidar,0.9828,test
20220218_lidar_tile_2048_2560.npy,20220218,2022,lidar,0.9859,test
20220218_lidar_tile_2048_2688.npy,20220218,2022,lidar,0.9877,test
20220218_lidar_tile_2048_2816.npy,20220218,2022,lidar,0.9401,test
20220218_lidar_tile_2176_768.npy,20220218,2022,lidar,0.5826,test
20220218_lidar_tile_2176_896.npy,20220218,2022,lidar,0.9622,test
20220218_lidar_tile_2176_1024.npy,20220218,2022,lidar,0.9848,test
20220218_lidar_tile_2176_1152.npy,20220218,2022,lidar,0.9876,test
20220218_lidar_tile_2176_1280.npy,20220218,2022,lidar,0.9817,test
20220218_lidar_tile_2176_1408.npy,20220218,2022,lidar,0.9809,test
20220218_lidar_tile_2176_1536.npy,20220218,2022,lidar,0.9753,test
20220218_lidar_tile_2176_1664.npy,20220218,2022,lidar,0.9749,test
20220218_lidar_tile_2176_1792.npy,20220218,2022,lidar,0.9585,test
20220218_lidar_tile_2176_1920.npy,20220218,2022,lidar,0.9523,test
20220218_lidar_tile_2176_2048.npy,20220218,2022,lidar,0.9778,test
20220218_lidar_tile_2176_2176.npy,20220218,2022,lidar,0.9897,test
20220218_lidar_tile_2176_2304.npy,20220218,2022,lidar,0.9942,test
20220218_lidar_tile_2176_2432.npy,20220218,2022,lidar,0.9927,test
20220218_lidar_tile_2176_2560.npy,20220218,2022,lidar,0.9878,test
20220218_lidar_tile_2176_2688.npy,20220218,2022,lidar,0.9475,test
20220218_lidar_tile_2304_896.npy,20220218,2022,lidar,0.9391,test
20220218_lidar_tile_2304_1024.npy,20220218,2022,lidar,0.9829,test
20220218_lidar_tile_2304_1152.npy,20220218,2022,lidar,0.9863,test
20220218_lidar_tile_2304_1280.npy,20220218,2022,lidar,0.9846,test
20220218_lidar_tile_2304_1408.npy,20220218,2022,lidar,0.9762,test
20220218_lidar_tile_2304_1536.npy,20220218,2022,lidar,0.9641,test
20220218_lidar_tile_2304_1664.npy,20220218,2022,lidar,0.9677,test
20220218_lidar_tile_2304_1792.npy,20220218,2022,lidar,0.9574,test
20220218_lidar_tile_2304_1920.npy,20220218,2022,lidar,0.9607,test
20220218_lidar_tile_2304_2048.npy,20220218,2022,lidar,0.9899,test
20220218_lidar_tile_2304_2176.npy,20220218,2022,lidar,0.994,test
20220218_lidar_tile_2304_2304.npy,20220218,2022,lidar,0.9798,test
20220218_lidar_tile_2304_2432.npy,20220218,2022,lidar,0.9638,test
20220218_lidar_tile_2304_2560.npy,20220218,2022,lidar,0.9313,test
20220218_lidar_tile_2432_768.npy,20220218,2022,lidar,0.4337,test
20220218_lidar_tile_2432_896.npy,20220218,2022,lidar,0.9188,test
20220218_lidar_tile_2432_1024.npy,20220218,2022,lidar,0.9899,test
20220218_lidar_tile_2432_1152.npy,20220218,2022,lidar,0.9912,test
20220218_lidar_tile_2432_1280.npy,20220218,2022,lidar,0.9897,test
20220218_lidar_tile_2432_1408.npy,20220218,2022,lidar,0.9744,test
20220218_lidar_tile_2432_1536.npy,20220218,2022,lidar,0.9691,test
20220218_lidar_tile_2432_1664.npy,20220218,2022,lidar,0.9804,test
20220218_lidar_tile_2432_1792.npy,20220218,2022,lidar,0.9846,test
20220218_lidar_tile_2432_1920.npy,20220218,2022,lidar,0.9916,test
20220218_lidar_tile_2432_2048.npy,20220218,2022,lidar,0.9847,test
20220218_lidar_tile_2432_2176.npy,20220218,2022,lidar,0.9721,test
20220218_lidar_tile_2432_2304.npy,20220218,2022,lidar,0.9499,test
20220218_lidar_tile_2432_2432.npy,20220218,2022,lidar,0.8707,test
20220218_lidar_tile_2560_768.npy,20220218,2022,lidar,0.3101,test
20220218_lidar_tile_2560_896.npy,20220218,2022,lidar,0.8065,test
20220218_lidar_tile_2560_1024.npy,20220218,2022,lidar,0.992,test
20220218_lidar_tile_2560_1152.npy,20220218,2022,lidar,0.9923,test
20220218_lidar_tile_2560_1280.npy,20220218,2022,lidar,0.9917,test
20220218_lidar_tile_2560_1408.npy,20220218,2022,lidar,0.9869,test
20220218_lidar_tile_2560_1536.npy,20220218,2022,lidar,0.9878,test
20220218_lidar_tile_2560_1664.npy,20220218,2022,lidar,0.9939,test
20220218_lidar_tile_2560_1792.npy,20220218,2022,lidar,0.9968,test
20220218_lidar_tile_2560_1920.npy,20220218,2022,lidar,0.9969,test
20220218_lidar_tile_2560_2048.npy,20220218,2022,lidar,0.9726,test
20220218_lidar_tile_2560_2176.npy,20220218,2022,lidar,0.9506,test
20220218_lidar_tile_2560_2304.npy,20220218,2022,lidar,0.933,test
20220218_lidar_tile_2560_2432.npy,20220218,2022,lidar,0.8443,test
20220218_lidar_tile_2688_896.npy,20220218,2022,lidar,0.5913,test
20220218_lidar_tile_2688_1024.npy,20220218,2022,lidar,0.9631,test
20220218_lidar_tile_2688_1152.npy,20220218,2022,lidar,0.9852,test
20220218_lidar_tile_2688_1280.npy,20220218,2022,lidar,0.986,test
20220218_lidar_tile_2688_1408.npy,20220218,2022,lidar,0.991,test
20220218_lidar_tile_2688_1536.npy,20220218,2022,lidar,0.9938,test
20220218_lidar_tile_2688_1664.npy,20220218,2022,lidar,0.996,test
20220218_lidar_tile_2688_1792.npy,20220218,2022,lidar,0.998,test
20220218_lidar_tile_2688_1920.npy,20220218,2022,lidar,0.9965,test
20220218_lidar_tile_2688_2048.npy,20220218,2022,lidar,0.9775,test
20220218_lidar_tile_2688_2176.npy,20220218,2022,lidar,0.9644,test
20220218_lidar_tile_2688_2304.npy,20220218,2022,lidar,0.9097,test
20220218_lidar_tile_2816_1024.npy,20220218,2022,lidar,0.7353,test
20220218_lidar_tile_2816_1152.npy,20220218,2022,lidar,0.9708,test
20220218_lidar_tile_2816_1280.npy,20220218,2022,lidar,0.9755,test
20220218_lidar_tile_2816_1408.npy,20220218,2022,lidar,0.9813,test
20220218_lidar_tile_2816_1536.npy,20220218,2022,lidar,0.9891,test
20220218_lidar_tile_2816_1664.npy,20220218,2022,lidar,0.9941,test
20220218_lidar_tile_2816_1792.npy,20220218,2022,lidar,0.9876,test
20220218_lidar_tile_2816_1920.npy,20220218,2022,lidar,0.9664,test
20220218_lidar_tile_2944_1024.npy,20220218,2022,lidar,0.3699,test
20220218_lidar_tile_2944_1152.npy,20220218,2022,lidar,0.8194,test
20220218_lidar_tile_2944_1280.npy,20220218,2022,lidar,0.9605,test
20220218_lidar_tile_2944_1408.npy,20220218,2022,lidar,0.9309,test
20220218_lidar_tile_2944_1536.npy,20220218,2022,lidar,0.91,test
20220417_lidar_tile_128_0.npy,20220417,2022,lidar,0.7177,test
20220417_lidar_tile_128_128.npy,20220417,2022,lidar,0.9492,test
20220417_lidar_tile_128_256.npy,20220417,2022,lidar,0.9691,test
20220417_lidar_tile_128_384.npy,20220417,2022,lidar,0.9789,test
20220417_lidar_tile_128_512.npy,20220417,2022,lidar,0.903,test
20220417_lidar_tile_256_0.npy,20220417,2022,lidar,0.7382,test
20220417_lidar_tile_256_128.npy,20220417,2022,lidar,0.9302,test
20220417_lidar_tile_256_256.npy,20220417,2022,lidar,0.9311,test
20220417_lidar_tile_256_384.npy,20220417,2022,lidar,0.9753,test
20220417_lidar_tile_256_512.npy,20220417,2022,lidar,0.9547,test
20220417_lidar_tile_256_640.npy,20220417,2022,lidar,0.9564,test
20220417_lidar_tile_384_0.npy,20220417,2022,lidar,0.8593,test
20220417_lidar_tile_384_128.npy,20220417,2022,lidar,0.9634,test
20220417_lidar_tile_384_256.npy,20220417,2022,lidar,0.9527,test
20220417_lidar_tile_384_384.npy,20220417,2022,lidar,0.9615,test
20220417_lidar_tile_384_512.npy,20220417,2022,lidar,0.9173,test
20220417_lidar_tile_384_640.npy,20220417,2022,lidar,0.9286,test
20220417_lidar_tile_384_768.npy,20220417,2022,lidar,0.974,test
20220417_lidar_tile_384_1792.npy,20220417,2022,lidar,0.9213,test
20220417_lidar_tile_384_1920.npy,20220417,2022,lidar,0.9243,test
20220417_lidar_tile_512_0.npy,20220417,2022,lidar,0.9119,test
20220417_lidar_tile_512_128.npy,20220417,2022,lidar,0.9676,test
20220417_lidar_tile_512_256.npy,20220417,2022,lidar,0.9708,test
20220417_lidar_tile_512_384.npy,20220417,2022,lidar,0.9825,test
20220417_lidar_tile_512_512.npy,20220417,2022,lidar,0.9566,test
20220417_lidar_tile_512_640.npy,20220417,2022,lidar,0.9636,test
20220417_lidar_tile_512_768.npy,20220417,2022,lidar,0.9864,test
20220417_lidar_tile_512_896.npy,20220417,2022,lidar,0.9896,test
20220417_lidar_tile_512_1024.npy,20220417,2022,lidar,0.9978,test
20220417_lidar_tile_512_1152.npy,20220417,2022,lidar,0.9978,test
20220417_lidar_tile_512_1280.npy,20220417,2022,lidar,0.9626,test
20220417_lidar_tile_512_1408.npy,20220417,2022,lidar,0.9436,test
20220417_lidar_tile_512_1536.npy,20220417,2022,lidar,0.9694,test
20220417_lidar_tile_512_1664.npy,20220417,2022,lidar,0.9728,test
20220417_lidar_tile_512_1792.npy,20220417,2022,lidar,0.9525,test
20220417_lidar_tile_512_1920.npy,20220417,2022,lidar,0.9427,test
20220417_lidar_tile_512_2048.npy,20220417,2022,lidar,0.9457,test
20220417_lidar_tile_512_2176.npy,20220417,2022,lidar,0.9318,test
20220417_lidar_tile_512_2304.npy,20220417,2022,lidar,0.9297,test
20220417_lidar_tile_640_0.npy,20220417,2022,lidar,0.9096,test
20220417_lidar_tile_640_128.npy,20220417,2022,lidar,0.9641,test
20220417_lidar_tile_640_256.npy,20220417,2022,lidar,0.971,test
20220417_lidar_tile_640_384.npy,20220417,2022,lidar,0.9947,test
20220417_lidar_tile_640_512.npy,20220417,2022,lidar,0.9987,test
20220417_lidar_tile_640_640.npy,20220417,2022,lidar,0.9988,test
20220417_lidar_tile_640_768.npy,20220417,2022,lidar,0.9945,test
20220417_lidar_tile_640_896.npy,20220417,2022,lidar,0.9947,test
20220417_lidar_tile_640_1024.npy,20220417,2022,lidar,0.9986,test
20220417_lidar_tile_640_1152.npy,20220417,2022,lidar,0.9989,test
20220417_lidar_tile_640_1280.npy,20220417,2022,lidar,0.9992,test
20220417_lidar_tile_640_1408.npy,20220417,2022,lidar,0.9846,test
20220417_lidar_tile_640_1536.npy,20220417,2022,lidar,0.9521,test
20220417_lidar_tile_640_1664.npy,20220417,2022,lidar,0.9503,test
20220417_lidar_tile_640_1792.npy,20220417,2022,lidar,0.9703,test
20220417_lidar_tile_640_1920.npy,20220417,2022,lidar,0.9651,test
20220417_lidar_tile_640_2048.npy,20220417,2022,lidar,0.9578,test
20220417_lidar_tile_640_2176.npy,20220417,2022,lidar,0.9703,test
20220417_lidar_tile_640_2304.npy,20220417,2022,lidar,0.9376,test
20220417_lidar_tile_640_2432.npy,20220417,2022,lidar,0.9111,test
20220417_lidar_tile_640_2560.npy,20220417,2022,lidar,0.9048,test
20220417_lidar_tile_768_0.npy,20220417,2022,lidar,0.8875,test
20220417_lidar_tile_768_128.npy,20220417,2022,lidar,0.9621,test
20220417_lidar_tile_768_256.npy,20220417,2022,lidar,0.9694,test
20220417_lidar_tile_768_384.npy,20220417,2022,lidar,0.9804,test
20220417_lidar_tile_768_512.npy,20220417,2022,lidar,0.9906,test
20220417_lidar_tile_768_640.npy,20220417,2022,lidar,0.9979,test
20220417_lidar_tile_768_768.npy,20220417,2022,lidar,0.9989,test
20220417_lidar_tile_768_896.npy,20220417,2022,lidar,0.999,test
20220417_lidar_tile_768_1024.npy,20220417,2022,lidar,0.9984,test
20220417_lidar_tile_768_1152.npy,20220417,2022,lidar,0.998,test
20220417_lidar_tile_768_1280.npy,20220417,2022,lidar,0.9976,test
20220417_lidar_tile_768_1408.npy,20220417,2022,lidar,0.9841,test
20220417_lidar_tile_768_1536.npy,20220417,2022,lidar,0.9139,test
20220417_lidar_tile_768_1664.npy,20220417,2022,lidar,0.9216,test
20220417_lidar_tile_768_1792.npy,20220417,2022,lidar,0.9884,test
20220417_lidar_tile_768_1920.npy,20220417,2022,lidar,0.9821,test
20220417_lidar_tile_768_2048.npy,20220417,2022,lidar,0.9695,test
20220417_lidar_tile_768_2176.npy,20220417,2022,lidar,0.9653,test
20220417_lidar_tile_768_2304.npy,20220417,2022,lidar,0.9322,test
20220417_lidar_tile_768_2432.npy,20220417,2022,lidar,0.9287,test
20220417_lidar_tile_768_2560.npy,20220417,2022,lidar,0.9078,test
20220417_lidar_tile_768_2688.npy,20220417,2022,lidar,0.8525,test
20220417_lidar_tile_896_0.npy,20220417,2022,lidar,0.8235,test
20220417_lidar_tile_896_128.npy,20220417,2022,lidar,0.8638,test
20220417_lidar_tile_896_256.npy,20220417,2022,lidar,0.8539,test
20220417_lidar_tile_896_384.npy,20220417,2022,lidar,0.9154,test
20220417_lidar_tile_896_512.npy,20220417,2022,lidar,0.9783,test
20220417_lidar_tile_896_640.npy,20220417,2022,lidar,0.9967,test
20220417_lidar_tile_896_768.npy,20220417,2022,lidar,0.9987,test
20220417_lidar_tile_896_896.npy,20220417,2022,lidar,0.9973,test
20220417_lidar_tile_896_1024.npy,20220417,2022,lidar,0.9965,test
20220417_lidar_tile_896_1152.npy,20220417,2022,lidar,0.9957,test
20220417_lidar_tile_896_1280.npy,20220417,2022,lidar,0.9951,test
20220417_lidar_tile_896_1408.npy,20220417,2022,lidar,0.9804,test
20220417_lidar_tile_896_1792.npy,20220417,2022,lidar,0.9837,test
20220417_lidar_tile_896_1920.npy,20220417,2022,lidar,0.9871,test
20220417_lidar_tile_896_2048.npy,20220417,2022,lidar,0.9767,test
20220417_lidar_tile_896_2176.npy,20220417,2022,lidar,0.9482,test
20220417_lidar_tile_896_2304.npy,20220417,2022,lidar,0.9424,test
20220417_lidar_tile_896_2432.npy,20220417,2022,lidar,0.8864,test
20220417_lidar_tile_896_2560.npy,20220417,2022,lidar,0.672,test
20220417_lidar_tile_896_2688.npy,20220417,2022,lidar,0.6905,test
20220417_lidar_tile_896_2816.npy,20220417,2022,lidar,0.7137,test
20220417_lidar_tile_1024_0.npy,20220417,2022,lidar,0.8271,test
20220417_lidar_tile_1024_128.npy,20220417,2022,lidar,0.8386,test
20220417_lidar_tile_1024_256.npy,20220417,2022,lidar,0.8173,test
20220417_lidar_tile_1024_384.npy,20220417,2022,lidar,0.8947,test
20220417_lidar_tile_1024_512.npy,20220417,2022,lidar,0.9805,test
20220417_lidar_tile_1024_640.npy,20220417,2022,lidar,0.9883,test
20220417_lidar_tile_1024_768.npy,20220417,2022,lidar,0.9917,test
20220417_lidar_tile_1024_896.npy,20220417,2022,lidar,0.9964,test
20220417_lidar_tile_1024_1024.npy,20220417,2022,lidar,0.9952,test
20220417_lidar_tile_1024_1152.npy,20220417,2022,lidar,0.9946,test
20220417_lidar_tile_1024_1280.npy,20220417,2022,lidar,0.9946,test
20220417_lidar_tile_1024_1408.npy,20220417,2022,lidar,0.9845,test
20220417_lidar_tile_1024_1536.npy,20220417,2022,lidar,0.9417,test
20220417_lidar_tile_1024_1664.npy,20220417,2022,lidar,0.9435,test
20220417_lidar_tile_1024_1792.npy,20220417,2022,lidar,0.9771,test
20220417_lidar_tile_1024_1920.npy,20220417,2022,lidar,0.9838,test
20220417_lidar_tile_1024_2048.npy,20220417,2022,lidar,0.9584,test
20220417_lidar_tile_1024_2176.npy,20220417,2022,lidar,0.9291,test
20220417_lidar_tile_1024_2304.npy,20220417,2022,lidar,0.9205,test
20220417_lidar_tile_1024_2432.npy,20220417,2022,lidar,0.7167,test
20220417_lidar_tile_1024_2560.npy,20220417,2022,lidar,0.4452,test
20220417_lidar_tile_1024_2688.npy,20220417,2022,lidar,0.5037,test
20220417_lidar_tile_1152_0.npy,20220417,2022,lidar,0.849,test
20220417_lidar_tile_1152_128.npy,20220417,2022,lidar,0.9203,test
20220417_lidar_tile_1152_256.npy,20220417,2022,lidar,0.8968,test
20220417_lidar_tile_1152_384.npy,20220417,2022,lidar,0.9163,test
20220417_lidar_tile_1152_512.npy,20220417,2022,lidar,0.9834,test
20220417_lidar_tile_1152_640.npy,20220417,2022,lidar,0.9887,test
20220417_lidar_tile_1152_768.npy,20220417,2022,lidar,0.9827,test
20220417_lidar_tile_1152_896.npy,20220417,2022,lidar,0.9884,test
20220417_lidar_tile_1152_1024.npy,20220417,2022,lidar,0.9928,test
20220417_lidar_tile_1152_1152.npy,20220417,2022,lidar,0.9893,test
20220417_lidar_tile_1152_1280.npy,20220417,2022,lidar,0.992,test
20220417_lidar_tile_1152_1408.npy,20220417,2022,lidar,0.9892,test
20220417_lidar_tile_1152_1536.npy,20220417,2022,lidar,0.981,test
20220417_lidar_tile_1152_1664.npy,20220417,2022,lidar,0.9756,test
20220417_lidar_tile_1152_1792.npy,20220417,2022,lidar,0.9739,test
20220417_lidar_tile_1152_1920.npy,20220417,2022,lidar,0.971,test
20220417_lidar_tile_1152_2048.npy,20220417,2022,lidar,0.9493,test
20220417_lidar_tile_1152_2176.npy,20220417,2022,lidar,0.894,test
20220417_lidar_tile_1152_2304.npy,20220417,2022,lidar,0.8069,test
20220417_lidar_tile_1152_2432.npy,20220417,2022,lidar,0.599,test
20220417_lidar_tile_1152_2560.npy,20220417,2022,lidar,0.5451,test
20220417_lidar_tile_1152_2688.npy,20220417,2022,lidar,0.5847,test
20220417_lidar_tile_1280_0.npy,20220417,2022,lidar,0.6912,test
20220417_lidar_tile_1280_128.npy,20220417,2022,lidar,0.8044,test
20220417_lidar_tile_1280_256.npy,20220417,2022,lidar,0.873,test
20220417_lidar_tile_1280_384.npy,20220417,2022,lidar,0.9443,test
20220417_lidar_tile_1280_512.npy,20220417,2022,lidar,0.985,test
20220417_lidar_tile_1280_640.npy,20220417,2022,lidar,0.9952,test
20220417_lidar_tile_1280_768.npy,20220417,2022,lidar,0.9901,test
20220417_lidar_tile_1280_896.npy,20220417,2022,lidar,0.9895,test
20220417_lidar_tile_1280_1024.npy,20220417,2022,lidar,0.9919,test
20220417_lidar_tile_1280_1152.npy,20220417,2022,lidar,0.9837,test
20220417_lidar_tile_1280_1280.npy,20220417,2022,lidar,0.9868,test
20220417_lidar_tile_1280_1408.npy,20220417,2022,lidar,0.9845,test
20220417_lidar_tile_1280_1536.npy,20220417,2022,lidar,0.9713,test
20220417_lidar_tile_1280_1664.npy,20220417,2022,lidar,0.9723,test
20220417_lidar_tile_1280_1792.npy,20220417,2022,lidar,0.9767,test
20220417_lidar_tile_1280_1920.npy,20220417,2022,lidar,0.9534,test
20220417_lidar_tile_1280_2048.npy,20220417,2022,lidar,0.9354,test
20220417_lidar_tile_1280_2176.npy,20220417,2022,lidar,0.8403,test
20220417_lidar_tile_1280_2304.npy,20220417,2022,lidar,0.6425,test
20220417_lidar_tile_1280_2432.npy,20220417,2022,lidar,0.5746,test
20220417_lidar_tile_1280_2560.npy,20220417,2022,lidar,0.7164,test
20220417_lidar_tile_1280_2688.npy,20220417,2022,lidar,0.6625,test
20220417_lidar_tile_1408_384.npy,20220417,2022,lidar,0.8147,test
20220417_lidar_tile_1408_512.npy,20220417,2022,lidar,0.957,test
20220417_lidar_tile_1408_640.npy,20220417,2022,lidar,0.9765,test
20220417_lidar_tile_1408_768.npy,20220417,2022,lidar,0.9987,test
20220417_lidar_tile_1408_896.npy,20220417,2022,lidar,0.9973,test
20220417_lidar_tile_1408_1024.npy,20220417,2022,lidar,0.9944,test
20220417_lidar_tile_1408_1152.npy,20220417,2022,lidar,0.9886,test
20220417_lidar_tile_1408_1280.npy,20220417,2022,lidar,0.9887,test
20220417_lidar_tile_1408_1408.npy,20220417,2022,lidar,0.9861,test
20220417_lidar_tile_1408_1536.npy,20220417,2022,lidar,0.9769,test
20220417_lidar_tile_1408_1664.npy,20220417,2022,lidar,0.9789,test
20220417_lidar_tile_1408_1792.npy,20220417,2022,lidar,0.9757,test
20220417_lidar_tile_1408_1920.npy,20220417,2022,lidar,0.953,test
20220417_lidar_tile_1408_2048.npy,20220417,2022,lidar,0.9154,test
20220417_lidar_tile_1408_2176.npy,20220417,2022,lidar,0.8097,test
20220417_lidar_tile_1408_2304.npy,20220417,2022,lidar,0.6597,test
20220417_lidar_tile_1408_2432.npy,20220417,2022,lidar,0.6741,test
20220417_lidar_tile_1408_2560.npy,20220417,2022,lidar,0.728,test
20220417_lidar_tile_1408_2688.npy,20220417,2022,lidar,0.6262,test
20220417_lidar_tile_1536_384.npy,20220417,2022,lidar,0.4582,test
20220417_lidar_tile_1536_512.npy,20220417,2022,lidar,0.8457,test
20220417_lidar_tile_1536_640.npy,20220417,2022,lidar,0.9571,test
20220417_lidar_tile_1536_768.npy,20220417,2022,lidar,0.9699,test
20220417_lidar_tile_1536_896.npy,20220417,2022,lidar,0.99,test
20220417_lidar_tile_1536_1024.npy,20220417,2022,lidar,0.9941,test
20220417_lidar_tile_1536_1152.npy,20220417,2022,lidar,0.9933,test
20220417_lidar_tile_1536_1280.npy,20220417,2022,lidar,0.9879,test
20220417_lidar_tile_1536_1408.npy,20220417,2022,lidar,0.9844,test
20220417_lidar_tile_1536_1536.npy,20220417,2022,lidar,0.9897,test
20220417_lidar_tile_1536_1664.npy,20220417,2022,lidar,0.9892,test
20220417_lidar_tile_1536_1792.npy,20220417,2022,lidar,0.9694,test
20220417_lidar_tile_1536_1920.npy,20220417,2022,lidar,0.959,test
20220417_lidar_tile_1536_2048.npy,20220417,2022,lidar,0.9224,test
20220417_lidar_tile_1536_2176.npy,20220417,2022,lidar,0.835,test
20220417_lidar_tile_1536_2304.npy,20220417,2022,lidar,0.7634,test
20220417_lidar_tile_1536_2432.npy,20220417,2022,lidar,0.774,test
20220417_lidar_tile_1536_2560.npy,20220417,2022,lidar,0.7306,test
20220417_lidar_tile_1536_2688.npy,20220417,2022,lidar,0.6441,test
20220417_lidar_tile_1664_512.npy,20220417,2022,lidar,0.453,test
20220417_lidar_tile_1664_640.npy,20220417,2022,lidar,0.73,test
20220417_lidar_tile_1664_768.npy,20220417,2022,lidar,0.7941,test
20220417_lidar_tile_1664_896.npy,20220417,2022,lidar,0.8717,test
20220417_lidar_tile_1664_1024.npy,20220417,2022,lidar,0.9481,test
20220417_lidar_tile_1664_1152.npy,20220417,2022,lidar,0.9538,test
20220417_lidar_tile_1664_1280.npy,20220417,2022,lidar,0.9819,test
20220417_lidar_tile_1664_1408.npy,20220417,2022,lidar,0.9853,test
20220417_lidar_tile_1664_1536.npy,20220417,2022,lidar,0.9952,test
20220417_lidar_tile_1664_1664.npy,20220417,2022,lidar,0.9833,test
20220417_lidar_tile_1664_1792.npy,20220417,2022,lidar,0.9577,test
20220417_lidar_tile_1664_1920.npy,20220417,2022,lidar,0.9637,test
20220417_lidar_tile_1664_2048.npy,20220417,2022,lidar,0.9446,test
20220417_lidar_tile_1664_2176.npy,20220417,2022,lidar,0.8932,test
20220417_lidar_tile_1664_2304.npy,20220417,2022,lidar,0.8532,test
20220417_lidar_tile_1664_2432.npy,20220417,2022,lidar,0.8293,test
20220417_lidar_tile_1664_2560.npy,20220417,2022,lidar,0.7704,test
20220417_lidar_tile_1792_768.npy,20220417,2022,lidar,0.3543,test
20220417_lidar_tile_1792_896.npy,20220417,2022,lidar,0.5125,test
20220417_lidar_tile_1792_1024.npy,20220417,2022,lidar,0.7589,test
20220417_lidar_tile_1792_1152.npy,20220417,2022,lidar,0.8547,test
20220417_lidar_tile_1792_1280.npy,20220417,2022,lidar,0.92,test
20220417_lidar_tile_1792_1408.npy,20220417,2022,lidar,0.9785,test
20220417_lidar_tile_1792_1536.npy,20220417,2022,lidar,0.9926,test
20220417_lidar_tile_1792_1664.npy,20220417,2022,lidar,0.973,test
20220417_lidar_tile_1792_1792.npy,20220417,2022,lidar,0.9545,test
20220417_lidar_tile_1792_1920.npy,20220417,2022,lidar,0.9707,test
20220417_lidar_tile_1792_2048.npy,20220417,2022,lidar,0.9674,test
20220417_lidar_tile_1792_2176.npy,20220417,2022,lidar,0.9478,test
20220417_lidar_tile_1792_2304.npy,20220417,2022,lidar,0.9521,test
20220417_lidar_tile_1792_2432.npy,20220417,2022,lidar,0.9352,test
20220417_lidar_tile_1920_1024.npy,20220417,2022,lidar,0.4445,test
20220417_lidar_tile_1920_1152.npy,20220417,2022,lidar,0.5177,test
20220417_lidar_tile_1920_1280.npy,20220417,2022,lidar,0.6588,test
20220417_lidar_tile_1920_1408.npy,20220417,2022,lidar,0.9422,test
20220417_lidar_tile_1920_1536.npy,20220417,2022,lidar,0.9882,test
20220417_lidar_tile_1920_1664.npy,20220417,2022,lidar,0.9762,test
20220417_lidar_tile_1920_1792.npy,20220417,2022,lidar,0.9708,test
20220417_lidar_tile_1920_1920.npy,20220417,2022,lidar,0.9797,test
20220417_lidar_tile_1920_2048.npy,20220417,2022,lidar,0.9802,test
20220417_lidar_tile_1920_2176.npy,20220417,2022,lidar,0.9755,test
20220417_lidar_tile_1920_2304.npy,20220417,2022,lidar,0.9794,test
20220417_lidar_tile_1920_2432.npy,20220417,2022,lidar,0.9306,test
20220417_lidar_tile_2048_1280.npy,20220417,2022,lidar,0.4049,test
20220417_lidar_tile_2048_1408.npy,20220417,2022,lidar,0.8338,test
20220417_lidar_tile_2048_1536.npy,20220417,2022,lidar,0.9387,test
20220417_lidar_tile_2048_1664.npy,20220417,2022,lidar,0.9694,test
20220417_lidar_tile_2048_1792.npy,20220417,2022,lidar,0.9873,test
20220417_lidar_tile_2048_1920.npy,20220417,2022,lidar,0.9897,test
20220417_lidar_tile_2048_2048.npy,20220417,2022,lidar,0.992,test
20220417_lidar_tile_2048_2176.npy,20220417,2022,lidar,0.9833,test
20220417_lidar_tile_2048_2304.npy,20220417,2022,lidar,0.979,test
20220417_lidar_tile_2176_1408.npy,20220417,2022,lidar,0.4343,test
20220417_lidar_tile_2176_1536.npy,20220417,2022,lidar,0.5034,test
20220417_lidar_tile_2176_1664.npy,20220417,2022,lidar,0.6394,test
20220417_lidar_tile_2176_1792.npy,20220417,2022,lidar,0.8563,test
20220417_lidar_tile_2176_1920.npy,20220417,2022,lidar,0.9844,test
20220417_lidar_tile_2176_2048.npy,20220417,2022,lidar,0.994,test
20220417_lidar_tile_2176_2176.npy,20220417,2022,lidar,0.9886,test
20220417_lidar_tile_2176_2304.npy,20220417,2022,lidar,0.896,test
20220417_lidar_tile_2304_1792.npy,20220417,2022,lidar,0.4278,test
20220417_lidar_tile_2304_1920.npy,20220417,2022,lidar,0.7149,test
20220417_lidar_tile_2304_2048.npy,20220417,2022,lidar,0.8928,test
20220516_lidar_tile_128_256.npy,20220516,2022,lidar,0.9055,test
20220516_lidar_tile_128_384.npy,20220516,2022,lidar,0.9679,test
20220516_lidar_tile_128_512.npy,20220516,2022,lidar,0.9757,test
20220516_lidar_tile_128_640.npy,20220516,2022,lidar,0.9897,test
20220516_lidar_tile_128_768.npy,20220516,2022,lidar,0.9953,test
20220516_lidar_tile_128_896.npy,20220516,2022,lidar,0.9401,test
20220516_lidar_tile_256_256.npy,20220516,2022,lidar,0.9788,test
20220516_lidar_tile_256_384.npy,20220516,2022,lidar,0.9789,test
20220516_lidar_tile_256_512.npy,20220516,2022,lidar,0.9845,test
20220516_lidar_tile_256_640.npy,20220516,2022,lidar,0.9905,test
20220516_lidar_tile_256_768.npy,20220516,2022,lidar,0.9926,test
20220516_lidar_tile_256_896.npy,20220516,2022,lidar,0.9851,test
20220516_lidar_tile_256_1024.npy,20220516,2022,lidar,0.9893,test
20220516_lidar_tile_256_1152.npy,20220516,2022,lidar,0.9845,test
20220516_lidar_tile_384_128.npy,20220516,2022,lidar,0.9405,test
20220516_lidar_tile_384_256.npy,20220516,2022,lidar,0.9764,test
20220516_lidar_tile_384_384.npy,20220516,2022,lidar,0.981,test
20220516_lidar_tile_384_512.npy,20220516,2022,lidar,0.9951,test
20220516_lidar_tile_384_640.npy,20220516,2022,lidar,0.9963,test
20220516_lidar_tile_384_768.npy,20220516,2022,lidar,0.9913,test
20220516_lidar_tile_384_896.npy,20220516,2022,lidar,0.9856,test
20220516_lidar_tile_384_1024.npy,20220516,2022,lidar,0.9919,test
20220516_lidar_tile_384_1152.npy,20220516,2022,lidar,0.9971,test
20220516_lidar_tile_384_2304.npy,20220516,2022,lidar,0.3749,test
20220516_lidar_tile_512_128.npy,20220516,2022,lidar,0.9799,test
20220516_lidar_tile_512_256.npy,20220516,2022,lidar,0.977,test
20220516_lidar_tile_512_384.npy,20220516,2022,lidar,0.9846,test
20220516_lidar_tile_512_512.npy,20220516,2022,lidar,0.9958,test
20220516_lidar_tile_512_640.npy,20220516,2022,lidar,0.994,test
20220516_lidar_tile_512_768.npy,20220516,2022,lidar,0.992,test
20220516_lidar_tile_512_896.npy,20220516,2022,lidar,0.9964,test
20220516_lidar_tile_512_1024.npy,20220516,2022,lidar,0.9987,test
20220516_lidar_tile_512_1152.npy,20220516,2022,lidar,0.9937,test
20220516_lidar_tile_512_1280.npy,20220516,2022,lidar,0.9729,test
20220516_lidar_tile_512_1408.npy,20220516,2022,lidar,0.9699,test
20220516_lidar_tile_512_1536.npy,20220516,2022,lidar,0.9256,test
20220516_lidar_tile_512_1664.npy,20220516,2022,lidar,0.8995,test
20220516_lidar_tile_512_1792.npy,20220516,2022,lidar,0.925,test
20220516_lidar_tile_512_1920.npy,20220516,2022,lidar,0.9495,test
20220516_lidar_tile_512_2048.npy,20220516,2022,lidar,0.9733,test
20220516_lidar_tile_512_2176.npy,20220516,2022,lidar,0.9244,test
20220516_lidar_tile_512_2304.npy,20220516,2022,lidar,0.7072,test
20220516_lidar_tile_512_2432.npy,20220516,2022,lidar,0.3998,test
20220516_lidar_tile_640_128.npy,20220516,2022,lidar,0.9848,test
20220516_lidar_tile_640_256.npy,20220516,2022,lidar,0.983,test
20220516_lidar_tile_640_384.npy,20220516,2022,lidar,0.9877,test
20220516_lidar_tile_640_512.npy,20220516,2022,lidar,0.9944,test
20220516_lidar_tile_640_640.npy,20220516,2022,lidar,0.993,test
20220516_lidar_tile_640_768.npy,20220516,2022,lidar,0.9924,test
20220516_lidar_tile_640_896.npy,20220516,2022,lidar,0.997,test
20220516_lidar_tile_640_1024.npy,20220516,2022,lidar,0.9973,test
20220516_lidar_tile_640_1152.npy,20220516,2022,lidar,0.9895,test
20220516_lidar_tile_640_1280.npy,20220516,2022,lidar,0.9726,test
20220516_lidar_tile_640_1408.npy,20220516,2022,lidar,0.95,test
20220516_lidar_tile_640_1536.npy,20220516,2022,lidar,0.8762,test
20220516_lidar_tile_640_1664.npy,20220516,2022,lidar,0.8818,test
20220516_lidar_tile_640_1792.npy,20220516,2022,lidar,0.9525,test
20220516_lidar_tile_640_1920.npy,20220516,2022,lidar,0.9679,test
20220516_lidar_tile_640_2048.npy,20220516,2022,lidar,0.96,test
20220516_lidar_tile_640_2176.npy,20220516,2022,lidar,0.9219,test
20220516_lidar_tile_640_2304.npy,20220516,2022,lidar,0.7493,test
20220516_lidar_tile_640_2432.npy,20220516,2022,lidar,0.4299,test
20220516_lidar_tile_768_128.npy,20220516,2022,lidar,0.9846,test
20220516_lidar_tile_768_256.npy,20220516,2022,lidar,0.9898,test
20220516_lidar_tile_768_384.npy,20220516,2022,lidar,0.9916,test
20220516_lidar_tile_768_512.npy,20220516,2022,lidar,0.9921,test
20220516_lidar_tile_768_640.npy,20220516,2022,lidar,0.994,test
20220516_lidar_tile_768_768.npy,20220516,2022,lidar,0.9968,test
20220516_lidar_tile_768_896.npy,20220516,2022,lidar,0.9962,test
20220516_lidar_tile_768_1024.npy,20220516,2022,lidar,0.9927,test
20220516_lidar_tile_768_1152.npy,20220516,2022,lidar,0.9911,test
20220516_lidar_tile_768_1280.npy,20220516,2022,lidar,0.9785,test
20220516_lidar_tile_768_1408.npy,20220516,2022,lidar,0.9095,test
20220516_lidar_tile_768_1536.npy,20220516,2022,lidar,0.888,test
20220516_lidar_tile_768_1664.npy,20220516,2022,lidar,0.9317,test
20220516_lidar_tile_768_1792.npy,20220516,2022,lidar,0.9466,test
20220516_lidar_tile_768_1920.npy,20220516,2022,lidar,0.9327,test
20220516_lidar_tile_768_2048.npy,20220516,2022,lidar,0.8736,test
20220516_lidar_tile_768_2176.npy,20220516,2022,lidar,0.8691,test
20220516_lidar_tile_768_2304.npy,20220516,2022,lidar,0.8367,test
20220516_lidar_tile_768_2432.npy,20220516,2022,lidar,0.5657,test
20220516_lidar_tile_896_128.npy,20220516,2022,lidar,0.9846,test
20220516_lidar_tile_896_256.npy,20220516,2022,lidar,0.9935,test
20220516_lidar_tile_896_384.npy,20220516,2022,lidar,0.9951,test
20220516_lidar_tile_896_512.npy,20220516,2022,lidar,0.9916,test
20220516_lidar_tile_896_640.npy,20220516,2022,lidar,0.9936,test
20220516_lidar_tile_896_768.npy,20220516,2022,lidar,0.9985,test
20220516_lidar_tile_896_896.npy,20220516,2022,lidar,0.996,test
20220516_lidar_tile_896_1024.npy,20220516,2022,lidar,0.9919,test
20220516_lidar_tile_896_1152.npy,20220516,2022,lidar,0.993,test
20220516_lidar_tile_896_1280.npy,20220516,2022,lidar,0.9627,test
20220516_lidar_tile_896_1408.npy,20220516,2022,lidar,0.9083,test
20220516_lidar_tile_896_1536.npy,20220516,2022,lidar,0.9134,test
20220516_lidar_tile_896_1664.npy,20220516,2022,lidar,0.9346,test
20220516_lidar_tile_896_1792.npy,20220516,2022,lidar,0.9227,test
20220516_lidar_tile_896_1920.npy,20220516,2022,lidar,0.8403,test
20220516_lidar_tile_896_2176.npy,20220516,2022,lidar,0.8303,test
20220516_lidar_tile_896_2304.npy,20220516,2022,lidar,0.9285,test
20220516_lidar_tile_896_2432.npy,20220516,2022,lidar,0.6563,test
20220516_lidar_tile_1024_128.npy,20220516,2022,lidar,0.9811,test
20220516_lidar_tile_1024_256.npy,20220516,2022,lidar,0.9968,test
20220516_lidar_tile_1024_384.npy,20220516,2022,lidar,0.9972,test
20220516_lidar_tile_1024_512.npy,20220516,2022,lidar,0.9957,test
20220516_lidar_tile_1024_640.npy,20220516,2022,lidar,0.9971,test
20220516_lidar_tile_1024_768.npy,20220516,2022,lidar,0.9978,test
20220516_lidar_tile_1024_896.npy,20220516,2022,lidar,0.9954,test
20220516_lidar_tile_1024_1024.npy,20220516,2022,lidar,0.9949,test
20220516_lidar_tile_1024_1152.npy,20220516,2022,lidar,0.9886,test
20220516_lidar_tile_1024_1280.npy,20220516,2022,lidar,0.9616,test
20220516_lidar_tile_1024_1408.npy,20220516,2022,lidar,0.946,test
20220516_lidar_tile_1024_1536.npy,20220516,2022,lidar,0.9361,test
20220516_lidar_tile_1024_1664.npy,20220516,2022,lidar,0.9231,test
20220516_lidar_tile_1024_1792.npy,20220516,2022,lidar,0.8889,test
20220516_lidar_tile_1024_1920.npy,20220516,2022,lidar,0.8247,test
20220516_lidar_tile_1024_2048.npy,20220516,2022,lidar,0.81,test
20220516_lidar_tile_1024_2176.npy,20220516,2022,lidar,0.8965,test
20220516_lidar_tile_1024_2304.npy,20220516,2022,lidar,0.9551,test
20220516_lidar_tile_1024_2432.npy,20220516,2022,lidar,0.5301,test
20220516_lidar_tile_1152_256.npy,20220516,2022,lidar,0.9765,test
20220516_lidar_tile_1152_384.npy,20220516,2022,lidar,0.9959,test
20220516_lidar_tile_1152_512.npy,20220516,2022,lidar,0.9978,test
20220516_lidar_tile_1152_640.npy,20220516,2022,lidar,0.9996,test
20220516_lidar_tile_1152_768.npy,20220516,2022,lidar,0.9988,test
20220516_lidar_tile_1152_896.npy,20220516,2022,lidar,0.9955,test
20220516_lidar_tile_1152_1024.npy,20220516,2022,lidar,0.9944,test
20220516_lidar_tile_1152_1152.npy,20220516,2022,lidar,0.9807,test
20220516_lidar_tile_1152_1280.npy,20220516,2022,lidar,0.9672,test
20220516_lidar_tile_1152_1408.npy,20220516,2022,lidar,0.9578,test
20220516_lidar_tile_1152_1536.npy,20220516,2022,lidar,0.9328,test
20220516_lidar_tile_1152_1664.npy,20220516,2022,lidar,0.8904,test
20220516_lidar_tile_1152_1792.npy,20220516,2022,lidar,0.879,test
20220516_lidar_tile_1152_1920.npy,20220516,2022,lidar,0.902,test
20220516_lidar_tile_1152_2048.npy,20220516,2022,lidar,0.933,test
20220516_lidar_tile_1152_2176.npy,20220516,2022,lidar,0.9626,test
20220516_lidar_tile_1152_2304.npy,20220516,2022,lidar,0.918,test
20220516_lidar_tile_1152_2432.npy,20220516,2022,lidar,0.4406,test
20220516_lidar_tile_1280_384.npy,20220516,2022,lidar,0.9705,test
20220516_lidar_tile_1280_512.npy,20220516,2022,lidar,0.9828,test
20220516_lidar_tile_1280_640.npy,20220516,2022,lidar,0.9957,test
20220516_lidar_tile_1280_768.npy,20220516,2022,lidar,0.9982,test
20220516_lidar_tile_1280_896.npy,20220516,2022,lidar,0.992,test
20220516_lidar_tile_1280_1024.npy,20220516,2022,lidar,0.9795,test
20220516_lidar_tile_1280_1152.npy,20220516,2022,lidar,0.9694,test
20220516_lidar_tile_1280_1280.npy,20220516,2022,lidar,0.9446,test
20220516_lidar_tile_1280_1408.npy,20220516,2022,lidar,0.9426,test
20220516_lidar_tile_1280_1536.npy,20220516,2022,lidar,0.9357,test
20220516_lidar_tile_1280_1664.npy,20220516,2022,lidar,0.8896,test
20220516_lidar_tile_1280_1792.npy,20220516,2022,lidar,0.9077,test
20220516_lidar_tile_1280_1920.npy,20220516,2022,lidar,0.9301,test
20220516_lidar_tile_1280_2048.npy,20220516,2022,lidar,0.9203,test
20220516_lidar_tile_1280_2176.npy,20220516,2022,lidar,0.9469,test
20220516_lidar_tile_1280_2304.npy,20220516,2022,lidar,0.902,test
20220516_lidar_tile_1280_2432.npy,20220516,2022,lidar,0.4831,test
20220516_lidar_tile_1408_768.npy,20220516,2022,lidar,0.9676,test
20220516_lidar_tile_1408_896.npy,20220516,2022,lidar,0.9576,test
20220516_lidar_tile_1408_1024.npy,20220516,2022,lidar,0.9599,test
20220516_lidar_tile_1408_1152.npy,20220516,2022,lidar,0.9687,test
20220516_lidar_tile_1408_1280.npy,20220516,2022,lidar,0.9465,test
20220516_lidar_tile_1408_1408.npy,20220516,2022,lidar,0.9465,test
20220516_lidar_tile_1408_1536.npy,20220516,2022,lidar,0.9088,test
20220516_lidar_tile_1408_1664.npy,20220516,2022,lidar,0.8868,test
20220516_lidar_tile_1408_1792.npy,20220516,2022,lidar,0.9339,test
20220516_lidar_tile_1408_1920.npy,20220516,2022,lidar,0.9275,test
20220516_lidar_tile_1408_2048.npy,20220516,2022,lidar,0.9104,test
20220516_lidar_tile_1408_2176.npy,20220516,2022,lidar,0.9068,test
20220516_lidar_tile_1408_2304.npy,20220516,2022,lidar,0.8682,test
20220516_lidar_tile_1408_2432.npy,20220516,2022,lidar,0.5652,test
20220516_lidar_tile_1408_2560.npy,20220516,2022,lidar,0.3447,test
20220516_lidar_tile_1408_2688.npy,20220516,2022,lidar,0.3392,test
20220516_lidar_tile_1536_768.npy,20220516,2022,lidar,0.9123,test
20220516_lidar_tile_1536_896.npy,20220516,2022,lidar,0.9418,test
20220516_lidar_tile_1536_1024.npy,20220516,2022,lidar,0.9608,test
20220516_lidar_tile_1536_1152.npy,20220516,2022,lidar,0.9696,test
20220516_lidar_tile_1536_1280.npy,20220516,2022,lidar,0.9626,test
20220516_lidar_tile_1536_1408.npy,20220516,2022,lidar,0.9011,test
20220516_lidar_tile_1536_1536.npy,20220516,2022,lidar,0.7607,test
20220516_lidar_tile_1536_1664.npy,20220516,2022,lidar,0.7163,test
20220516_lidar_tile_1536_1792.npy,20220516,2022,lidar,0.7742,test
20220516_lidar_tile_1536_1920.npy,20220516,2022,lidar,0.85,test
20220516_lidar_tile_1536_2048.npy,20220516,2022,lidar,0.9227,test
20220516_lidar_tile_1536_2176.npy,20220516,2022,lidar,0.8862,test
20220516_lidar_tile_1536_2304.npy,20220516,2022,lidar,0.7937,test
20220516_lidar_tile_1536_2432.npy,20220516,2022,lidar,0.6163,test
20220516_lidar_tile_1536_2560.npy,20220516,2022,lidar,0.402,test
20220516_lidar_tile_1536_2688.npy,20220516,2022,lidar,0.3093,test
20220516_lidar_tile_1664_768.npy,20220516,2022,lidar,0.6759,test
20220516_lidar_tile_1664_896.npy,20220516,2022,lidar,0.7115,test
20220516_lidar_tile_1664_1024.npy,20220516,2022,lidar,0.8128,test
20220516_lidar_tile_1664_1152.npy,20220516,2022,lidar,0.8546,test
20220516_lidar_tile_1664_1280.npy,20220516,2022,lidar,0.8616,test
20220516_lidar_tile_1664_1408.npy,20220516,2022,lidar,0.6919,test
20220516_lidar_tile_1664_1536.npy,20220516,2022,lidar,0.4851,test
20220516_lidar_tile_1664_1664.npy,20220516,2022,lidar,0.4548,test
20220516_lidar_tile_1664_1792.npy,20220516,2022,lidar,0.5384,test
20220516_lidar_tile_1664_1920.npy,20220516,2022,lidar,0.7188,test
20220516_lidar_tile_1664_2048.npy,20220516,2022,lidar,0.8007,test
20220516_lidar_tile_1664_2176.npy,20220516,2022,lidar,0.7487,test
20220516_lidar_tile_1664_2304.npy,20220516,2022,lidar,0.7187,test
20220516_lidar_tile_1664_2432.npy,20220516,2022,lidar,0.6001,test
20220516_lidar_tile_1664_2560.npy,20220516,2022,lidar,0.3585,test
20220516_lidar_tile_1792_768.npy,20220516,2022,lidar,0.3593,test
20220516_lidar_tile_1792_896.npy,20220516,2022,lidar,0.3338,test
20220516_lidar_tile_1792_1024.npy,20220516,2022,lidar,0.4341,test
20220516_lidar_tile_1792_1152.npy,20220516,2022,lidar,0.5328,test
20220516_lidar_tile_1792_1280.npy,20220516,2022,lidar,0.5321,test
20220516_lidar_tile_1792_1408.npy,20220516,2022,lidar,0.353,test
20220516_lidar_tile_1792_1792.npy,20220516,2022,lidar,0.3597,test
20220516_lidar_tile_1792_1920.npy,20220516,2022,lidar,0.5109,test
20220516_lidar_tile_1792_2048.npy,20220516,2022,lidar,0.5462,test
20220516_lidar_tile_1792_2176.npy,20220516,2022,lidar,0.5965,test
20220516_lidar_tile_1792_2304.npy,20220516,2022,lidar,0.6507,test
20220516_lidar_tile_1792_2432.npy,20220516,2022,lidar,0.5429,test
20220516_lidar_tile_1920_1920.npy,20220516,2022,lidar,0.3842,test
20220516_lidar_tile_1920_2048.npy,20220516,2022,lidar,0.4601,test
20220516_lidar_tile_1920_2176.npy,20220516,2022,lidar,0.5112,test
20220516_lidar_tile_1920_2304.npy,20220516,2022,lidar,0.4502,test
20220516_lidar_tile_1920_2432.npy,20220516,2022,lidar,0.3176,test
20220516_lidar_tile_2048_1920.npy,20220516,2022,lidar,0.345,test
20220516_lidar_tile_2048_2048.npy,20220516,2022,lidar,0.3363,test
20221201_lidar_tile_128_256.npy,20221201,2022,lidar,0.7882,test
20221201_lidar_tile_128_384.npy,20221201,2022,lidar,0.8223,test
20221201_lidar_tile_128_512.npy,20221201,2022,lidar,0.7951,test
20221201_lidar_tile_128_640.npy,20221201,2022,lidar,0.8692,test
20221201_lidar_tile_128_768.npy,20221201,2022,lidar,0.9623,test
20221201_lidar_tile_256_128.npy,20221201,2022,lidar,0.736,test
20221201_lidar_tile_256_256.npy,20221201,2022,lidar,0.891,test
20221201_lidar_tile_256_384.npy,20221201,2022,lidar,0.8577,test
20221201_lidar_tile_256_512.npy,20221201,2022,lidar,0.8615,test
20221201_lidar_tile_256_640.npy,20221201,2022,lidar,0.9198,test
20221201_lidar_tile_256_768.npy,20221201,2022,lidar,0.9887,test
20221201_lidar_tile_256_896.npy,20221201,2022,lidar,0.9847,test
20221201_lidar_tile_256_1024.npy,20221201,2022,lidar,0.968,test
20221201_lidar_tile_384_128.npy,20221201,2022,lidar,0.7737,test
20221201_lidar_tile_384_256.npy,20221201,2022,lidar,0.9347,test
20221201_lidar_tile_384_384.npy,20221201,2022,lidar,0.9365,test
20221201_lidar_tile_384_512.npy,20221201,2022,lidar,0.9758,test
20221201_lidar_tile_384_640.npy,20221201,2022,lidar,0.9873,test
20221201_lidar_tile_384_768.npy,20221201,2022,lidar,0.9961,test
20221201_lidar_tile_384_896.npy,20221201,2022,lidar,0.9906,test
20221201_lidar_tile_384_1024.npy,20221201,2022,lidar,0.9742,test
20221201_lidar_tile_384_1152.npy,20221201,2022,lidar,0.9665,test
20221201_lidar_tile_384_2176.npy,20221201,2022,lidar,0.9518,test
20221201_lidar_tile_384_2304.npy,20221201,2022,lidar,0.9608,test
20221201_lidar_tile_512_128.npy,20221201,2022,lidar,0.7649,test
20221201_lidar_tile_512_256.npy,20221201,2022,lidar,0.9062,test
20221201_lidar_tile_512_384.npy,20221201,2022,lidar,0.9045,test
20221201_lidar_tile_512_512.npy,20221201,2022,lidar,0.9808,test
20221201_lidar_tile_512_640.npy,20221201,2022,lidar,0.9971,test
20221201_lidar_tile_512_768.npy,20221201,2022,lidar,0.997,test
20221201_lidar_tile_512_896.npy,20221201,2022,lidar,0.9985,test
20221201_lidar_tile_512_1024.npy,20221201,2022,lidar,0.9996,test
20221201_lidar_tile_512_1152.npy,20221201,2022,lidar,0.998,test
20221201_lidar_tile_512_1280.npy,20221201,2022,lidar,0.9921,test
20221201_lidar_tile_512_1408.npy,20221201,2022,lidar,0.992,test
20221201_lidar_tile_512_1536.npy,20221201,2022,lidar,0.9942,test
20221201_lidar_tile_512_1664.npy,20221201,2022,lidar,0.9626,test
20221201_lidar_tile_512_1792.npy,20221201,2022,lidar,0.953,test
20221201_lidar_tile_512_1920.npy,20221201,2022,lidar,0.9861,test
20221201_lidar_tile_512_2048.npy,20221201,2022,lidar,0.9982,test
20221201_lidar_tile_512_2176.npy,20221201,2022,lidar,0.9914,test
20221201_lidar_tile_512_2304.npy,20221201,2022,lidar,0.9853,test
20221201_lidar_tile_512_2432.npy,20221201,2022,lidar,0.9727,test
20221201_lidar_tile_512_2560.npy,20221201,2022,lidar,0.9283,test
20221201_lidar_tile_512_2688.npy,20221201,2022,lidar,0.8198,test
20221201_lidar_tile_640_128.npy,20221201,2022,lidar,0.8388,test
20221201_lidar_tile_640_256.npy,20221201,2022,lidar,0.8571,test
20221201_lidar_tile_640_384.npy,20221201,2022,lidar,0.8433,test
20221201_lidar_tile_640_512.npy,20221201,2022,lidar,0.9708,test
20221201_lidar_tile_640_640.npy,20221201,2022,lidar,0.9981,test
20221201_lidar_tile_640_768.npy,20221201,2022,lidar,0.9988,test
20221201_lidar_tile_640_896.npy,20221201,2022,lidar,1.0,test
20221201_lidar_tile_640_1024.npy,20221201,2022,lidar,0.9997,test
20221201_lidar_tile_640_1152.npy,20221201,2022,lidar,0.9988,test
20221201_lidar_tile_640_1280.npy,20221201,2022,lidar,0.9987,test
20221201_lidar_tile_640_1408.npy,20221201,2022,lidar,0.9982,test
20221201_lidar_tile_640_1536.npy,20221201,2022,lidar,0.9909,test
20221201_lidar_tile_640_1664.npy,20221201,2022,lidar,0.9922,test
20221201_lidar_tile_640_1792.npy,20221201,2022,lidar,0.9957,test
20221201_lidar_tile_640_1920.npy,20221201,2022,lidar,0.9853,test
20221201_lidar_tile_640_2048.npy,20221201,2022,lidar,0.985,test
20221201_lidar_tile_640_2176.npy,20221201,2022,lidar,0.9892,test
20221201_lidar_tile_640_2304.npy,20221201,2022,lidar,0.993,test
20221201_lidar_tile_640_2432.npy,20221201,2022,lidar,0.9937,test
20221201_lidar_tile_640_2560.npy,20221201,2022,lidar,0.9289,test
20221201_lidar_tile_640_2688.npy,20221201,2022,lidar,0.5893,test
20221201_lidar_tile_640_2816.npy,20221201,2022,lidar,0.4884,test
20221201_lidar_tile_640_2944.npy,20221201,2022,lidar,0.7762,test
20221201_lidar_tile_768_0.npy,20221201,2022,lidar,0.538,test
20221201_lidar_tile_768_128.npy,20221201,2022,lidar,0.9349,test
20221201_lidar_tile_768_256.npy,20221201,2022,lidar,0.9113,test
20221201_lidar_tile_768_384.npy,20221201,2022,lidar,0.8623,test
20221201_lidar_tile_768_512.npy,20221201,2022,lidar,0.9452,test
20221201_lidar_tile_768_640.npy,20221201,2022,lidar,0.9984,test
20221201_lidar_tile_768_768.npy,20221201,2022,lidar,0.999,test
20221201_lidar_tile_768_896.npy,20221201,2022,lidar,1.0,test
20221201_lidar_tile_768_1024.npy,20221201,2022,lidar,0.9995,test
20221201_lidar_tile_768_1152.npy,20221201,2022,lidar,0.9989,test
20221201_lidar_tile_768_1280.npy,20221201,2022,lidar,0.9988,test
20221201_lidar_tile_768_1408.npy,20221201,2022,lidar,0.9988,test
20221201_lidar_tile_768_1536.npy,20221201,2022,lidar,0.9935,test
20221201_lidar_tile_768_1664.npy,20221201,2022,lidar,0.994,test
20221201_lidar_tile_768_1792.npy,20221201,2022,lidar,0.9934,test
20221201_lidar_tile_768_1920.npy,20221201,2022,lidar,0.9412,test
20221201_lidar_tile_768_2048.npy,20221201,2022,lidar,0.9406,test
20221201_lidar_tile_768_2176.npy,20221201,2022,lidar,0.9912,test
20221201_lidar_tile_768_2304.npy,20221201,2022,lidar,0.9976,test
20221201_lidar_tile_768_2432.npy,20221201,2022,lidar,0.9931,test
20221201_lidar_tile_768_2560.npy,20221201,2022,lidar,0.8174,test
20221201_lidar_tile_768_2688.npy,20221201,2022,lidar,0.3923,test
20221201_lidar_tile_768_2816.npy,20221201,2022,lidar,0.3456,test
20221201_lidar_tile_768_2944.npy,20221201,2022,lidar,0.7536,test
20221201_lidar_tile_768_3072.npy,20221201,2022,lidar,0.8665,test
20221201_lidar_tile_896_0.npy,20221201,2022,lidar,0.6847,test
20221201_lidar_tile_896_128.npy,20221201,2022,lidar,0.9708,test
20221201_lidar_tile_896_256.npy,20221201,2022,lidar,0.9659,test
20221201_lidar_tile_896_384.npy,20221201,2022,lidar,0.9154,test
20221201_lidar_tile_896_512.npy,20221201,2022,lidar,0.9352,test
20221201_lidar_tile_896_640.npy,20221201,2022,lidar,0.9975,test
20221201_lidar_tile_896_768.npy,20221201,2022,lidar,0.9981,test
20221201_lidar_tile_896_896.npy,20221201,2022,lidar,1.0,test
20221201_lidar_tile_896_1024.npy,20221201,2022,lidar,0.9998,test
20221201_lidar_tile_896_1152.npy,20221201,2022,lidar,0.9991,test
20221201_lidar_tile_896_1280.npy,20221201,2022,lidar,0.9985,test
20221201_lidar_tile_896_1408.npy,20221201,2022,lidar,0.9982,test
20221201_lidar_tile_896_1536.npy,20221201,2022,lidar,0.9969,test
20221201_lidar_tile_896_1664.npy,20221201,2022,lidar,0.983,test
20221201_lidar_tile_896_1792.npy,20221201,2022,lidar,0.9668,test
20221201_lidar_tile_896_2176.npy,20221201,2022,lidar,0.993,test
20221201_lidar_tile_896_2304.npy,20221201,2022,lidar,0.996,test
20221201_lidar_tile_896_2432.npy,20221201,2022,lidar,0.9379,test
20221201_lidar_tile_896_2560.npy,20221201,2022,lidar,0.6405,test
20221201_lidar_tile_896_2688.npy,20221201,2022,lidar,0.4677,test
20221201_lidar_tile_896_2816.npy,20221201,2022,lidar,0.6056,test
20221201_lidar_tile_896_2944.npy,20221201,2022,lidar,0.7985,test
20221201_lidar_tile_896_3072.npy,20221201,2022,lidar,0.9128,test
20221201_lidar_tile_896_3200.npy,20221201,2022,lidar,0.7635,test
20221201_lidar_tile_1024_128.npy,20221201,2022,lidar,0.9208,test
20221201_lidar_tile_1024_256.npy,20221201,2022,lidar,0.9545,test
20221201_lidar_tile_1024_384.npy,20221201,2022,lidar,0.9397,test
20221201_lidar_tile_1024_512.npy,20221201,2022,lidar,0.9407,test
20221201_lidar_tile_1024_640.npy,20221201,2022,lidar,0.9832,test
20221201_lidar_tile_1024_768.npy,20221201,2022,lidar,0.9967,test
20221201_lidar_tile_1024_896.npy,20221201,2022,lidar,0.9991,test
20221201_lidar_tile_1024_1024.npy,20221201,2022,lidar,0.9982,test
20221201_lidar_tile_1024_1152.npy,20221201,2022,lidar,0.9973,test
20221201_lidar_tile_1024_1280.npy,20221201,2022,lidar,0.9979,test
20221201_lidar_tile_1024_1408.npy,20221201,2022,lidar,0.9987,test
20221201_lidar_tile_1024_1536.npy,20221201,2022,lidar,0.9934,test
20221201_lidar_tile_1024_1664.npy,20221201,2022,lidar,0.9759,test
20221201_lidar_tile_1024_1792.npy,20221201,2022,lidar,0.9675,test
20221201_lidar_tile_1024_1920.npy,20221201,2022,lidar,0.9473,test
20221201_lidar_tile_1024_2048.npy,20221201,2022,lidar,0.9586,test
20221201_lidar_tile_1024_2176.npy,20221201,2022,lidar,0.9941,test
20221201_lidar_tile_1024_2304.npy,20221201,2022,lidar,0.9949,test
20221201_lidar_tile_1024_2432.npy,20221201,2022,lidar,0.7922,test
20221201_lidar_tile_1024_2560.npy,20221201,2022,lidar,0.5404,test
20221201_lidar_tile_1024_2688.npy,20221201,2022,lidar,0.6954,test
20221201_lidar_tile_1024_2816.npy,20221201,2022,lidar,0.8683,test
20221201_lidar_tile_1024_2944.npy,20221201,2022,lidar,0.8587,test
20221201_lidar_tile_1024_3072.npy,20221201,2022,lidar,0.8579,test
20221201_lidar_tile_1152_256.npy,20221201,2022,lidar,0.946,test
20221201_lidar_tile_1152_384.npy,20221201,2022,lidar,0.9254,test
20221201_lidar_tile_1152_512.npy,20221201,2022,lidar,0.9415,test
20221201_lidar_tile_1152_640.npy,20221201,2022,lidar,0.9834,test
20221201_lidar_tile_1152_768.npy,20221201,2022,lidar,0.9977,test
20221201_lidar_tile_1152_896.npy,20221201,2022,lidar,0.999,test
20221201_lidar_tile_1152_1024.npy,20221201,2022,lidar,0.9963,test
20221201_lidar_tile_1152_1152.npy,20221201,2022,lidar,0.9808,test
20221201_lidar_tile_1152_1280.npy,20221201,2022,lidar,0.9824,test
20221201_lidar_tile_1152_1408.npy,20221201,2022,lidar,0.9982,test
20221201_lidar_tile_1152_1536.npy,20221201,2022,lidar,0.9941,test
20221201_lidar_tile_1152_1664.npy,20221201,2022,lidar,0.991,test
20221201_lidar_tile_1152_1792.npy,20221201,2022,lidar,0.9894,test
20221201_lidar_tile_1152_1920.npy,20221201,2022,lidar,0.9881,test
20221201_lidar_tile_1152_2048.npy,20221201,2022,lidar,0.986,test
20221201_lidar_tile_1152_2176.npy,20221201,2022,lidar,0.9858,test
20221201_lidar_tile_1152_2304.npy,20221201,2022,lidar,0.9919,test
20221201_lidar_tile_1152_2432.npy,20221201,2022,lidar,0.8041,test
20221201_lidar_tile_1152_2560.npy,20221201,2022,lidar,0.7258,test
20221201_lidar_tile_1152_2688.npy,20221201,2022,lidar,0.9016,test
20221201_lidar_tile_1152_2816.npy,20221201,2022,lidar,0.8998,test
20221201_lidar_tile_1152_2944.npy,20221201,2022,lidar,0.7897,test
20221201_lidar_tile_1152_3072.npy,20221201,2022,lidar,0.7461,test
20221201_lidar_tile_1280_384.npy,20221201,2022,lidar,0.9361,test
20221201_lidar_tile_1280_512.npy,20221201,2022,lidar,0.9677,test
20221201_lidar_tile_1280_640.npy,20221201,2022,lidar,0.9972,test
20221201_lidar_tile_1280_768.npy,20221201,2022,lidar,0.9993,test
20221201_lidar_tile_1280_896.npy,20221201,2022,lidar,0.9957,test
20221201_lidar_tile_1280_1024.npy,20221201,2022,lidar,0.9943,test
20221201_lidar_tile_1280_1152.npy,20221201,2022,lidar,0.9722,test
20221201_lidar_tile_1280_1280.npy,20221201,2022,lidar,0.9708,test
20221201_lidar_tile_1280_1408.npy,20221201,2022,lidar,0.9961,test
20221201_lidar_tile_1280_1536.npy,20221201,2022,lidar,0.9977,test
20221201_lidar_tile_1280_1664.npy,20221201,2022,lidar,0.9984,test
20221201_lidar_tile_1280_1792.npy,20221201,2022,lidar,0.9935,test
20221201_lidar_tile_1280_1920.npy,20221201,2022,lidar,0.9871,test
20221201_lidar_tile_1280_2048.npy,20221201,2022,lidar,0.9833,test
20221201_lidar_tile_1280_2176.npy,20221201,2022,lidar,0.9865,test
20221201_lidar_tile_1280_2304.npy,20221201,2022,lidar,0.9921,test
20221201_lidar_tile_1280_2432.npy,20221201,2022,lidar,0.9421,test
20221201_lidar_tile_1280_2560.npy,20221201,2022,lidar,0.9287,test
20221201_lidar_tile_1280_2688.npy,20221201,2022,lidar,0.894,test
20221201_lidar_tile_1280_2816.npy,20221201,2022,lidar,0.7725,test
20221201_lidar_tile_1280_2944.npy,20221201,2022,lidar,0.7061,test
20221201_lidar_tile_1280_3072.npy,20221201,2022,lidar,0.7358,test
20221201_lidar_tile_1408_768.npy,20221201,2022,lidar,0.9503,test
20221201_lidar_tile_1408_896.npy,20221201,2022,lidar,0.941,test
20221201_lidar_tile_1408_1024.npy,20221201,2022,lidar,0.9741,test
20221201_lidar_tile_1408_1152.npy,20221201,2022,lidar,0.9881,test
20221201_lidar_tile_1408_1280.npy,20221201,2022,lidar,0.9853,test
20221201_lidar_tile_1408_1408.npy,20221201,2022,lidar,0.9898,test
20221201_lidar_tile_1408_1536.npy,20221201,2022,lidar,0.9825,test
20221201_lidar_tile_1408_1664.npy,20221201,2022,lidar,0.9893,test
20221201_lidar_tile_1408_1792.npy,20221201,2022,lidar,0.9975,test
20221201_lidar_tile_1408_1920.npy,20221201,2022,lidar,0.9918,test
20221201_lidar_tile_1408_2048.npy,20221201,2022,lidar,0.9892,test
20221201_lidar_tile_1408_2176.npy,20221201,2022,lidar,0.9927,test
20221201_lidar_tile_1408_2304.npy,20221201,2022,lidar,0.9911,test
20221201_lidar_tile_1408_2432.npy,20221201,2022,lidar,0.9663,test
20221201_lidar_tile_1408_2560.npy,20221201,2022,lidar,0.9249,test
20221201_lidar_tile_1408_2688.npy,20221201,2022,lidar,0.8221,test
20221201_lidar_tile_1408_2816.npy,20221201,2022,lidar,0.7604,test
20221201_lidar_tile_1408_2944.npy,20221201,2022,lidar,0.7825,test
20221201_lidar_tile_1408_3072.npy,20221201,2022,lidar,0.6263,test
20221201_lidar_tile_1536_768.npy,20221201,2022,lidar,0.7711,test
20221201_lidar_tile_1536_896.npy,20221201,2022,lidar,0.8971,test
20221201_lidar_tile_1536_1024.npy,20221201,2022,lidar,0.9562,test
20221201_lidar_tile_1536_1152.npy,20221201,2022,lidar,0.9951,test
20221201_lidar_tile_1536_1280.npy,20221201,2022,lidar,0.995,test
20221201_lidar_tile_1536_1408.npy,20221201,2022,lidar,0.9908,test
20221201_lidar_tile_1536_1536.npy,20221201,2022,lidar,0.9782,test
20221201_lidar_tile_1536_1664.npy,20221201,2022,lidar,0.9814,test
20221201_lidar_tile_1536_1792.npy,20221201,2022,lidar,0.9897,test
20221201_lidar_tile_1536_1920.npy,20221201,2022,lidar,0.99,test
20221201_lidar_tile_1536_2048.npy,20221201,2022,lidar,0.9915,test
20221201_lidar_tile_1536_2176.npy,20221201,2022,lidar,0.9899,test
20221201_lidar_tile_1536_2304.npy,20221201,2022,lidar,0.9852,test
20221201_lidar_tile_1536_2432.npy,20221201,2022,lidar,0.9589,test
20221201_lidar_tile_1536_2560.npy,20221201,2022,lidar,0.8863,test
20221201_lidar_tile_1536_2688.npy,20221201,2022,lidar,0.8346,test
20221201_lidar_tile_1536_2816.npy,20221201,2022,lidar,0.8166,test
20221201_lidar_tile_1536_2944.npy,20221201,2022,lidar,0.6731,test
20221201_lidar_tile_1664_768.npy,20221201,2022,lidar,0.6522,test
20221201_lidar_tile_1664_896.npy,20221201,2022,lidar,0.844,test
20221201_lidar_tile_1664_1024.npy,20221201,2022,lidar,0.9183,test
20221201_lidar_tile_1664_1152.npy,20221201,2022,lidar,0.9702,test
20221201_lidar_tile_1664_1280.npy,20221201,2022,lidar,0.9932,test
20221201_lidar_tile_1664_1408.npy,20221201,2022,lidar,0.9962,test
20221201_lidar_tile_1664_1536.npy,20221201,2022,lidar,0.9911,test
20221201_lidar_tile_1664_1664.npy,20221201,2022,lidar,0.9805,test
20221201_lidar_tile_1664_1792.npy,20221201,2022,lidar,0.9795,test
20221201_lidar_tile_1664_1920.npy,20221201,2022,lidar,0.9758,test
20221201_lidar_tile_1664_2048.npy,20221201,2022,lidar,0.9714,test
20221201_lidar_tile_1664_2176.npy,20221201,2022,lidar,0.9807,test
20221201_lidar_tile_1664_2304.npy,20221201,2022,lidar,0.9865,test
20221201_lidar_tile_1664_2432.npy,20221201,2022,lidar,0.951,test
20221201_lidar_tile_1664_2560.npy,20221201,2022,lidar,0.875,test
20221201_lidar_tile_1664_2688.npy,20221201,2022,lidar,0.8741,test
20221201_lidar_tile_1664_2816.npy,20221201,2022,lidar,0.7942,test
20221201_lidar_tile_1664_2944.npy,20221201,2022,lidar,0.4098,test
20221201_lidar_tile_1792_768.npy,20221201,2022,lidar,0.499,test
20221201_lidar_tile_1792_896.npy,20221201,2022,lidar,0.7468,test
20221201_lidar_tile_1792_1024.npy,20221201,2022,lidar,0.9157,test
20221201_lidar_tile_1792_1152.npy,20221201,2022,lidar,0.9723,test
20221201_lidar_tile_1792_1280.npy,20221201,2022,lidar,0.9964,test
20221201_lidar_tile_1792_1408.npy,20221201,2022,lidar,0.9939,test
20221201_lidar_tile_1792_1536.npy,20221201,2022,lidar,0.9888,test
20221201_lidar_tile_1792_1664.npy,20221201,2022,lidar,0.9792,test
20221201_lidar_tile_1792_1792.npy,20221201,2022,lidar,0.9801,test
20221201_lidar_tile_1792_1920.npy,20221201,2022,lidar,0.9753,test
20221201_lidar_tile_1792_2048.npy,20221201,2022,lidar,0.9676,test
20221201_lidar_tile_1792_2176.npy,20221201,2022,lidar,0.981,test
20221201_lidar_tile_1792_2304.npy,20221201,2022,lidar,0.9862,test
20221201_lidar_tile_1792_2432.npy,20221201,2022,lidar,0.9219,test
20221201_lidar_tile_1792_2560.npy,20221201,2022,lidar,0.8828,test
20221201_lidar_tile_1792_2688.npy,20221201,2022,lidar,0.8916,test
20221201_lidar_tile_1792_2816.npy,20221201,2022,lidar,0.694,test
20221201_lidar_tile_1920_768.npy,20221201,2022,lidar,0.3106,test
20221201_lidar_tile_1920_896.npy,20221201,2022,lidar,0.7466,test
20221201_lidar_tile_1920_1024.npy,20221201,2022,lidar,0.9736,test
20221201_lidar_tile_1920_1152.npy,20221201,2022,lidar,0.9976,test
20221201_lidar_tile_1920_1280.npy,20221201,2022,lidar,0.9987,test
20221201_lidar_tile_1920_1408.npy,20221201,2022,lidar,0.9942,test
20221201_lidar_tile_1920_1536.npy,20221201,2022,lidar,0.9904,test
20221201_lidar_tile_1920_1664.npy,20221201,2022,lidar,0.9874,test
20221201_lidar_tile_1920_1792.npy,20221201,2022,lidar,0.9891,test
20221201_lidar_tile_1920_1920.npy,20221201,2022,lidar,0.988,test
20221201_lidar_tile_1920_2048.npy,20221201,2022,lidar,0.9722,test
20221201_lidar_tile_1920_2176.npy,20221201,2022,lidar,0.9749,test
20221201_lidar_tile_1920_2304.npy,20221201,2022,lidar,0.9688,test
20221201_lidar_tile_1920_2432.npy,20221201,2022,lidar,0.9014,test
20221201_lidar_tile_1920_2560.npy,20221201,2022,lidar,0.8493,test
20221201_lidar_tile_1920_2688.npy,20221201,2022,lidar,0.6872,test
20221201_lidar_tile_2048_896.npy,20221201,2022,lidar,0.6416,test
20221201_lidar_tile_2048_1024.npy,20221201,2022,lidar,0.9898,test
20221201_lidar_tile_2048_1152.npy,20221201,2022,lidar,0.9965,test
20221201_lidar_tile_2048_1280.npy,20221201,2022,lidar,0.9927,test
20221201_lidar_tile_2048_1408.npy,20221201,2022,lidar,0.9941,test
20221201_lidar_tile_2048_1536.npy,20221201,2022,lidar,0.9943,test
20221201_lidar_tile_2048_1664.npy,20221201,2022,lidar,0.9906,test
20221201_lidar_tile_2048_1792.npy,20221201,2022,lidar,0.9887,test
20221201_lidar_tile_2048_1920.npy,20221201,2022,lidar,0.9846,test
20221201_lidar_tile_2048_2048.npy,20221201,2022,lidar,0.9747,test
20221201_lidar_tile_2048_2176.npy,20221201,2022,lidar,0.9779,test
20221201_lidar_tile_2048_2304.npy,20221201,2022,lidar,0.9423,test
20221201_lidar_tile_2048_2432.npy,20221201,2022,lidar,0.853,test
20221201_lidar_tile_2048_2560.npy,20221201,2022,lidar,0.6539,test
20221201_lidar_tile_2048_2688.npy,20221201,2022,lidar,0.3065,test
20221201_lidar_tile_2176_896.npy,20221201,2022,lidar,0.3335,test
20221201_lidar_tile_2176_1024.npy,20221201,2022,lidar,0.8125,test
20221201_lidar_tile_2176_1152.npy,20221201,2022,lidar,0.983,test
20221201_lidar_tile_2176_1280.npy,20221201,2022,lidar,0.9901,test
20221201_lidar_tile_2176_1408.npy,20221201,2022,lidar,0.9906,test
20221201_lidar_tile_2176_1536.npy,20221201,2022,lidar,0.9861,test
20221201_lidar_tile_2176_1664.npy,20221201,2022,lidar,0.9826,test
20221201_lidar_tile_2176_1792.npy,20221201,2022,lidar,0.9874,test
20221201_lidar_tile_2176_1920.npy,20221201,2022,lidar,0.9906,test
20221201_lidar_tile_2176_2048.npy,20221201,2022,lidar,0.9956,test
20221201_lidar_tile_2176_2176.npy,20221201,2022,lidar,0.9748,test
20221201_lidar_tile_2176_2304.npy,20221201,2022,lidar,0.8813,test
20221201_lidar_tile_2176_2432.npy,20221201,2022,lidar,0.7754,test
20221201_lidar_tile_2176_2560.npy,20221201,2022,lidar,0.4927,test
20221201_lidar_tile_2304_1024.npy,20221201,2022,lidar,0.4109,test
20221201_lidar_tile_2304_1152.npy,20221201,2022,lidar,0.7972,test
20221201_lidar_tile_2304_1280.npy,20221201,2022,lidar,0.9611,test
20221201_lidar_tile_2304_1408.npy,20221201,2022,lidar,0.9861,test
20221201_lidar_tile_2304_1536.npy,20221201,2022,lidar,0.9865,test
20221201_lidar_tile_2304_1664.npy,20221201,2022,lidar,0.9864,test
20221201_lidar_tile_2304_1792.npy,20221201,2022,lidar,0.9927,test
20221201_lidar_tile_2304_1920.npy,20221201,2022,lidar,0.9937,test
20221201_lidar_tile_2304_2048.npy,20221201,2022,lidar,0.992,test
20221201_lidar_tile_2304_2176.npy,20221201,2022,lidar,0.9052,test
20221201_lidar_tile_2304_2304.npy,20221201,2022,lidar,0.7811,test
20221201_lidar_tile_2304_2432.npy,20221201,2022,lidar,0.7356,test
20221201_lidar_tile_2432_1152.npy,20221201,2022,lidar,0.4147,test
20221201_lidar_tile_2432_1280.npy,20221201,2022,lidar,0.7832,test
20221201_lidar_tile_2432_1408.npy,20221201,2022,lidar,0.947,test
20221201_lidar_tile_2432_1536.npy,20221201,2022,lidar,0.982,test
20221201_lidar_tile_2432_1664.npy,20221201,2022,lidar,0.9916,test
20221201_lidar_tile_2432_1792.npy,20221201,2022,lidar,0.9886,test
20221201_lidar_tile_2432_1920.npy,20221201,2022,lidar,0.9646,test
20221201_lidar_tile_2432_2048.npy,20221201,2022,lidar,0.9137,test
20221201_lidar_tile_2432_2176.npy,20221201,2022,lidar,0.777,test
20221201_lidar_tile_2432_2304.npy,20221201,2022,lidar,0.6682,test
20221201_lidar_tile_2432_2432.npy,20221201,2022,lidar,0.5433,test
20221201_lidar_tile_2560_1280.npy,20221201,2022,lidar,0.3845,test
20221201_lidar_tile_2560_1408.npy,20221201,2022,lidar,0.7112,test
20221201_lidar_tile_2560_1536.npy,20221201,2022,lidar,0.9109,test
20221201_lidar_tile_2560_1664.npy,20221201,2022,lidar,0.9422,test
20221201_lidar_tile_2560_1792.npy,20221201,2022,lidar,0.9025,test
20221201_lidar_tile_2560_1920.npy,20221201,2022,lidar,0.8124,test
20221201_lidar_tile_2560_2048.npy,20221201,2022,lidar,0.6723,test
20221201_lidar_tile_2560_2176.npy,20221201,2022,lidar,0.5644,test
20221201_lidar_tile_2560_2304.npy,20221201,2022,lidar,0.4347,test
20230213_lidar_tile_0_384.npy,20230213,2023,lidar,0.5071,train
20230213_lidar_tile_0_512.npy,20230213,2023,lidar,0.8003,train
20230213_lidar_tile_0_640.npy,20230213,2023,lidar,0.8635,train
20230213_lidar_tile_128_256.npy,20230213,2023,lidar,0.3878,train
20230213_lidar_tile_128_384.npy,20230213,2023,lidar,0.7936,train
20230213_lidar_tile_128_512.npy,20230213,2023,lidar,0.984,train
20230213_lidar_tile_128_640.npy,20230213,2023,lidar,0.9876,train
20230213_lidar_tile_128_768.npy,20230213,2023,lidar,0.9637,train
20230213_lidar_tile_128_896.npy,20230213,2023,lidar,0.9023,train
20230213_lidar_tile_128_1024.npy,20230213,2023,lidar,0.7717,train
20230213_lidar_tile_256_256.npy,20230213,2023,lidar,0.5851,train
20230213_lidar_tile_256_384.npy,20230213,2023,lidar,0.9294,train
20230213_lidar_tile_256_512.npy,20230213,2023,lidar,0.9892,train
20230213_lidar_tile_256_640.npy,20230213,2023,lidar,0.9914,train
20230213_lidar_tile_256_768.npy,20230213,2023,lidar,0.9553,train
20230213_lidar_tile_256_896.npy,20230213,2023,lidar,0.9193,train
20230213_lidar_tile_256_1024.npy,20230213,2023,lidar,0.8971,train
20230213_lidar_tile_256_1152.npy,20230213,2023,lidar,0.7753,train
20230213_lidar_tile_384_256.npy,20230213,2023,lidar,0.732,train
20230213_lidar_tile_384_384.npy,20230213,2023,lidar,0.9813,train
20230213_lidar_tile_384_512.npy,20230213,2023,lidar,0.9901,train
20230213_lidar_tile_384_640.npy,20230213,2023,lidar,0.9953,train
20230213_lidar_tile_384_768.npy,20230213,2023,lidar,0.9777,train
20230213_lidar_tile_384_896.npy,20230213,2023,lidar,0.9615,train
20230213_lidar_tile_384_1024.npy,20230213,2023,lidar,0.933,train
20230213_lidar_tile_384_1152.npy,20230213,2023,lidar,0.8754,train
20230213_lidar_tile_384_1280.npy,20230213,2023,lidar,0.907,train
20230213_lidar_tile_384_1408.npy,20230213,2023,lidar,0.9605,train
20230213_lidar_tile_384_2048.npy,20230213,2023,lidar,0.972,train
20230213_lidar_tile_384_2176.npy,20230213,2023,lidar,0.9686,train
20230213_lidar_tile_384_2304.npy,20230213,2023,lidar,0.9886,train
20230213_lidar_tile_384_2432.npy,20230213,2023,lidar,0.9892,train
20230213_lidar_tile_384_2560.npy,20230213,2023,lidar,0.9719,train
20230213_lidar_tile_384_2688.npy,20230213,2023,lidar,0.873,train
20230213_lidar_tile_512_128.npy,20230213,2023,lidar,0.4499,train
20230213_lidar_tile_512_256.npy,20230213,2023,lidar,0.9222,train
20230213_lidar_tile_512_384.npy,20230213,2023,lidar,0.9915,train
20230213_lidar_tile_512_512.npy,20230213,2023,lidar,0.9878,train
20230213_lidar_tile_512_640.npy,20230213,2023,lidar,0.9954,train
20230213_lidar_tile_512_768.npy,20230213,2023,lidar,0.9951,train
20230213_lidar_tile_512_896.npy,20230213,2023,lidar,0.9937,train
20230213_lidar_tile_512_1024.npy,20230213,2023,lidar,0.9979,train
20230213_lidar_tile_512_1152.npy,20230213,2023,lidar,0.9979,train
20230213_lidar_tile_512_1280.npy,20230213,2023,lidar,0.996,train
20230213_lidar_tile_512_1408.npy,20230213,2023,lidar,0.9967,train
20230213_lidar_tile_512_1536.npy,20230213,2023,lidar,0.9989,train
20230213_lidar_tile_512_1664.npy,20230213,2023,lidar,0.9997,train
20230213_lidar_tile_512_1792.npy,20230213,2023,lidar,1.0,train
20230213_lidar_tile_512_1920.npy,20230213,2023,lidar,0.9977,train
20230213_lidar_tile_512_2048.npy,20230213,2023,lidar,0.9865,train
20230213_lidar_tile_512_2176.npy,20230213,2023,lidar,0.9831,train
20230213_lidar_tile_512_2304.npy,20230213,2023,lidar,0.9897,train
20230213_lidar_tile_512_2432.npy,20230213,2023,lidar,0.9927,train
20230213_lidar_tile_512_2560.npy,20230213,2023,lidar,0.9921,train
20230213_lidar_tile_512_2688.npy,20230213,2023,lidar,0.9565,train
20230213_lidar_tile_512_2816.npy,20230213,2023,lidar,0.9347,train
20230213_lidar_tile_640_128.npy,20230213,2023,lidar,0.6559,train
20230213_lidar_tile_640_256.npy,20230213,2023,lidar,0.9798,train
20230213_lidar_tile_640_384.npy,20230213,2023,lidar,0.9967,train
20230213_lidar_tile_640_512.npy,20230213,2023,lidar,0.9966,train
20230213_lidar_tile_640_640.npy,20230213,2023,lidar,0.9972,train
20230213_lidar_tile_640_768.npy,20230213,2023,lidar,0.9986,train
20230213_lidar_tile_640_896.npy,20230213,2023,lidar,0.9921,train
20230213_lidar_tile_640_1024.npy,20230213,2023,lidar,0.9881,train
20230213_lidar_tile_640_1152.npy,20230213,2023,lidar,0.9954,train
20230213_lidar_tile_640_1280.npy,20230213,2023,lidar,0.997,train
20230213_lidar_tile_640_1408.npy,20230213,2023,lidar,0.9963,train
20230213_lidar_tile_640_1536.npy,20230213,2023,lidar,0.9966,train
20230213_lidar_tile_640_1664.npy,20230213,2023,lidar,0.9978,train
20230213_lidar_tile_640_1792.npy,20230213,2023,lidar,0.9976,train
20230213_lidar_tile_640_1920.npy,20230213,2023,lidar,0.9872,train
20230213_lidar_tile_640_2048.npy,20230213,2023,lidar,0.9832,train
20230213_lidar_tile_640_2176.npy,20230213,2023,lidar,0.9932,train
20230213_lidar_tile_640_2304.npy,20230213,2023,lidar,0.9993,train
20230213_lidar_tile_640_2432.npy,20230213,2023,lidar,0.9972,train
20230213_lidar_tile_640_2560.npy,20230213,2023,lidar,0.9951,train
20230213_lidar_tile_640_2688.npy,20230213,2023,lidar,0.9627,train
20230213_lidar_tile_640_2816.npy,20230213,2023,lidar,0.9413,train
20230213_lidar_tile_640_2944.npy,20230213,2023,lidar,0.9477,train
20230213_lidar_tile_768_0.npy,20230213,2023,lidar,0.6796,train
20230213_lidar_tile_768_128.npy,20230213,2023,lidar,0.884,train
20230213_lidar_tile_768_256.npy,20230213,2023,lidar,0.9819,train
20230213_lidar_tile_768_384.npy,20230213,2023,lidar,0.9963,train
20230213_lidar_tile_768_512.npy,20230213,2023,lidar,0.9934,train
20230213_lidar_tile_768_640.npy,20230213,2023,lidar,0.9929,train
20230213_lidar_tile_768_768.npy,20230213,2023,lidar,0.9825,train
20230213_lidar_tile_768_896.npy,20230213,2023,lidar,0.9655,train
20230213_lidar_tile_768_1024.npy,20230213,2023,lidar,0.9766,train
20230213_lidar_tile_768_1152.npy,20230213,2023,lidar,0.9956,train
20230213_lidar_tile_768_1280.npy,20230213,2023,lidar,0.9986,train
20230213_lidar_tile_768_1408.npy,20230213,2023,lidar,0.9968,train
20230213_lidar_tile_768_1536.npy,20230213,2023,lidar,0.996,train
20230213_lidar_tile_768_1664.npy,20230213,2023,lidar,0.9972,train
20230213_lidar_tile_768_1792.npy,20230213,2023,lidar,0.982,train
20230213_lidar_tile_768_2176.npy,20230213,2023,lidar,0.9975,train
20230213_lidar_tile_768_2304.npy,20230213,2023,lidar,0.9995,train
20230213_lidar_tile_768_2432.npy,20230213,2023,lidar,0.9974,train
20230213_lidar_tile_768_2560.npy,20230213,2023,lidar,0.9719,train
20230213_lidar_tile_768_2688.npy,20230213,2023,lidar,0.9578,train
20230213_lidar_tile_768_2816.npy,20230213,2023,lidar,0.9688,train
20230213_lidar_tile_768_2944.npy,20230213,2023,lidar,0.9421,train
20230213_lidar_tile_768_3072.npy,20230213,2023,lidar,0.9262,train
20230213_lidar_tile_768_3200.npy,20230213,2023,lidar,0.8862,train
20230213_lidar_tile_896_128.npy,20230213,2023,lidar,0.9644,train
20230213_lidar_tile_896_256.npy,20230213,2023,lidar,0.9952,train
20230213_lidar_tile_896_384.npy,20230213,2023,lidar,0.996,train
20230213_lidar_tile_896_512.npy,20230213,2023,lidar,0.9926,train
20230213_lidar_tile_896_640.npy,20230213,2023,lidar,0.9939,train
20230213_lidar_tile_896_768.npy,20230213,2023,lidar,0.9365,train
20230213_lidar_tile_896_896.npy,20230213,2023,lidar,0.9218,train
20230213_lidar_tile_896_1024.npy,20230213,2023,lidar,0.9812,train
20230213_lidar_tile_896_1152.npy,20230213,2023,lidar,0.9969,train
20230213_lidar_tile_896_1280.npy,20230213,2023,lidar,0.9988,train
20230213_lidar_tile_896_1408.npy,20230213,2023,lidar,0.998,train
20230213_lidar_tile_896_1536.npy,20230213,2023,lidar,0.9982,train
20230213_lidar_tile_896_1664.npy,20230213,2023,lidar,0.9975,train
20230213_lidar_tile_896_1792.npy,20230213,2023,lidar,0.9831,train
20230213_lidar_tile_896_2176.npy,20230213,2023,lidar,0.9916,train
20230213_lidar_tile_896_2304.npy,20230213,2023,lidar,0.9996,train
20230213_lidar_tile_896_2432.npy,20230213,2023,lidar,0.9312,train
20230213_lidar_tile_896_2560.npy,20230213,2023,lidar,0.8778,train
20230213_lidar_tile_896_2688.npy,20230213,2023,lidar,0.9408,train
20230213_lidar_tile_896_2816.npy,20230213,2023,lidar,0.9815,train
20230213_lidar_tile_896_2944.npy,20230213,2023,lidar,0.9626,train
20230213_lidar_tile_896_3072.npy,20230213,2023,lidar,0.9561,train
20230213_lidar_tile_896_3200.npy,20230213,2023,lidar,0.9402,train
20230213_lidar_tile_1024_128.npy,20230213,2023,lidar,0.7156,train
20230213_lidar_tile_1024_256.npy,20230213,2023,lidar,0.9788,train
20230213_lidar_tile_1024_384.npy,20230213,2023,lidar,0.997,train
20230213_lidar_tile_1024_512.npy,20230213,2023,lidar,0.9986,train
20230213_lidar_tile_1024_640.npy,20230213,2023,lidar,0.9993,train
20230213_lidar_tile_1024_768.npy,20230213,2023,lidar,0.9449,train
20230213_lidar_tile_1024_896.npy,20230213,2023,lidar,0.9408,train
20230213_lidar_tile_1024_1024.npy,20230213,2023,lidar,0.992,train
20230213_lidar_tile_1024_1152.npy,20230213,2023,lidar,0.9951,train
20230213_lidar_tile_1024_1280.npy,20230213,2023,lidar,0.9982,train
20230213_lidar_tile_1024_1408.npy,20230213,2023,lidar,0.9998,train
20230213_lidar_tile_1024_1536.npy,20230213,2023,lidar,0.9994,train
20230213_lidar_tile_1024_1664.npy,20230213,2023,lidar,0.9972,train
20230213_lidar_tile_1024_1792.npy,20230213,2023,lidar,0.9927,train
20230213_lidar_tile_1024_1920.npy,20230213,2023,lidar,0.9925,train
20230213_lidar_tile_1024_2048.npy,20230213,2023,lidar,0.9899,train
20230213_lidar_tile_1024_2176.npy,20230213,2023,lidar,0.9925,train
20230213_lidar_tile_1024_2304.npy,20230213,2023,lidar,0.9992,train
20230213_lidar_tile_1024_2432.npy,20230213,2023,lidar,0.9191,train
20230213_lidar_tile_1024_2560.npy,20230213,2023,lidar,0.8898,train
20230213_lidar_tile_1024_2688.npy,20230213,2023,lidar,0.967,train
20230213_lidar_tile_1024_2816.npy,20230213,2023,lidar,0.9921,train
20230213_lidar_tile_1024_2944.npy,20230213,2023,lidar,0.978,train
20230213_lidar_tile_1024_3072.npy,20230213,2023,lidar,0.933,train
20230213_lidar_tile_1152_256.npy,20230213,2023,lidar,0.8279,train
20230213_lidar_tile_1152_384.npy,20230213,2023,lidar,0.9579,train
20230213_lidar_tile_1152_512.npy,20230213,2023,lidar,0.9916,train
20230213_lidar_tile_1152_640.npy,20230213,2023,lidar,0.9921,train
20230213_lidar_tile_1152_768.npy,20230213,2023,lidar,0.9633,train
20230213_lidar_tile_1152_896.npy,20230213,2023,lidar,0.9704,train
20230213_lidar_tile_1152_1024.npy,20230213,2023,lidar,0.9979,train
20230213_lidar_tile_1152_1152.npy,20230213,2023,lidar,0.9956,train
20230213_lidar_tile_1152_1280.npy,20230213,2023,lidar,0.9967,train
20230213_lidar_tile_1152_1408.npy,20230213,2023,lidar,0.9993,train
20230213_lidar_tile_1152_1536.npy,20230213,2023,lidar,0.9993,train
20230213_lidar_tile_1152_1664.npy,20230213,2023,lidar,0.9986,train
20230213_lidar_tile_1152_1792.npy,20230213,2023,lidar,0.9913,train
20230213_lidar_tile_1152_1920.npy,20230213,2023,lidar,0.9778,train
20230213_lidar_tile_1152_2048.npy,20230213,2023,lidar,0.9842,train
20230213_lidar_tile_1152_2176.npy,20230213,2023,lidar,0.9986,train
20230213_lidar_tile_1152_2304.npy,20230213,2023,lidar,0.9985,train
20230213_lidar_tile_1152_2432.npy,20230213,2023,lidar,0.9846,train
20230213_lidar_tile_1152_2560.npy,20230213,2023,lidar,0.9851,train
20230213_lidar_tile_1152_2688.npy,20230213,2023,lidar,0.994,train
20230213_lidar_tile_1152_2816.npy,20230213,2023,lidar,0.9694,train
20230213_lidar_tile_1152_2944.npy,20230213,2023,lidar,0.9462,train
20230213_lidar_tile_1152_3072.npy,20230213,2023,lidar,0.9201,train
20230213_lidar_tile_1280_640.npy,20230213,2023,lidar,0.719,train
20230213_lidar_tile_1280_768.npy,20230213,2023,lidar,0.7577,train
20230213_lidar_tile_1280_896.npy,20230213,2023,lidar,0.8492,train
20230213_lidar_tile_1280_1024.npy,20230213,2023,lidar,0.9552,train
20230213_lidar_tile_1280_1152.npy,20230213,2023,lidar,0.9979,train
20230213_lidar_tile_1280_1280.npy,20230213,2023,lidar,0.9949,train
20230213_lidar_tile_1280_1408.npy,20230213,2023,lidar,0.9961,train
20230213_lidar_tile_1280_1536.npy,20230213,2023,lidar,0.992,train
20230213_lidar_tile_1280_1664.npy,20230213,2023,lidar,0.9915,train
20230213_lidar_tile_1280_1792.npy,20230213,2023,lidar,0.9961,train
20230213_lidar_tile_1280_1920.npy,20230213,2023,lidar,0.9843,train
20230213_lidar_tile_1280_2048.npy,20230213,2023,lidar,0.9857,train
20230213_lidar_tile_1280_2176.npy,20230213,2023,lidar,0.9984,train
20230213_lidar_tile_1280_2304.npy,20230213,2023,lidar,0.999,train
20230213_lidar_tile_1280_2432.npy,20230213,2023,lidar,0.9978,train
20230213_lidar_tile_1280_2560.npy,20230213,2023,lidar,0.9971,train
20230213_lidar_tile_1280_2688.npy,20230213,2023,lidar,0.9765,train
20230213_lidar_tile_1280_2816.npy,20230213,2023,lidar,0.9385,train
20230213_lidar_tile_1280_2944.npy,20230213,2023,lidar,0.9429,train
20230213_lidar_tile_1280_3072.npy,20230213,2023,lidar,0.9711,train
20230213_lidar_tile_1408_768.npy,20230213,2023,lidar,0.452,train
20230213_lidar_tile_1408_896.npy,20230213,2023,lidar,0.7611,train
20230213_lidar_tile_1408_1024.npy,20230213,2023,lidar,0.9376,train
20230213_lidar_tile_1408_1152.npy,20230213,2023,lidar,0.9986,train
20230213_lidar_tile_1408_1280.npy,20230213,2023,lidar,0.9964,train
20230213_lidar_tile_1408_1408.npy,20230213,2023,lidar,0.9967,train
20230213_lidar_tile_1408_1536.npy,20230213,2023,lidar,0.9852,train
20230213_lidar_tile_1408_1664.npy,20230213,2023,lidar,0.9843,train
20230213_lidar_tile_1408_1792.npy,20230213,2023,lidar,0.9986,train
20230213_lidar_tile_1408_1920.npy,20230213,2023,lidar,0.9996,train
20230213_lidar_tile_1408_2048.npy,20230213,2023,lidar,0.9982,train
20230213_lidar_tile_1408_2176.npy,20230213,2023,lidar,0.9976,train
20230213_lidar_tile_1408_2304.npy,20230213,2023,lidar,0.9986,train
20230213_lidar_tile_1408_2432.npy,20230213,2023,lidar,0.9958,train
20230213_lidar_tile_1408_2560.npy,20230213,2023,lidar,0.9798,train
20230213_lidar_tile_1408_2688.npy,20230213,2023,lidar,0.9446,train
20230213_lidar_tile_1408_2816.npy,20230213,2023,lidar,0.9453,train
20230213_lidar_tile_1408_2944.npy,20230213,2023,lidar,0.9832,train
20230213_lidar_tile_1408_3072.npy,20230213,2023,lidar,0.9748,train
20230213_lidar_tile_1536_896.npy,20230213,2023,lidar,0.5429,train
20230213_lidar_tile_1536_1024.npy,20230213,2023,lidar,0.8785,train
20230213_lidar_tile_1536_1152.npy,20230213,2023,lidar,0.9984,train
20230213_lidar_tile_1536_1280.npy,20230213,2023,lidar,0.9994,train
20230213_lidar_tile_1536_1408.npy,20230213,2023,lidar,0.9998,train
20230213_lidar_tile_1536_1536.npy,20230213,2023,lidar,0.9922,train
20230213_lidar_tile_1536_1664.npy,20230213,2023,lidar,0.9913,train
20230213_lidar_tile_1536_1792.npy,20230213,2023,lidar,0.9983,train
20230213_lidar_tile_1536_1920.npy,20230213,2023,lidar,0.9993,train
20230213_lidar_tile_1536_2048.npy,20230213,2023,lidar,0.9985,train
20230213_lidar_tile_1536_2176.npy,20230213,2023,lidar,0.9978,train
20230213_lidar_tile_1536_2304.npy,20230213,2023,lidar,0.9982,train
20230213_lidar_tile_1536_2432.npy,20230213,2023,lidar,0.9935,train
20230213_lidar_tile_1536_2560.npy,20230213,2023,lidar,0.9637,train
20230213_lidar_tile_1536_2688.npy,20230213,2023,lidar,0.9467,train
20230213_lidar_tile_1536_2816.npy,20230213,2023,lidar,0.9699,train
20230213_lidar_tile_1536_2944.npy,20230213,2023,lidar,0.9883,train
20230213_lidar_tile_1664_896.npy,20230213,2023,lidar,0.491,train
20230213_lidar_tile_1664_1024.npy,20230213,2023,lidar,0.8209,train
20230213_lidar_tile_1664_1152.npy,20230213,2023,lidar,0.996,train
20230213_lidar_tile_1664_1280.npy,20230213,2023,lidar,0.9975,train
20230213_lidar_tile_1664_1408.npy,20230213,2023,lidar,0.9999,train
20230213_lidar_tile_1664_1536.npy,20230213,2023,lidar,0.9994,train
20230213_lidar_tile_1664_1664.npy,20230213,2023,lidar,0.9981,train
20230213_lidar_tile_1664_1792.npy,20230213,2023,lidar,0.9982,train
20230213_lidar_tile_1664_1920.npy,20230213,2023,lidar,0.9963,train
20230213_lidar_tile_1664_2048.npy,20230213,2023,lidar,0.9933,train
20230213_lidar_tile_1664_2176.npy,20230213,2023,lidar,0.9936,train
20230213_lidar_tile_1664_2304.npy,20230213,2023,lidar,0.996,train
20230213_lidar_tile_1664_2432.npy,20230213,2023,lidar,0.9954,train
20230213_lidar_tile_1664_2560.npy,20230213,2023,lidar,0.9771,train
20230213_lidar_tile_1664_2688.npy,20230213,2023,lidar,0.9703,train
20230213_lidar_tile_1664_2816.npy,20230213,2023,lidar,0.9808,train
20230213_lidar_tile_1664_2944.npy,20230213,2023,lidar,0.9393,train
20230213_lidar_tile_1792_768.npy,20230213,2023,lidar,0.7132,train
20230213_lidar_tile_1792_896.npy,20230213,2023,lidar,0.8337,train
20230213_lidar_tile_1792_1024.npy,20230213,2023,lidar,0.9193,train
20230213_lidar_tile_1792_1152.npy,20230213,2023,lidar,0.9956,train
20230213_lidar_tile_1792_1280.npy,20230213,2023,lidar,0.9974,train
20230213_lidar_tile_1792_1408.npy,20230213,2023,lidar,0.9996,train
20230213_lidar_tile_1792_1536.npy,20230213,2023,lidar,0.9989,train
20230213_lidar_tile_1792_1664.npy,20230213,2023,lidar,0.998,train
20230213_lidar_tile_1792_1792.npy,20230213,2023,lidar,0.996,train
20230213_lidar_tile_1792_1920.npy,20230213,2023,lidar,0.985,train
20230213_lidar_tile_1792_2048.npy,20230213,2023,lidar,0.9781,train
20230213_lidar_tile_1792_2176.npy,20230213,2023,lidar,0.978,train
20230213_lidar_tile_1792_2304.npy,20230213,2023,lidar,0.9863,train
20230213_lidar_tile_1792_2432.npy,20230213,2023,lidar,0.997,train
20230213_lidar_tile_1792_2560.npy,20230213,2023,lidar,0.9937,train
20230213_lidar_tile_1792_2688.npy,20230213,2023,lidar,0.9784,train
20230213_lidar_tile_1792_2816.npy,20230213,2023,lidar,0.9561,train
20230213_lidar_tile_1920_768.npy,20230213,2023,lidar,0.9277,train
20230213_lidar_tile_1920_896.npy,20230213,2023,lidar,0.9944,train
20230213_lidar_tile_1920_1024.npy,20230213,2023,lidar,0.9943,train
20230213_lidar_tile_1920_1152.npy,20230213,2023,lidar,0.9987,train
20230213_lidar_tile_1920_1280.npy,20230213,2023,lidar,0.999,train
20230213_lidar_tile_1920_1408.npy,20230213,2023,lidar,0.999,train
20230213_lidar_tile_1920_1536.npy,20230213,2023,lidar,0.9987,train
20230213_lidar_tile_1920_1664.npy,20230213,2023,lidar,0.9968,train
20230213_lidar_tile_1920_1792.npy,20230213,2023,lidar,0.9938,train
20230213_lidar_tile_1920_1920.npy,20230213,2023,lidar,0.9842,train
20230213_lidar_tile_1920_2048.npy,20230213,2023,lidar,0.9767,train
20230213_lidar_tile_1920_2176.npy,20230213,2023,lidar,0.9769,train
20230213_lidar_tile_1920_2304.npy,20230213,2023,lidar,0.9869,train
20230213_lidar_tile_1920_2432.npy,20230213,2023,lidar,0.9968,train
20230213_lidar_tile_1920_2560.npy,20230213,2023,lidar,0.988,train
20230213_lidar_tile_1920_2688.npy,20230213,2023,lidar,0.9676,train
20230213_lidar_tile_2048_768.npy,20230213,2023,lidar,0.844,train
20230213_lidar_tile_2048_896.npy,20230213,2023,lidar,0.9973,train
20230213_lidar_tile_2048_1024.npy,20230213,2023,lidar,0.9971,train
20230213_lidar_tile_2048_1152.npy,20230213,2023,lidar,0.9989,train
20230213_lidar_tile_2048_1280.npy,20230213,2023,lidar,0.9962,train
20230213_lidar_tile_2048_1408.npy,20230213,2023,lidar,0.9947,train
20230213_lidar_tile_2048_1536.npy,20230213,2023,lidar,0.9967,train
20230213_lidar_tile_2048_1664.npy,20230213,2023,lidar,0.995,train
20230213_lidar_tile_2048_1792.npy,20230213,2023,lidar,0.9946,train
20230213_lidar_tile_2048_1920.npy,20230213,2023,lidar,0.9915,train
20230213_lidar_tile_2048_2048.npy,20230213,2023,lidar,0.9838,train
20230213_lidar_tile_2048_2176.npy,20230213,2023,lidar,0.9875,train
20230213_lidar_tile_2048_2304.npy,20230213,2023,lidar,0.9879,train
20230213_lidar_tile_2048_2432.npy,20230213,2023,lidar,0.979,train
20230213_lidar_tile_2048_2560.npy,20230213,2023,lidar,0.9783,train
20230213_lidar_tile_2048_2688.npy,20230213,2023,lidar,0.8536,train
20230213_lidar_tile_2176_768.npy,20230213,2023,lidar,0.7408,train
20230213_lidar_tile_2176_896.npy,20230213,2023,lidar,0.9949,train
20230213_lidar_tile_2176_1024.npy,20230213,2023,lidar,0.9939,train
20230213_lidar_tile_2176_1152.npy,20230213,2023,lidar,0.995,train
20230213_lidar_tile_2176_1280.npy,20230213,2023,lidar,0.9946,train
20230213_lidar_tile_2176_1408.npy,20230213,2023,lidar,0.9936,train
20230213_lidar_tile_2176_1536.npy,20230213,2023,lidar,0.9953,train
20230213_lidar_tile_2176_1664.npy,20230213,2023,lidar,0.9948,train
20230213_lidar_tile_2176_1792.npy,20230213,2023,lidar,0.9883,train
20230213_lidar_tile_2176_1920.npy,20230213,2023,lidar,0.9866,train
20230213_lidar_tile_2176_2048.npy,20230213,2023,lidar,0.9899,train
20230213_lidar_tile_2176_2176.npy,20230213,2023,lidar,0.9547,train
20230213_lidar_tile_2176_2304.npy,20230213,2023,lidar,0.9045,train
20230213_lidar_tile_2176_2432.npy,20230213,2023,lidar,0.9292,train
20230213_lidar_tile_2176_2560.npy,20230213,2023,lidar,0.9458,train
20230213_lidar_tile_2304_768.npy,20230213,2023,lidar,0.6674,train
20230213_lidar_tile_2304_896.npy,20230213,2023,lidar,0.9904,train
20230213_lidar_tile_2304_1024.npy,20230213,2023,lidar,0.9897,train
20230213_lidar_tile_2304_1152.npy,20230213,2023,lidar,0.9917,train
20230213_lidar_tile_2304_1280.npy,20230213,2023,lidar,0.9951,train
20230213_lidar_tile_2304_1408.npy,20230213,2023,lidar,0.9919,train
20230213_lidar_tile_2304_1536.npy,20230213,2023,lidar,0.9878,train
20230213_lidar_tile_2304_1664.npy,20230213,2023,lidar,0.992,train
20230213_lidar_tile_2304_1792.npy,20230213,2023,lidar,0.9904,train
20230213_lidar_tile_2304_1920.npy,20230213,2023,lidar,0.9845,train
20230213_lidar_tile_2304_2048.npy,20230213,2023,lidar,0.9725,train
20230213_lidar_tile_2304_2176.npy,20230213,2023,lidar,0.9233,train
20230213_lidar_tile_2304_2304.npy,20230213,2023,lidar,0.8324,train
20230213_lidar_tile_2304_2432.npy,20230213,2023,lidar,0.7402,train
20230213_lidar_tile_2432_768.npy,20230213,2023,lidar,0.5643,train
20230213_lidar_tile_2432_896.npy,20230213,2023,lidar,0.9908,train
20230213_lidar_tile_2432_1024.npy,20230213,2023,lidar,0.9907,train
20230213_lidar_tile_2432_1152.npy,20230213,2023,lidar,0.9924,train
20230213_lidar_tile_2432_1280.npy,20230213,2023,lidar,0.9948,train
20230213_lidar_tile_2432_1408.npy,20230213,2023,lidar,0.9896,train
20230213_lidar_tile_2432_1536.npy,20230213,2023,lidar,0.9861,train
20230213_lidar_tile_2432_1664.npy,20230213,2023,lidar,0.9923,train
20230213_lidar_tile_2432_1792.npy,20230213,2023,lidar,0.9983,train
20230213_lidar_tile_2432_1920.npy,20230213,2023,lidar,0.9714,train
20230213_lidar_tile_2432_2048.npy,20230213,2023,lidar,0.9391,train
20230213_lidar_tile_2432_2176.npy,20230213,2023,lidar,0.9314,train
20230213_lidar_tile_2432_2304.npy,20230213,2023,lidar,0.8102,train
20230213_lidar_tile_2432_2432.npy,20230213,2023,lidar,0.4533,train
20230213_lidar_tile_2560_768.npy,20230213,2023,lidar,0.4498,train
20230213_lidar_tile_2560_896.npy,20230213,2023,lidar,0.9249,train
20230213_lidar_tile_2560_1024.npy,20230213,2023,lidar,0.9912,train
20230213_lidar_tile_2560_1152.npy,20230213,2023,lidar,0.9914,train
20230213_lidar_tile_2560_1280.npy,20230213,2023,lidar,0.992,train
20230213_lidar_tile_2560_1408.npy,20230213,2023,lidar,0.9924,train
20230213_lidar_tile_2560_1536.npy,20230213,2023,lidar,0.995,train
20230213_lidar_tile_2560_1664.npy,20230213,2023,lidar,0.9921,train
20230213_lidar_tile_2560_1792.npy,20230213,2023,lidar,0.9925,train
20230213_lidar_tile_2560_1920.npy,20230213,2023,lidar,0.97,train
20230213_lidar_tile_2560_2048.npy,20230213,2023,lidar,0.9498,train
20230213_lidar_tile_2560_2176.npy,20230213,2023,lidar,0.9417,train
20230213_lidar_tile_2560_2304.npy,20230213,2023,lidar,0.6929,train
20230213_lidar_tile_2688_896.npy,20230213,2023,lidar,0.6654,train
20230213_lidar_tile_2688_1024.npy,20230213,2023,lidar,0.9473,train
20230213_lidar_tile_2688_1152.npy,20230213,2023,lidar,0.9829,train
20230213_lidar_tile_2688_1280.npy,20230213,2023,lidar,0.987,train
20230213_lidar_tile_2688_1408.npy,20230213,2023,lidar,0.9917,train
20230213_lidar_tile_2688_1536.npy,20230213,2023,lidar,0.9949,train
20230213_lidar_tile_2688_1664.npy,20230213,2023,lidar,0.9898,train
20230213_lidar_tile_2688_1792.npy,20230213,2023,lidar,0.9827,train
20230213_lidar_tile_2688_1920.npy,20230213,2023,lidar,0.9035,train
20230213_lidar_tile_2688_2048.npy,20230213,2023,lidar,0.7275,train
20230213_lidar_tile_2816_1024.npy,20230213,2023,lidar,0.6984,train
20230213_lidar_tile_2816_1152.npy,20230213,2023,lidar,0.9182,train
20230213_lidar_tile_2816_1280.npy,20230213,2023,lidar,0.9709,train
20230213_lidar_tile_2816_1408.npy,20230213,2023,lidar,0.9416,train
20230213_lidar_tile_2816_1536.npy,20230213,2023,lidar,0.8313,train
20230213_lidar_tile_2816_1664.npy,20230213,2023,lidar,0.6961,train
20230316_lidar_tile_128_128.npy,20230316,2023,lidar,0.5711,train
20230316_lidar_tile_128_256.npy,20230316,2023,lidar,0.9128,train
20230316_lidar_tile_128_384.npy,20230316,2023,lidar,0.9649,train
20230316_lidar_tile_128_512.npy,20230316,2023,lidar,0.9803,train
20230316_lidar_tile_128_640.npy,20230316,2023,lidar,0.9884,train
20230316_lidar_tile_128_768.npy,20230316,2023,lidar,0.9464,train
20230316_lidar_tile_256_128.npy,20230316,2023,lidar,0.8018,train
20230316_lidar_tile_256_256.npy,20230316,2023,lidar,0.9414,train
20230316_lidar_tile_256_384.npy,20230316,2023,lidar,0.9781,train
20230316_lidar_tile_256_512.npy,20230316,2023,lidar,0.9886,train
20230316_lidar_tile_256_640.npy,20230316,2023,lidar,0.9953,train
20230316_lidar_tile_256_768.npy,20230316,2023,lidar,0.997,train
20230316_lidar_tile_256_896.npy,20230316,2023,lidar,0.9985,train
20230316_lidar_tile_256_1024.npy,20230316,2023,lidar,0.9733,train
20230316_lidar_tile_384_0.npy,20230316,2023,lidar,0.6277,train
20230316_lidar_tile_384_128.npy,20230316,2023,lidar,0.9639,train
20230316_lidar_tile_384_256.npy,20230316,2023,lidar,0.9762,train
20230316_lidar_tile_384_384.npy,20230316,2023,lidar,0.9933,train
20230316_lidar_tile_384_512.npy,20230316,2023,lidar,0.9954,train
20230316_lidar_tile_384_640.npy,20230316,2023,lidar,0.9989,train
20230316_lidar_tile_384_768.npy,20230316,2023,lidar,0.9925,train
20230316_lidar_tile_384_896.npy,20230316,2023,lidar,0.9919,train
20230316_lidar_tile_384_1024.npy,20230316,2023,lidar,0.9988,train
20230316_lidar_tile_384_2048.npy,20230316,2023,lidar,0.9304,train
20230316_lidar_tile_384_2176.npy,20230316,2023,lidar,0.8674,train
20230316_lidar_tile_384_2304.npy,20230316,2023,lidar,0.7372,train
20230316_lidar_tile_512_0.npy,20230316,2023,lidar,0.7331,train
20230316_lidar_tile_512_128.npy,20230316,2023,lidar,0.9915,train
20230316_lidar_tile_512_256.npy,20230316,2023,lidar,0.9926,train
20230316_lidar_tile_512_384.npy,20230316,2023,lidar,0.9956,train
20230316_lidar_tile_512_512.npy,20230316,2023,lidar,0.9988,train
20230316_lidar_tile_512_640.npy,20230316,2023,lidar,0.9999,train
20230316_lidar_tile_512_768.npy,20230316,2023,lidar,0.9929,train
20230316_lidar_tile_512_896.npy,20230316,2023,lidar,0.9921,train
20230316_lidar_tile_512_1024.npy,20230316,2023,lidar,0.9986,train
20230316_lidar_tile_512_1152.npy,20230316,2023,lidar,0.9981,train
20230316_lidar_tile_512_1280.npy,20230316,2023,lidar,0.9955,train
20230316_lidar_tile_512_1408.npy,20230316,2023,lidar,0.9957,train
20230316_lidar_tile_512_1536.npy,20230316,2023,lidar,0.9885,train
20230316_lidar_tile_512_1664.npy,20230316,2023,lidar,0.9678,train
20230316_lidar_tile_512_1792.npy,20230316,2023,lidar,0.9778,train
20230316_lidar_tile_512_1920.npy,20230316,2023,lidar,0.9957,train
20230316_lidar_tile_512_2048.npy,20230316,2023,lidar,0.9888,train
20230316_lidar_tile_512_2176.npy,20230316,2023,lidar,0.97,train
20230316_lidar_tile_512_2304.npy,20230316,2023,lidar,0.9274,train
20230316_lidar_tile_512_2432.npy,20230316,2023,lidar,0.92,train
20230316_lidar_tile_512_2560.npy,20230316,2023,lidar,0.936,train
20230316_lidar_tile_512_2688.npy,20230316,2023,lidar,0.9065,train
20230316_lidar_tile_640_0.npy,20230316,2023,lidar,0.7118,train
20230316_lidar_tile_640_128.npy,20230316,2023,lidar,0.9628,train
20230316_lidar_tile_640_256.npy,20230316,2023,lidar,0.9944,train
20230316_lidar_tile_640_384.npy,20230316,2023,lidar,0.9956,train
20230316_lidar_tile_640_512.npy,20230316,2023,lidar,0.9982,train
20230316_lidar_tile_640_640.npy,20230316,2023,lidar,0.9997,train
20230316_lidar_tile_640_768.npy,20230316,2023,lidar,1.0,train
20230316_lidar_tile_640_896.npy,20230316,2023,lidar,0.9996,train
20230316_lidar_tile_640_1024.npy,20230316,2023,lidar,0.9981,train
20230316_lidar_tile_640_1152.npy,20230316,2023,lidar,0.997,train
20230316_lidar_tile_640_1280.npy,20230316,2023,lidar,0.9949,train
20230316_lidar_tile_640_1408.npy,20230316,2023,lidar,0.9945,train
20230316_lidar_tile_640_1536.npy,20230316,2023,lidar,0.9968,train
20230316_lidar_tile_640_1664.npy,20230316,2023,lidar,0.9967,train
20230316_lidar_tile_640_1792.npy,20230316,2023,lidar,0.9933,train
20230316_lidar_tile_640_1920.npy,20230316,2023,lidar,0.9836,train
20230316_lidar_tile_640_2048.npy,20230316,2023,lidar,0.9827,train
20230316_lidar_tile_640_2176.npy,20230316,2023,lidar,0.9862,train
20230316_lidar_tile_640_2304.npy,20230316,2023,lidar,0.9712,train
20230316_lidar_tile_640_2432.npy,20230316,2023,lidar,0.9656,train
20230316_lidar_tile_640_2560.npy,20230316,2023,lidar,0.948,train
20230316_lidar_tile_640_2688.npy,20230316,2023,lidar,0.919,train
20230316_lidar_tile_640_2816.npy,20230316,2023,lidar,0.8111,train
20230316_lidar_tile_768_0.npy,20230316,2023,lidar,0.5706,train
20230316_lidar_tile_768_128.npy,20230316,2023,lidar,0.9325,train
20230316_lidar_tile_768_256.npy,20230316,2023,lidar,0.9982,train
20230316_lidar_tile_768_384.npy,20230316,2023,lidar,0.9985,train
20230316_lidar_tile_768_512.npy,20230316,2023,lidar,0.9986,train
20230316_lidar_tile_768_640.npy,20230316,2023,lidar,0.9998,train
20230316_lidar_tile_768_768.npy,20230316,2023,lidar,1.0,train
20230316_lidar_tile_768_896.npy,20230316,2023,lidar,0.9987,train
20230316_lidar_tile_768_1024.npy,20230316,2023,lidar,0.9976,train
20230316_lidar_tile_768_1152.npy,20230316,2023,lidar,0.9978,train
20230316_lidar_tile_768_1280.npy,20230316,2023,lidar,0.9966,train
20230316_lidar_tile_768_1408.npy,20230316,2023,lidar,0.9962,train
20230316_lidar_tile_768_1536.npy,20230316,2023,lidar,0.9976,train
20230316_lidar_tile_768_1664.npy,20230316,2023,lidar,0.9917,train
20230316_lidar_tile_768_1792.npy,20230316,2023,lidar,0.9535,train
20230316_lidar_tile_768_1920.npy,20230316,2023,lidar,0.9309,train
20230316_lidar_tile_768_2048.npy,20230316,2023,lidar,0.9676,train
20230316_lidar_tile_768_2176.npy,20230316,2023,lidar,0.9722,train
20230316_lidar_tile_768_2304.npy,20230316,2023,lidar,0.9459,train
20230316_lidar_tile_768_2432.npy,20230316,2023,lidar,0.9457,train
20230316_lidar_tile_768_2560.npy,20230316,2023,lidar,0.9215,train
20230316_lidar_tile_768_2688.npy,20230316,2023,lidar,0.9113,train
20230316_lidar_tile_768_2816.npy,20230316,2023,lidar,0.8459,train
20230316_lidar_tile_768_2944.npy,20230316,2023,lidar,0.7673,train
20230316_lidar_tile_896_0.npy,20230316,2023,lidar,0.6628,train
20230316_lidar_tile_896_128.npy,20230316,2023,lidar,0.9524,train
20230316_lidar_tile_896_256.npy,20230316,2023,lidar,0.9982,train
20230316_lidar_tile_896_384.npy,20230316,2023,lidar,0.9996,train
20230316_lidar_tile_896_512.npy,20230316,2023,lidar,1.0,train
20230316_lidar_tile_896_640.npy,20230316,2023,lidar,1.0,train
20230316_lidar_tile_896_768.npy,20230316,2023,lidar,0.9929,train
20230316_lidar_tile_896_896.npy,20230316,2023,lidar,0.9893,train
20230316_lidar_tile_896_1024.npy,20230316,2023,lidar,0.996,train
20230316_lidar_tile_896_1152.npy,20230316,2023,lidar,0.9982,train
20230316_lidar_tile_896_1280.npy,20230316,2023,lidar,0.9969,train
20230316_lidar_tile_896_1408.npy,20230316,2023,lidar,0.9964,train
20230316_lidar_tile_896_1536.npy,20230316,2023,lidar,0.9931,train
20230316_lidar_tile_896_1664.npy,20230316,2023,lidar,0.9853,train
20230316_lidar_tile_896_1792.npy,20230316,2023,lidar,0.9114,train
20230316_lidar_tile_896_2048.npy,20230316,2023,lidar,0.9501,train
20230316_lidar_tile_896_2176.npy,20230316,2023,lidar,0.9461,train
20230316_lidar_tile_896_2304.npy,20230316,2023,lidar,0.932,train
20230316_lidar_tile_896_2432.npy,20230316,2023,lidar,0.9289,train
20230316_lidar_tile_896_2560.npy,20230316,2023,lidar,0.8904,train
20230316_lidar_tile_896_2688.npy,20230316,2023,lidar,0.8496,train
20230316_lidar_tile_896_2816.npy,20230316,2023,lidar,0.6974,train
20230316_lidar_tile_896_2944.npy,20230316,2023,lidar,0.5539,train
20230316_lidar_tile_896_3072.npy,20230316,2023,lidar,0.4998,train
20230316_lidar_tile_1024_0.npy,20230316,2023,lidar,0.6283,train
20230316_lidar_tile_1024_128.npy,20230316,2023,lidar,0.8716,train
20230316_lidar_tile_1024_256.npy,20230316,2023,lidar,0.9818,train
20230316_lidar_tile_1024_384.npy,20230316,2023,lidar,0.9997,train
20230316_lidar_tile_1024_512.npy,20230316,2023,lidar,0.9997,train
20230316_lidar_tile_1024_640.npy,20230316,2023,lidar,0.9991,train
20230316_lidar_tile_1024_768.npy,20230316,2023,lidar,0.9914,train
20230316_lidar_tile_1024_896.npy,20230316,2023,lidar,0.9887,train
20230316_lidar_tile_1024_1024.npy,20230316,2023,lidar,0.9963,train
20230316_lidar_tile_1024_1152.npy,20230316,2023,lidar,0.9983,train
20230316_lidar_tile_1024_1280.npy,20230316,2023,lidar,0.9945,train
20230316_lidar_tile_1024_1408.npy,20230316,2023,lidar,0.9872,train
20230316_lidar_tile_1024_1536.npy,20230316,2023,lidar,0.983,train
20230316_lidar_tile_1024_1664.npy,20230316,2023,lidar,0.9833,train
20230316_lidar_tile_1024_1792.npy,20230316,2023,lidar,0.9397,train
20230316_lidar_tile_1024_1920.npy,20230316,2023,lidar,0.9074,train
20230316_lidar_tile_1024_2048.npy,20230316,2023,lidar,0.9218,train
20230316_lidar_tile_1024_2176.npy,20230316,2023,lidar,0.9131,train
20230316_lidar_tile_1024_2304.npy,20230316,2023,lidar,0.8934,train
20230316_lidar_tile_1024_2432.npy,20230316,2023,lidar,0.8954,train
20230316_lidar_tile_1024_2560.npy,20230316,2023,lidar,0.8926,train
20230316_lidar_tile_1024_2688.npy,20230316,2023,lidar,0.7695,train
20230316_lidar_tile_1024_2816.npy,20230316,2023,lidar,0.5755,train
20230316_lidar_tile_1024_2944.npy,20230316,2023,lidar,0.4183,train
20230316_lidar_tile_1024_3072.npy,20230316,2023,lidar,0.3954,train
20230316_lidar_tile_1152_128.npy,20230316,2023,lidar,0.4814,train
20230316_lidar_tile_1152_256.npy,20230316,2023,lidar,0.8281,train
20230316_lidar_tile_1152_384.npy,20230316,2023,lidar,0.9983,train
20230316_lidar_tile_1152_512.npy,20230316,2023,lidar,0.9995,train
20230316_lidar_tile_1152_640.npy,20230316,2023,lidar,0.9991,train
20230316_lidar_tile_1152_768.npy,20230316,2023,lidar,0.9984,train
20230316_lidar_tile_1152_896.npy,20230316,2023,lidar,0.9984,train
20230316_lidar_tile_1152_1024.npy,20230316,2023,lidar,0.9951,train
20230316_lidar_tile_1152_1152.npy,20230316,2023,lidar,0.9952,train
20230316_lidar_tile_1152_1280.npy,20230316,2023,lidar,0.9861,train
20230316_lidar_tile_1152_1408.npy,20230316,2023,lidar,0.9648,train
20230316_lidar_tile_1152_1536.npy,20230316,2023,lidar,0.9717,train
20230316_lidar_tile_1152_1664.npy,20230316,2023,lidar,0.9823,train
20230316_lidar_tile_1152_1792.npy,20230316,2023,lidar,0.952,train
20230316_lidar_tile_1152_1920.npy,20230316,2023,lidar,0.9141,train
20230316_lidar_tile_1152_2048.npy,20230316,2023,lidar,0.907,train
20230316_lidar_tile_1152_2176.npy,20230316,2023,lidar,0.8328,train
20230316_lidar_tile_1152_2304.npy,20230316,2023,lidar,0.8091,train
20230316_lidar_tile_1152_2432.npy,20230316,2023,lidar,0.895,train
20230316_lidar_tile_1152_2560.npy,20230316,2023,lidar,0.8472,train
20230316_lidar_tile_1152_2688.npy,20230316,2023,lidar,0.6541,train
20230316_lidar_tile_1152_2816.npy,20230316,2023,lidar,0.5794,train
20230316_lidar_tile_1152_2944.npy,20230316,2023,lidar,0.542,train
20230316_lidar_tile_1280_256.npy,20230316,2023,lidar,0.6075,train
20230316_lidar_tile_1280_384.npy,20230316,2023,lidar,0.9558,train
20230316_lidar_tile_1280_512.npy,20230316,2023,lidar,0.9973,train
20230316_lidar_tile_1280_640.npy,20230316,2023,lidar,0.999,train
20230316_lidar_tile_1280_768.npy,20230316,2023,lidar,0.9869,train
20230316_lidar_tile_1280_896.npy,20230316,2023,lidar,0.9869,train
20230316_lidar_tile_1280_1024.npy,20230316,2023,lidar,0.9958,train
20230316_lidar_tile_1280_1152.npy,20230316,2023,lidar,0.9911,train
20230316_lidar_tile_1280_1280.npy,20230316,2023,lidar,0.9794,train
20230316_lidar_tile_1280_1408.npy,20230316,2023,lidar,0.9589,train
20230316_lidar_tile_1280_1536.npy,20230316,2023,lidar,0.9708,train
20230316_lidar_tile_1280_1664.npy,20230316,2023,lidar,0.9799,train
20230316_lidar_tile_1280_1792.npy,20230316,2023,lidar,0.9341,train
20230316_lidar_tile_1280_1920.npy,20230316,2023,lidar,0.9058,train
20230316_lidar_tile_1280_2048.npy,20230316,2023,lidar,0.9034,train
20230316_lidar_tile_1280_2176.npy,20230316,2023,lidar,0.8333,train
20230316_lidar_tile_1280_2304.npy,20230316,2023,lidar,0.8307,train
20230316_lidar_tile_1280_2432.npy,20230316,2023,lidar,0.8674,train
20230316_lidar_tile_1280_2560.npy,20230316,2023,lidar,0.7083,train
20230316_lidar_tile_1280_2688.npy,20230316,2023,lidar,0.5711,train
20230316_lidar_tile_1280_2816.npy,20230316,2023,lidar,0.6553,train
20230316_lidar_tile_1280_2944.npy,20230316,2023,lidar,0.6613,train
20230316_lidar_tile_1408_640.npy,20230316,2023,lidar,0.905,train
20230316_lidar_tile_1408_768.npy,20230316,2023,lidar,0.8548,train
20230316_lidar_tile_1408_896.npy,20230316,2023,lidar,0.9093,train
20230316_lidar_tile_1408_1024.npy,20230316,2023,lidar,0.9955,train
20230316_lidar_tile_1408_1152.npy,20230316,2023,lidar,0.9919,train
20230316_lidar_tile_1408_1280.npy,20230316,2023,lidar,0.9818,train
20230316_lidar_tile_1408_1408.npy,20230316,2023,lidar,0.9684,train
20230316_lidar_tile_1408_1536.npy,20230316,2023,lidar,0.9733,train
20230316_lidar_tile_1408_1664.npy,20230316,2023,lidar,0.973,train
20230316_lidar_tile_1408_1792.npy,20230316,2023,lidar,0.9365,train
20230316_lidar_tile_1408_1920.npy,20230316,2023,lidar,0.9144,train
20230316_lidar_tile_1408_2048.npy,20230316,2023,lidar,0.9064,train
20230316_lidar_tile_1408_2176.npy,20230316,2023,lidar,0.8953,train
20230316_lidar_tile_1408_2304.npy,20230316,2023,lidar,0.8692,train
20230316_lidar_tile_1408_2432.npy,20230316,2023,lidar,0.8029,train
20230316_lidar_tile_1408_2560.npy,20230316,2023,lidar,0.6844,train
20230316_lidar_tile_1408_2688.npy,20230316,2023,lidar,0.6987,train
20230316_lidar_tile_1408_2816.npy,20230316,2023,lidar,0.8063,train
20230316_lidar_tile_1408_2944.npy,20230316,2023,lidar,0.7421,train
20230316_lidar_tile_1536_640.npy,20230316,2023,lidar,0.4275,train
20230316_lidar_tile_1536_768.npy,20230316,2023,lidar,0.5788,train
20230316_lidar_tile_1536_896.npy,20230316,2023,lidar,0.86,train
20230316_lidar_tile_1536_1024.npy,20230316,2023,lidar,0.9921,train
20230316_lidar_tile_1536_1152.npy,20230316,2023,lidar,0.9917,train
20230316_lidar_tile_1536_1280.npy,20230316,2023,lidar,0.9871,train
20230316_lidar_tile_1536_1408.npy,20230316,2023,lidar,0.9753,train
20230316_lidar_tile_1536_1536.npy,20230316,2023,lidar,0.968,train
20230316_lidar_tile_1536_1664.npy,20230316,2023,lidar,0.9714,train
20230316_lidar_tile_1536_1792.npy,20230316,2023,lidar,0.9541,train
20230316_lidar_tile_1536_1920.npy,20230316,2023,lidar,0.9238,train
20230316_lidar_tile_1536_2048.npy,20230316,2023,lidar,0.9059,train
20230316_lidar_tile_1536_2176.npy,20230316,2023,lidar,0.9078,train
20230316_lidar_tile_1536_2304.npy,20230316,2023,lidar,0.8959,train
20230316_lidar_tile_1536_2432.npy,20230316,2023,lidar,0.8399,train
20230316_lidar_tile_1536_2560.npy,20230316,2023,lidar,0.7858,train
20230316_lidar_tile_1536_2688.npy,20230316,2023,lidar,0.8409,train
20230316_lidar_tile_1536_2816.npy,20230316,2023,lidar,0.9241,train
20230316_lidar_tile_1536_2944.npy,20230316,2023,lidar,0.8533,train
20230316_lidar_tile_1664_768.npy,20230316,2023,lidar,0.3763,train
20230316_lidar_tile_1664_896.npy,20230316,2023,lidar,0.8532,train
20230316_lidar_tile_1664_1024.npy,20230316,2023,lidar,0.9932,train
20230316_lidar_tile_1664_1152.npy,20230316,2023,lidar,0.9915,train
20230316_lidar_tile_1664_1280.npy,20230316,2023,lidar,0.9899,train
20230316_lidar_tile_1664_1408.npy,20230316,2023,lidar,0.9751,train
20230316_lidar_tile_1664_1536.npy,20230316,2023,lidar,0.969,train
20230316_lidar_tile_1664_1664.npy,20230316,2023,lidar,0.9748,train
20230316_lidar_tile_1664_1792.npy,20230316,2023,lidar,0.9698,train
20230316_lidar_tile_1664_1920.npy,20230316,2023,lidar,0.9319,train
20230316_lidar_tile_1664_2048.npy,20230316,2023,lidar,0.8936,train
20230316_lidar_tile_1664_2176.npy,20230316,2023,lidar,0.9185,train
20230316_lidar_tile_1664_2304.npy,20230316,2023,lidar,0.9499,train
20230316_lidar_tile_1664_2432.npy,20230316,2023,lidar,0.9155,train
20230316_lidar_tile_1664_2560.npy,20230316,2023,lidar,0.8934,train
20230316_lidar_tile_1664_2688.npy,20230316,2023,lidar,0.9141,train
20230316_lidar_tile_1664_2816.npy,20230316,2023,lidar,0.952,train
20230316_lidar_tile_1792_768.npy,20230316,2023,lidar,0.3953,train
20230316_lidar_tile_1792_896.npy,20230316,2023,lidar,0.8942,train
20230316_lidar_tile_1792_1024.npy,20230316,2023,lidar,0.9948,train
20230316_lidar_tile_1792_1152.npy,20230316,2023,lidar,0.991,train
20230316_lidar_tile_1792_1280.npy,20230316,2023,lidar,0.9863,train
20230316_lidar_tile_1792_1408.npy,20230316,2023,lidar,0.9752,train
20230316_lidar_tile_1792_1536.npy,20230316,2023,lidar,0.9765,train
20230316_lidar_tile_1792_1664.npy,20230316,2023,lidar,0.9611,train
20230316_lidar_tile_1792_1792.npy,20230316,2023,lidar,0.9557,train
20230316_lidar_tile_1792_1920.npy,20230316,2023,lidar,0.9485,train
20230316_lidar_tile_1792_2048.npy,20230316,2023,lidar,0.9246,train
20230316_lidar_tile_1792_2176.npy,20230316,2023,lidar,0.9417,train
20230316_lidar_tile_1792_2304.npy,20230316,2023,lidar,0.9697,train
20230316_lidar_tile_1792_2432.npy,20230316,2023,lidar,0.968,train
20230316_lidar_tile_1792_2560.npy,20230316,2023,lidar,0.9661,train
20230316_lidar_tile_1792_2688.npy,20230316,2023,lidar,0.9706,train
20230316_lidar_tile_1792_2816.npy,20230316,2023,lidar,0.9364,train
20230316_lidar_tile_1920_768.npy,20230316,2023,lidar,0.4365,train
20230316_lidar_tile_1920_896.npy,20230316,2023,lidar,0.9331,train
20230316_lidar_tile_1920_1024.npy,20230316,2023,lidar,0.9969,train
20230316_lidar_tile_1920_1152.npy,20230316,2023,lidar,0.989,train
20230316_lidar_tile_1920_1280.npy,20230316,2023,lidar,0.9757,train
20230316_lidar_tile_1920_1408.npy,20230316,2023,lidar,0.9695,train
20230316_lidar_tile_1920_1536.npy,20230316,2023,lidar,0.9471,train
20230316_lidar_tile_1920_1664.npy,20230316,2023,lidar,0.9111,train
20230316_lidar_tile_1920_1792.npy,20230316,2023,lidar,0.9338,train
20230316_lidar_tile_1920_1920.npy,20230316,2023,lidar,0.9648,train
20230316_lidar_tile_1920_2048.npy,20230316,2023,lidar,0.9596,train
20230316_lidar_tile_1920_2176.npy,20230316,2023,lidar,0.9666,train
20230316_lidar_tile_1920_2304.npy,20230316,2023,lidar,0.9828,train
20230316_lidar_tile_1920_2432.npy,20230316,2023,lidar,0.9906,train
20230316_lidar_tile_1920_2560.npy,20230316,2023,lidar,0.9874,train
20230316_lidar_tile_1920_2688.npy,20230316,2023,lidar,0.9673,train
20230316_lidar_tile_2048_768.npy,20230316,2023,lidar,0.4923,train
20230316_lidar_tile_2048_896.npy,20230316,2023,lidar,0.954,train
20230316_lidar_tile_2048_1024.npy,20230316,2023,lidar,0.9944,train
20230316_lidar_tile_2048_1152.npy,20230316,2023,lidar,0.9875,train
20230316_lidar_tile_2048_1280.npy,20230316,2023,lidar,0.9671,train
20230316_lidar_tile_2048_1408.npy,20230316,2023,lidar,0.9388,train
20230316_lidar_tile_2048_1536.npy,20230316,2023,lidar,0.9148,train
20230316_lidar_tile_2048_1664.npy,20230316,2023,lidar,0.9017,train
20230316_lidar_tile_2048_1792.npy,20230316,2023,lidar,0.9339,train
20230316_lidar_tile_2048_1920.npy,20230316,2023,lidar,0.9713,train
20230316_lidar_tile_2048_2048.npy,20230316,2023,lidar,0.9776,train
20230316_lidar_tile_2048_2176.npy,20230316,2023,lidar,0.985,train
20230316_lidar_tile_2048_2304.npy,20230316,2023,lidar,0.9932,train
20230316_lidar_tile_2048_2432.npy,20230316,2023,lidar,0.9954,train
20230316_lidar_tile_2048_2560.npy,20230316,2023,lidar,0.9753,train
20230316_lidar_tile_2176_768.npy,20230316,2023,lidar,0.626,train
20230316_lidar_tile_2176_896.npy,20230316,2023,lidar,0.9946,train
20230316_lidar_tile_2176_1024.npy,20230316,2023,lidar,0.9902,train
20230316_lidar_tile_2176_1152.npy,20230316,2023,lidar,0.9857,train
20230316_lidar_tile_2176_1280.npy,20230316,2023,lidar,0.9732,train
20230316_lidar_tile_2176_1408.npy,20230316,2023,lidar,0.9393,train
20230316_lidar_tile_2176_1536.npy,20230316,2023,lidar,0.927,train
20230316_lidar_tile_2176_1664.npy,20230316,2023,lidar,0.9452,train
20230316_lidar_tile_2176_1792.npy,20230316,2023,lidar,0.9652,train
20230316_lidar_tile_2176_1920.npy,20230316,2023,lidar,0.9812,train
20230316_lidar_tile_2176_2048.npy,20230316,2023,lidar,0.9899,train
20230316_lidar_tile_2176_2176.npy,20230316,2023,lidar,0.9952,train
20230316_lidar_tile_2176_2304.npy,20230316,2023,lidar,0.9953,train
20230316_lidar_tile_2176_2432.npy,20230316,2023,lidar,0.9958,train
20230316_lidar_tile_2176_2560.npy,20230316,2023,lidar,0.925,train
20230316_lidar_tile_2304_768.npy,20230316,2023,lidar,0.6606,train
20230316_lidar_tile_2304_896.npy,20230316,2023,lidar,0.9892,train
20230316_lidar_tile_2304_1024.npy,20230316,2023,lidar,0.9885,train
20230316_lidar_tile_2304_1152.npy,20230316,2023,lidar,0.9853,train
20230316_lidar_tile_2304_1280.npy,20230316,2023,lidar,0.9826,train
20230316_lidar_tile_2304_1408.npy,20230316,2023,lidar,0.9729,train
20230316_lidar_tile_2304_1536.npy,20230316,2023,lidar,0.9646,train
20230316_lidar_tile_2304_1664.npy,20230316,2023,lidar,0.9779,train
20230316_lidar_tile_2304_1792.npy,20230316,2023,lidar,0.9903,train
20230316_lidar_tile_2304_1920.npy,20230316,2023,lidar,0.9918,train
20230316_lidar_tile_2304_2048.npy,20230316,2023,lidar,0.994,train
20230316_lidar_tile_2304_2176.npy,20230316,2023,lidar,0.9909,train
20230316_lidar_tile_2304_2304.npy,20230316,2023,lidar,0.9876,train
20230316_lidar_tile_2304_2432.npy,20230316,2023,lidar,0.9263,train
20230316_lidar_tile_2432_768.npy,20230316,2023,lidar,0.6973,train
20230316_lidar_tile_2432_896.npy,20230316,2023,lidar,0.9916,train
20230316_lidar_tile_2432_1024.npy,20230316,2023,lidar,0.9922,train
20230316_lidar_tile_2432_1152.npy,20230316,2023,lidar,0.99,train
20230316_lidar_tile_2432_1280.npy,20230316,2023,lidar,0.9848,train
20230316_lidar_tile_2432_1408.npy,20230316,2023,lidar,0.9873,train
20230316_lidar_tile_2432_1536.npy,20230316,2023,lidar,0.9949,train
20230316_lidar_tile_2432_1664.npy,20230316,2023,lidar,0.9973,train
20230316_lidar_tile_2432_1792.npy,20230316,2023,lidar,0.998,train
20230316_lidar_tile_2432_1920.npy,20230316,2023,lidar,0.9947,train
20230316_lidar_tile_2432_2048.npy,20230316,2023,lidar,0.8783,train
20230316_lidar_tile_2432_2176.npy,20230316,2023,lidar,0.6753,train
20230316_lidar_tile_2432_2304.npy,20230316,2023,lidar,0.585,train
20230316_lidar_tile_2560_768.npy,20230316,2023,lidar,0.6343,train
20230316_lidar_tile_2560_896.npy,20230316,2023,lidar,0.985,train
20230316_lidar_tile_2560_1024.npy,20230316,2023,lidar,0.9939,train
20230316_lidar_tile_2560_1152.npy,20230316,2023,lidar,0.994,train
20230316_lidar_tile_2560_1280.npy,20230316,2023,lidar,0.9905,train
20230316_lidar_tile_2560_1408.npy,20230316,2023,lidar,0.9924,train
20230316_lidar_tile_2560_1536.npy,20230316,2023,lidar,0.9912,train
20230316_lidar_tile_2560_1664.npy,20230316,2023,lidar,0.9896,train
20230316_lidar_tile_2560_1792.npy,20230316,2023,lidar,0.9945,train
20230316_lidar_tile_2560_1920.npy,20230316,2023,lidar,0.9271,train
20230316_lidar_tile_2560_2048.npy,20230316,2023,lidar,0.5648,train
20230316_lidar_tile_2688_768.npy,20230316,2023,lidar,0.4606,train
20230316_lidar_tile_2688_896.npy,20230316,2023,lidar,0.9366,train
20230316_lidar_tile_2688_1024.npy,20230316,2023,lidar,0.9866,train
20230316_lidar_tile_2688_1152.npy,20230316,2023,lidar,0.989,train
20230316_lidar_tile_2688_1280.npy,20230316,2023,lidar,0.9933,train
20230316_lidar_tile_2688_1408.npy,20230316,2023,lidar,0.9951,train
20230316_lidar_tile_2688_1536.npy,20230316,2023,lidar,0.9901,train
20230316_lidar_tile_2688_1664.npy,20230316,2023,lidar,0.9885,train
20230316_lidar_tile_2688_1792.npy,20230316,2023,lidar,0.992,train
20230316_lidar_tile_2688_1920.npy,20230316,2023,lidar,0.7736,train
20230316_lidar_tile_2816_896.npy,20230316,2023,lidar,0.6817,train
20230316_lidar_tile_2816_1024.npy,20230316,2023,lidar,0.8977,train
20230316_lidar_tile_2816_1152.npy,20230316,2023,lidar,0.9594,train
20230316_lidar_tile_2816_1280.npy,20230316,2023,lidar,0.9843,train
20230316_lidar_tile_2816_1408.npy,20230316,2023,lidar,0.9895,train
20230316_lidar_tile_2816_1536.npy,20230316,2023,lidar,0.9825,train
20230316_lidar_tile_2816_1664.npy,20230316,2023,lidar,0.9096,train
20230316_lidar_tile_2816_1792.npy,20230316,2023,lidar,0.7598,train
20230328_lidar_tile_128_128.npy,20230328,2023,lidar,0.6732,train
20230328_lidar_tile_128_256.npy,20230328,2023,lidar,0.7592,train
20230328_lidar_tile_128_384.npy,20230328,2023,lidar,0.7861,train
20230328_lidar_tile_128_512.npy,20230328,2023,lidar,0.8598,train
20230328_lidar_tile_128_640.npy,20230328,2023,lidar,0.9572,train
20230328_lidar_tile_128_768.npy,20230328,2023,lidar,0.9312,train
20230328_lidar_tile_256_128.npy,20230328,2023,lidar,0.8278,train
20230328_lidar_tile_256_256.npy,20230328,2023,lidar,0.8653,train
20230328_lidar_tile_256_384.npy,20230328,2023,lidar,0.9304,train
20230328_lidar_tile_256_512.npy,20230328,2023,lidar,0.9699,train
20230328_lidar_tile_256_640.npy,20230328,2023,lidar,0.9925,train
20230328_lidar_tile_256_768.npy,20230328,2023,lidar,0.9909,train
20230328_lidar_tile_256_896.npy,20230328,2023,lidar,0.9923,train
20230328_lidar_tile_256_1024.npy,20230328,2023,lidar,0.9689,train
20230328_lidar_tile_384_0.npy,20230328,2023,lidar,0.6148,train
20230328_lidar_tile_384_128.npy,20230328,2023,lidar,0.9077,train
20230328_lidar_tile_384_256.npy,20230328,2023,lidar,0.9391,train
20230328_lidar_tile_384_384.npy,20230328,2023,lidar,0.987,train
20230328_lidar_tile_384_512.npy,20230328,2023,lidar,0.9917,train
20230328_lidar_tile_384_640.npy,20230328,2023,lidar,0.9984,train
20230328_lidar_tile_384_768.npy,20230328,2023,lidar,0.9981,train
20230328_lidar_tile_384_896.npy,20230328,2023,lidar,0.9981,train
20230328_lidar_tile_384_1024.npy,20230328,2023,lidar,0.9973,train
20230328_lidar_tile_384_2048.npy,20230328,2023,lidar,0.9239,train
20230328_lidar_tile_384_2176.npy,20230328,2023,lidar,0.9913,train
20230328_lidar_tile_512_0.npy,20230328,2023,lidar,0.6763,train
20230328_lidar_tile_512_128.npy,20230328,2023,lidar,0.9545,train
20230328_lidar_tile_512_256.npy,20230328,2023,lidar,0.9807,train
20230328_lidar_tile_512_384.npy,20230328,2023,lidar,0.9941,train
20230328_lidar_tile_512_512.npy,20230328,2023,lidar,0.9951,train
20230328_lidar_tile_512_640.npy,20230328,2023,lidar,0.999,train
20230328_lidar_tile_512_768.npy,20230328,2023,lidar,0.9995,train
20230328_lidar_tile_512_896.npy,20230328,2023,lidar,0.9996,train
20230328_lidar_tile_512_1024.npy,20230328,2023,lidar,0.9986,train
20230328_lidar_tile_512_1152.npy,20230328,2023,lidar,0.9816,train
20230328_lidar_tile_512_1280.npy,20230328,2023,lidar,0.9767,train
20230328_lidar_tile_512_1408.npy,20230328,2023,lidar,0.9921,train
20230328_lidar_tile_512_1536.npy,20230328,2023,lidar,0.9764,train
20230328_lidar_tile_512_1664.npy,20230328,2023,lidar,0.9507,train
20230328_lidar_tile_512_1792.npy,20230328,2023,lidar,0.9711,train
20230328_lidar_tile_512_1920.npy,20230328,2023,lidar,0.9947,train
20230328_lidar_tile_512_2048.npy,20230328,2023,lidar,0.9924,train
20230328_lidar_tile_512_2176.npy,20230328,2023,lidar,0.9908,train
20230328_lidar_tile_512_2304.npy,20230328,2023,lidar,0.9853,train
20230328_lidar_tile_512_2432.npy,20230328,2023,lidar,0.9801,train
20230328_lidar_tile_512_2560.npy,20230328,2023,lidar,0.9666,train
20230328_lidar_tile_512_2688.npy,20230328,2023,lidar,0.9212,train
20230328_lidar_tile_640_0.npy,20230328,2023,lidar,0.7478,train
20230328_lidar_tile_640_128.npy,20230328,2023,lidar,0.9609,train
20230328_lidar_tile_640_256.npy,20230328,2023,lidar,0.9881,train
20230328_lidar_tile_640_384.npy,20230328,2023,lidar,0.9927,train
20230328_lidar_tile_640_512.npy,20230328,2023,lidar,0.9933,train
20230328_lidar_tile_640_640.npy,20230328,2023,lidar,0.9981,train
20230328_lidar_tile_640_768.npy,20230328,2023,lidar,0.9986,train
20230328_lidar_tile_640_896.npy,20230328,2023,lidar,0.9986,train
20230328_lidar_tile_640_1024.npy,20230328,2023,lidar,0.9926,train
20230328_lidar_tile_640_1152.npy,20230328,2023,lidar,0.9878,train
20230328_lidar_tile_640_1280.npy,20230328,2023,lidar,0.975,train
20230328_lidar_tile_640_1408.npy,20230328,2023,lidar,0.9701,train
20230328_lidar_tile_640_1536.npy,20230328,2023,lidar,0.9878,train
20230328_lidar_tile_640_1664.npy,20230328,2023,lidar,0.997,train
20230328_lidar_tile_640_1792.npy,20230328,2023,lidar,0.9958,train
20230328_lidar_tile_640_1920.npy,20230328,2023,lidar,0.9841,train
20230328_lidar_tile_640_2048.npy,20230328,2023,lidar,0.9836,train
20230328_lidar_tile_640_2176.npy,20230328,2023,lidar,0.9942,train
20230328_lidar_tile_640_2304.npy,20230328,2023,lidar,0.9958,train
20230328_lidar_tile_640_2432.npy,20230328,2023,lidar,0.9909,train
20230328_lidar_tile_640_2560.npy,20230328,2023,lidar,0.9666,train
20230328_lidar_tile_640_2688.npy,20230328,2023,lidar,0.939,train
20230328_lidar_tile_640_2816.npy,20230328,2023,lidar,0.9447,train
20230328_lidar_tile_768_0.npy,20230328,2023,lidar,0.7894,train
20230328_lidar_tile_768_128.npy,20230328,2023,lidar,0.9604,train
20230328_lidar_tile_768_256.npy,20230328,2023,lidar,0.9905,train
20230328_lidar_tile_768_384.npy,20230328,2023,lidar,0.9974,train
20230328_lidar_tile_768_512.npy,20230328,2023,lidar,0.9979,train
20230328_lidar_tile_768_640.npy,20230328,2023,lidar,0.9989,train
20230328_lidar_tile_768_768.npy,20230328,2023,lidar,0.9989,train
20230328_lidar_tile_768_896.npy,20230328,2023,lidar,0.9966,train
20230328_lidar_tile_768_1024.npy,20230328,2023,lidar,0.9915,train
20230328_lidar_tile_768_1152.npy,20230328,2023,lidar,0.992,train
20230328_lidar_tile_768_1280.npy,20230328,2023,lidar,0.9714,train
20230328_lidar_tile_768_1408.npy,20230328,2023,lidar,0.9624,train
20230328_lidar_tile_768_1536.npy,20230328,2023,lidar,0.9869,train
20230328_lidar_tile_768_1664.npy,20230328,2023,lidar,0.9957,train
20230328_lidar_tile_768_1792.npy,20230328,2023,lidar,0.9662,train
20230328_lidar_tile_768_1920.npy,20230328,2023,lidar,0.9393,train
20230328_lidar_tile_768_2048.npy,20230328,2023,lidar,0.9699,train
20230328_lidar_tile_768_2176.npy,20230328,2023,lidar,0.9986,train
20230328_lidar_tile_768_2304.npy,20230328,2023,lidar,0.9914,train
20230328_lidar_tile_768_2432.npy,20230328,2023,lidar,0.9874,train
20230328_lidar_tile_768_2560.npy,20230328,2023,lidar,0.9608,train
20230328_lidar_tile_768_2688.npy,20230328,2023,lidar,0.9541,train
20230328_lidar_tile_768_2816.npy,20230328,2023,lidar,0.953,train
20230328_lidar_tile_768_2944.npy,20230328,2023,lidar,0.942,train
20230328_lidar_tile_896_0.npy,20230328,2023,lidar,0.7121,train
20230328_lidar_tile_896_128.npy,20230328,2023,lidar,0.9535,train
20230328_lidar_tile_896_256.npy,20230328,2023,lidar,0.9944,train
20230328_lidar_tile_896_384.npy,20230328,2023,lidar,0.9994,train
20230328_lidar_tile_896_512.npy,20230328,2023,lidar,0.9992,train
20230328_lidar_tile_896_640.npy,20230328,2023,lidar,0.9982,train
20230328_lidar_tile_896_768.npy,20230328,2023,lidar,0.9982,train
20230328_lidar_tile_896_896.npy,20230328,2023,lidar,0.9964,train
20230328_lidar_tile_896_1024.npy,20230328,2023,lidar,0.9967,train
20230328_lidar_tile_896_1152.npy,20230328,2023,lidar,0.9886,train
20230328_lidar_tile_896_1280.npy,20230328,2023,lidar,0.9779,train
20230328_lidar_tile_896_1408.npy,20230328,2023,lidar,0.9792,train
20230328_lidar_tile_896_1536.npy,20230328,2023,lidar,0.9847,train
20230328_lidar_tile_896_1664.npy,20230328,2023,lidar,0.9906,train
20230328_lidar_tile_896_1792.npy,20230328,2023,lidar,0.9224,train
20230328_lidar_tile_896_2048.npy,20230328,2023,lidar,0.9715,train
20230328_lidar_tile_896_2176.npy,20230328,2023,lidar,0.9975,train
20230328_lidar_tile_896_2304.npy,20230328,2023,lidar,0.9912,train
20230328_lidar_tile_896_2432.npy,20230328,2023,lidar,0.9723,train
20230328_lidar_tile_896_2560.npy,20230328,2023,lidar,0.964,train
20230328_lidar_tile_896_2688.npy,20230328,2023,lidar,0.9675,train
20230328_lidar_tile_896_2816.npy,20230328,2023,lidar,0.9486,train
20230328_lidar_tile_896_2944.npy,20230328,2023,lidar,0.9392,train
20230328_lidar_tile_896_3072.npy,20230328,2023,lidar,0.9534,train
20230328_lidar_tile_1024_0.npy,20230328,2023,lidar,0.4067,train
20230328_lidar_tile_1024_128.npy,20230328,2023,lidar,0.7637,train
20230328_lidar_tile_1024_256.npy,20230328,2023,lidar,0.9522,train
20230328_lidar_tile_1024_384.npy,20230328,2023,lidar,0.9996,train
20230328_lidar_tile_1024_512.npy,20230328,2023,lidar,0.9991,train
20230328_lidar_tile_1024_640.npy,20230328,2023,lidar,0.9976,train
20230328_lidar_tile_1024_768.npy,20230328,2023,lidar,0.9971,train
20230328_lidar_tile_1024_896.npy,20230328,2023,lidar,0.9972,train
20230328_lidar_tile_1024_1024.npy,20230328,2023,lidar,0.9962,train
20230328_lidar_tile_1024_1152.npy,20230328,2023,lidar,0.9862,train
20230328_lidar_tile_1024_1280.npy,20230328,2023,lidar,0.9842,train
20230328_lidar_tile_1024_1408.npy,20230328,2023,lidar,0.9874,train
20230328_lidar_tile_1024_1536.npy,20230328,2023,lidar,0.9844,train
20230328_lidar_tile_1024_1664.npy,20230328,2023,lidar,0.9866,train
20230328_lidar_tile_1024_1792.npy,20230328,2023,lidar,0.948,train
20230328_lidar_tile_1024_1920.npy,20230328,2023,lidar,0.944,train
20230328_lidar_tile_1024_2048.npy,20230328,2023,lidar,0.9866,train
20230328_lidar_tile_1024_2176.npy,20230328,2023,lidar,0.9947,train
20230328_lidar_tile_1024_2304.npy,20230328,2023,lidar,0.9916,train
20230328_lidar_tile_1024_2432.npy,20230328,2023,lidar,0.9541,train
20230328_lidar_tile_1024_2560.npy,20230328,2023,lidar,0.9608,train
20230328_lidar_tile_1024_2688.npy,20230328,2023,lidar,0.9789,train
20230328_lidar_tile_1024_2816.npy,20230328,2023,lidar,0.9333,train
20230328_lidar_tile_1024_2944.npy,20230328,2023,lidar,0.9017,train
20230328_lidar_tile_1024_3072.npy,20230328,2023,lidar,0.9082,train
20230328_lidar_tile_1152_128.npy,20230328,2023,lidar,0.4034,train
20230328_lidar_tile_1152_256.npy,20230328,2023,lidar,0.8147,train
20230328_lidar_tile_1152_384.npy,20230328,2023,lidar,0.9983,train
20230328_lidar_tile_1152_512.npy,20230328,2023,lidar,0.9996,train
20230328_lidar_tile_1152_640.npy,20230328,2023,lidar,0.9992,train
20230328_lidar_tile_1152_768.npy,20230328,2023,lidar,0.9973,train
20230328_lidar_tile_1152_896.npy,20230328,2023,lidar,0.9969,train
20230328_lidar_tile_1152_1024.npy,20230328,2023,lidar,0.9927,train
20230328_lidar_tile_1152_1152.npy,20230328,2023,lidar,0.9877,train
20230328_lidar_tile_1152_1280.npy,20230328,2023,lidar,0.9888,train
20230328_lidar_tile_1152_1408.npy,20230328,2023,lidar,0.9879,train
20230328_lidar_tile_1152_1536.npy,20230328,2023,lidar,0.9889,train
20230328_lidar_tile_1152_1664.npy,20230328,2023,lidar,0.9911,train
20230328_lidar_tile_1152_1792.npy,20230328,2023,lidar,0.9837,train
20230328_lidar_tile_1152_1920.npy,20230328,2023,lidar,0.9839,train
20230328_lidar_tile_1152_2048.npy,20230328,2023,lidar,0.9884,train
20230328_lidar_tile_1152_2176.npy,20230328,2023,lidar,0.9883,train
20230328_lidar_tile_1152_2304.npy,20230328,2023,lidar,0.9853,train
20230328_lidar_tile_1152_2432.npy,20230328,2023,lidar,0.9673,train
20230328_lidar_tile_1152_2560.npy,20230328,2023,lidar,0.9774,train
20230328_lidar_tile_1152_2688.npy,20230328,2023,lidar,0.9721,train
20230328_lidar_tile_1152_2816.npy,20230328,2023,lidar,0.9115,train
20230328_lidar_tile_1152_2944.npy,20230328,2023,lidar,0.8888,train
20230328_lidar_tile_1280_256.npy,20230328,2023,lidar,0.4939,train
20230328_lidar_tile_1280_384.npy,20230328,2023,lidar,0.8812,train
20230328_lidar_tile_1280_512.npy,20230328,2023,lidar,0.9967,train
20230328_lidar_tile_1280_640.npy,20230328,2023,lidar,0.9982,train
20230328_lidar_tile_1280_768.npy,20230328,2023,lidar,0.9951,train
20230328_lidar_tile_1280_896.npy,20230328,2023,lidar,0.9944,train
20230328_lidar_tile_1280_1024.npy,20230328,2023,lidar,0.9951,train
20230328_lidar_tile_1280_1152.npy,20230328,2023,lidar,0.9873,train
20230328_lidar_tile_1280_1280.npy,20230328,2023,lidar,0.9827,train
20230328_lidar_tile_1280_1408.npy,20230328,2023,lidar,0.979,train
20230328_lidar_tile_1280_1536.npy,20230328,2023,lidar,0.9863,train
20230328_lidar_tile_1280_1664.npy,20230328,2023,lidar,0.9953,train
20230328_lidar_tile_1280_1792.npy,20230328,2023,lidar,0.9839,train
20230328_lidar_tile_1280_1920.npy,20230328,2023,lidar,0.9801,train
20230328_lidar_tile_1280_2048.npy,20230328,2023,lidar,0.9872,train
20230328_lidar_tile_1280_2176.npy,20230328,2023,lidar,0.9878,train
20230328_lidar_tile_1280_2304.npy,20230328,2023,lidar,0.9778,train
20230328_lidar_tile_1280_2432.npy,20230328,2023,lidar,0.9657,train
20230328_lidar_tile_1280_2560.npy,20230328,2023,lidar,0.9734,train
20230328_lidar_tile_1280_2688.npy,20230328,2023,lidar,0.9374,train
20230328_lidar_tile_1280_2816.npy,20230328,2023,lidar,0.9123,train
20230328_lidar_tile_1280_2944.npy,20230328,2023,lidar,0.9451,train
20230328_lidar_tile_1408_640.npy,20230328,2023,lidar,0.9163,train
20230328_lidar_tile_1408_768.npy,20230328,2023,lidar,0.9498,train
20230328_lidar_tile_1408_896.npy,20230328,2023,lidar,0.9771,train
20230328_lidar_tile_1408_1024.npy,20230328,2023,lidar,0.9985,train
20230328_lidar_tile_1408_1152.npy,20230328,2023,lidar,0.9944,train
20230328_lidar_tile_1408_1280.npy,20230328,2023,lidar,0.9897,train
20230328_lidar_tile_1408_1408.npy,20230328,2023,lidar,0.9874,train
20230328_lidar_tile_1408_1536.npy,20230328,2023,lidar,0.9875,train
20230328_lidar_tile_1408_1664.npy,20230328,2023,lidar,0.9795,train
20230328_lidar_tile_1408_1792.npy,20230328,2023,lidar,0.9801,train
20230328_lidar_tile_1408_1920.npy,20230328,2023,lidar,0.9918,train
20230328_lidar_tile_1408_2048.npy,20230328,2023,lidar,0.9909,train
20230328_lidar_tile_1408_2176.npy,20230328,2023,lidar,0.9888,train
20230328_lidar_tile_1408_2304.npy,20230328,2023,lidar,0.9791,train
20230328_lidar_tile_1408_2432.npy,20230328,2023,lidar,0.9555,train
20230328_lidar_tile_1408_2560.npy,20230328,2023,lidar,0.9107,train
20230328_lidar_tile_1408_2688.npy,20230328,2023,lidar,0.8996,train
20230328_lidar_tile_1408_2816.npy,20230328,2023,lidar,0.9158,train
20230328_lidar_tile_1408_2944.npy,20230328,2023,lidar,0.9508,train
20230328_lidar_tile_1536_640.npy,20230328,2023,lidar,0.4735,train
20230328_lidar_tile_1536_768.npy,20230328,2023,lidar,0.6438,train
20230328_lidar_tile_1536_896.npy,20230328,2023,lidar,0.8586,train
20230328_lidar_tile_1536_1024.npy,20230328,2023,lidar,0.9903,train
20230328_lidar_tile_1536_1152.npy,20230328,2023,lidar,0.9937,train
20230328_lidar_tile_1536_1280.npy,20230328,2023,lidar,0.9934,train
20230328_lidar_tile_1536_1408.npy,20230328,2023,lidar,0.9959,train
20230328_lidar_tile_1536_1536.npy,20230328,2023,lidar,0.9906,train
20230328_lidar_tile_1536_1664.npy,20230328,2023,lidar,0.9783,train
20230328_lidar_tile_1536_1792.npy,20230328,2023,lidar,0.9831,train
20230328_lidar_tile_1536_1920.npy,20230328,2023,lidar,0.9926,train
20230328_lidar_tile_1536_2048.npy,20230328,2023,lidar,0.986,train
20230328_lidar_tile_1536_2176.npy,20230328,2023,lidar,0.9793,train
20230328_lidar_tile_1536_2304.npy,20230328,2023,lidar,0.9789,train
20230328_lidar_tile_1536_2432.npy,20230328,2023,lidar,0.9677,train
20230328_lidar_tile_1536_2560.npy,20230328,2023,lidar,0.9153,train
20230328_lidar_tile_1536_2688.npy,20230328,2023,lidar,0.9108,train
20230328_lidar_tile_1536_2816.npy,20230328,2023,lidar,0.8959,train
20230328_lidar_tile_1536_2944.npy,20230328,2023,lidar,0.9047,train
20230328_lidar_tile_1664_768.npy,20230328,2023,lidar,0.4413,train
20230328_lidar_tile_1664_896.npy,20230328,2023,lidar,0.8279,train
20230328_lidar_tile_1664_1024.npy,20230328,2023,lidar,0.9903,train
20230328_lidar_tile_1664_1152.npy,20230328,2023,lidar,0.9878,train
20230328_lidar_tile_1664_1280.npy,20230328,2023,lidar,0.9867,train
20230328_lidar_tile_1664_1408.npy,20230328,2023,lidar,0.9931,train
20230328_lidar_tile_1664_1536.npy,20230328,2023,lidar,0.9907,train
20230328_lidar_tile_1664_1664.npy,20230328,2023,lidar,0.9898,train
20230328_lidar_tile_1664_1792.npy,20230328,2023,lidar,0.9919,train
20230328_lidar_tile_1664_1920.npy,20230328,2023,lidar,0.9788,train
20230328_lidar_tile_1664_2048.npy,20230328,2023,lidar,0.9732,train
20230328_lidar_tile_1664_2176.npy,20230328,2023,lidar,0.9822,train
20230328_lidar_tile_1664_2304.npy,20230328,2023,lidar,0.9816,train
20230328_lidar_tile_1664_2432.npy,20230328,2023,lidar,0.9751,train
20230328_lidar_tile_1664_2560.npy,20230328,2023,lidar,0.9675,train
20230328_lidar_tile_1664_2688.npy,20230328,2023,lidar,0.9637,train
20230328_lidar_tile_1664_2816.npy,20230328,2023,lidar,0.9169,train
20230328_lidar_tile_1792_768.npy,20230328,2023,lidar,0.5873,train
20230328_lidar_tile_1792_896.npy,20230328,2023,lidar,0.9448,train
20230328_lidar_tile_1792_1024.npy,20230328,2023,lidar,0.9954,train
20230328_lidar_tile_1792_1152.npy,20230328,2023,lidar,0.9906,train
20230328_lidar_tile_1792_1280.npy,20230328,2023,lidar,0.9897,train
20230328_lidar_tile_1792_1408.npy,20230328,2023,lidar,0.9897,train
20230328_lidar_tile_1792_1536.npy,20230328,2023,lidar,0.9872,train
20230328_lidar_tile_1792_1664.npy,20230328,2023,lidar,0.9886,train
20230328_lidar_tile_1792_1792.npy,20230328,2023,lidar,0.98,train
20230328_lidar_tile_1792_1920.npy,20230328,2023,lidar,0.9619,train
20230328_lidar_tile_1792_2048.npy,20230328,2023,lidar,0.9721,train
20230328_lidar_tile_1792_2176.npy,20230328,2023,lidar,0.9942,train
20230328_lidar_tile_1792_2304.npy,20230328,2023,lidar,0.9958,train
20230328_lidar_tile_1792_2432.npy,20230328,2023,lidar,0.9904,train
20230328_lidar_tile_1792_2560.npy,20230328,2023,lidar,0.9868,train
20230328_lidar_tile_1792_2688.npy,20230328,2023,lidar,0.9929,train
20230328_lidar_tile_1792_2816.npy,20230328,2023,lidar,0.944,train
20230328_lidar_tile_1920_768.npy,20230328,2023,lidar,0.7312,train
20230328_lidar_tile_1920_896.npy,20230328,2023,lidar,0.9892,train
20230328_lidar_tile_1920_1024.npy,20230328,2023,lidar,0.9883,train
20230328_lidar_tile_1920_1152.npy,20230328,2023,lidar,0.9902,train
20230328_lidar_tile_1920_1280.npy,20230328,2023,lidar,0.9939,train
20230328_lidar_tile_1920_1408.npy,20230328,2023,lidar,0.9787,train
20230328_lidar_tile_1920_1536.npy,20230328,2023,lidar,0.9517,train
20230328_lidar_tile_1920_1664.npy,20230328,2023,lidar,0.9513,train
20230328_lidar_tile_1920_1792.npy,20230328,2023,lidar,0.962,train
20230328_lidar_tile_1920_1920.npy,20230328,2023,lidar,0.9659,train
20230328_lidar_tile_1920_2048.npy,20230328,2023,lidar,0.9796,train
20230328_lidar_tile_1920_2176.npy,20230328,2023,lidar,0.9935,train
20230328_lidar_tile_1920_2304.npy,20230328,2023,lidar,0.9982,train
20230328_lidar_tile_1920_2432.npy,20230328,2023,lidar,0.9971,train
20230328_lidar_tile_1920_2560.npy,20230328,2023,lidar,0.9954,train
20230328_lidar_tile_1920_2688.npy,20230328,2023,lidar,0.987,train
20230328_lidar_tile_2048_640.npy,20230328,2023,lidar,0.3083,train
20230328_lidar_tile_2048_768.npy,20230328,2023,lidar,0.8059,train
20230328_lidar_tile_2048_896.npy,20230328,2023,lidar,0.9936,train
20230328_lidar_tile_2048_1024.npy,20230328,2023,lidar,0.9831,train
20230328_lidar_tile_2048_1152.npy,20230328,2023,lidar,0.9821,train
20230328_lidar_tile_2048_1280.npy,20230328,2023,lidar,0.9915,train
20230328_lidar_tile_2048_1408.npy,20230328,2023,lidar,0.9686,train
20230328_lidar_tile_2048_1536.npy,20230328,2023,lidar,0.9431,train
20230328_lidar_tile_2048_1664.npy,20230328,2023,lidar,0.9514,train
20230328_lidar_tile_2048_1792.npy,20230328,2023,lidar,0.9713,train
20230328_lidar_tile_2048_1920.npy,20230328,2023,lidar,0.985,train
20230328_lidar_tile_2048_2048.npy,20230328,2023,lidar,0.9882,train
20230328_lidar_tile_2048_2176.npy,20230328,2023,lidar,0.993,train
20230328_lidar_tile_2048_2304.npy,20230328,2023,lidar,0.9966,train
20230328_lidar_tile_2048_2432.npy,20230328,2023,lidar,0.9965,train
20230328_lidar_tile_2048_2560.npy,20230328,2023,lidar,0.9952,train
20230328_lidar_tile_2176_768.npy,20230328,2023,lidar,0.7869,train
20230328_lidar_tile_2176_896.npy,20230328,2023,lidar,0.9961,train
20230328_lidar_tile_2176_1024.npy,20230328,2023,lidar,0.9883,train
20230328_lidar_tile_2176_1152.npy,20230328,2023,lidar,0.9872,train
20230328_lidar_tile_2176_1280.npy,20230328,2023,lidar,0.9882,train
20230328_lidar_tile_2176_1408.npy,20230328,2023,lidar,0.9756,train
20230328_lidar_tile_2176_1536.npy,20230328,2023,lidar,0.9773,train
20230328_lidar_tile_2176_1664.npy,20230328,2023,lidar,0.9909,train
20230328_lidar_tile_2176_1792.npy,20230328,2023,lidar,0.9952,train
20230328_lidar_tile_2176_1920.npy,20230328,2023,lidar,0.9965,train
20230328_lidar_tile_2176_2048.npy,20230328,2023,lidar,0.9968,train
20230328_lidar_tile_2176_2176.npy,20230328,2023,lidar,0.9946,train
20230328_lidar_tile_2176_2304.npy,20230328,2023,lidar,0.9938,train
20230328_lidar_tile_2176_2432.npy,20230328,2023,lidar,0.9956,train
20230328_lidar_tile_2176_2560.npy,20230328,2023,lidar,0.9657,train
20230328_lidar_tile_2304_768.npy,20230328,2023,lidar,0.8322,train
20230328_lidar_tile_2304_896.npy,20230328,2023,lidar,0.9925,train
20230328_lidar_tile_2304_1024.npy,20230328,2023,lidar,0.992,train
20230328_lidar_tile_2304_1152.npy,20230328,2023,lidar,0.993,train
20230328_lidar_tile_2304_1280.npy,20230328,2023,lidar,0.9913,train
20230328_lidar_tile_2304_1408.npy,20230328,2023,lidar,0.9878,train
20230328_lidar_tile_2304_1536.npy,20230328,2023,lidar,0.9898,train
20230328_lidar_tile_2304_1664.npy,20230328,2023,lidar,0.9946,train
20230328_lidar_tile_2304_1792.npy,20230328,2023,lidar,0.9976,train
20230328_lidar_tile_2304_1920.npy,20230328,2023,lidar,0.9977,train
20230328_lidar_tile_2304_2048.npy,20230328,2023,lidar,0.9981,train
20230328_lidar_tile_2304_2176.npy,20230328,2023,lidar,0.9921,train
20230328_lidar_tile_2304_2304.npy,20230328,2023,lidar,0.9865,train
20230328_lidar_tile_2304_2432.npy,20230328,2023,lidar,0.9339,train
20230328_lidar_tile_2432_640.npy,20230328,2023,lidar,0.4652,train
20230328_lidar_tile_2432_768.npy,20230328,2023,lidar,0.9426,train
20230328_lidar_tile_2432_896.npy,20230328,2023,lidar,0.9931,train
20230328_lidar_tile_2432_1024.npy,20230328,2023,lidar,0.9933,train
20230328_lidar_tile_2432_1152.npy,20230328,2023,lidar,0.993,train
20230328_lidar_tile_2432_1280.npy,20230328,2023,lidar,0.9915,train
20230328_lidar_tile_2432_1408.npy,20230328,2023,lidar,0.9907,train
20230328_lidar_tile_2432_1536.npy,20230328,2023,lidar,0.9953,train
20230328_lidar_tile_2432_1664.npy,20230328,2023,lidar,0.9982,train
20230328_lidar_tile_2432_1792.npy,20230328,2023,lidar,0.998,train
20230328_lidar_tile_2432_1920.npy,20230328,2023,lidar,0.9969,train
20230328_lidar_tile_2432_2048.npy,20230328,2023,lidar,0.9913,train
20230328_lidar_tile_2432_2176.npy,20230328,2023,lidar,0.9451,train
20230328_lidar_tile_2432_2304.npy,20230328,2023,lidar,0.7847,train
20230328_lidar_tile_2560_640.npy,20230328,2023,lidar,0.5195,train
20230328_lidar_tile_2560_768.npy,20230328,2023,lidar,0.9759,train
20230328_lidar_tile_2560_896.npy,20230328,2023,lidar,0.9944,train
20230328_lidar_tile_2560_1024.npy,20230328,2023,lidar,0.9942,train
20230328_lidar_tile_2560_1152.npy,20230328,2023,lidar,0.9946,train
20230328_lidar_tile_2560_1280.npy,20230328,2023,lidar,0.9909,train
20230328_lidar_tile_2560_1408.npy,20230328,2023,lidar,0.9925,train
20230328_lidar_tile_2560_1536.npy,20230328,2023,lidar,0.9984,train
20230328_lidar_tile_2560_1664.npy,20230328,2023,lidar,0.9992,train
20230328_lidar_tile_2560_1792.npy,20230328,2023,lidar,0.9982,train
20230328_lidar_tile_2560_1920.npy,20230328,2023,lidar,0.9863,train
20230328_lidar_tile_2560_2048.npy,20230328,2023,lidar,0.9691,train
20230328_lidar_tile_2560_2176.npy,20230328,2023,lidar,0.7532,train
20230328_lidar_tile_2560_2304.npy,20230328,2023,lidar,0.3596,train
20230328_lidar_tile_2688_640.npy,20230328,2023,lidar,0.535,train
20230328_lidar_tile_2688_768.npy,20230328,2023,lidar,0.9587,train
20230328_lidar_tile_2688_896.npy,20230328,2023,lidar,0.9866,train
20230328_lidar_tile_2688_1024.npy,20230328,2023,lidar,0.9875,train
20230328_lidar_tile_2688_1152.npy,20230328,2023,lidar,0.9893,train
20230328_lidar_tile_2688_1280.npy,20230328,2023,lidar,0.9939,train
20230328_lidar_tile_2688_1408.npy,20230328,2023,lidar,0.9953,train
20230328_lidar_tile_2688_1536.npy,20230328,2023,lidar,0.9974,train
20230328_lidar_tile_2688_1664.npy,20230328,2023,lidar,0.9987,train
20230328_lidar_tile_2688_1792.npy,20230328,2023,lidar,0.993,train
20230328_lidar_tile_2688_1920.npy,20230328,2023,lidar,0.9583,train
20230328_lidar_tile_2688_2048.npy,20230328,2023,lidar,0.83,train
20230328_lidar_tile_2688_2176.npy,20230328,2023,lidar,0.4413,train
20230328_lidar_tile_2816_640.npy,20230328,2023,lidar,0.3067,train
20230328_lidar_tile_2816_768.npy,20230328,2023,lidar,0.6587,train
20230328_lidar_tile_2816_896.npy,20230328,2023,lidar,0.8863,train
20230328_lidar_tile_2816_1024.npy,20230328,2023,lidar,0.9784,train
20230328_lidar_tile_2816_1152.npy,20230328,2023,lidar,0.9814,train
20230328_lidar_tile_2816_1280.npy,20230328,2023,lidar,0.987,train
20230328_lidar_tile_2816_1408.npy,20230328,2023,lidar,0.9922,train
20230328_lidar_tile_2816_1536.npy,20230328,2023,lidar,0.9958,train
20230328_lidar_tile_2816_1664.npy,20230328,2023,lidar,0.9841,train
20230328_lidar_tile_2816_1792.npy,20230328,2023,lidar,0.9071,train
20230328_lidar_tile_2944_896.npy,20230328,2023,lidar,0.6497,train
20230328_lidar_tile_2944_1024.npy,20230328,2023,lidar,0.9325,train
20230328_lidar_tile_2944_1152.npy,20230328,2023,lidar,0.8938,train
20230328_lidar_tile_2944_1280.npy,20230328,2023,lidar,0.8109,train
20230328_lidar_tile_2944_1408.npy,20230328,2023,lidar,0.8459,train
20240213_lidar_tile_256_256.npy,20240213,2024,lidar,0.9436,val
20240213_lidar_tile_256_512.npy,20240213,2024,lidar,0.9812,val
20240213_lidar_tile_256_768.npy,20240213,2024,lidar,0.9898,val
20240213_lidar_tile_256_1024.npy,20240213,2024,lidar,0.9648,val
20240213_lidar_tile_512_0.npy,20240213,2024,lidar,0.6642,val
20240213_lidar_tile_512_256.npy,20240213,2024,lidar,0.9814,val
20240213_lidar_tile_512_512.npy,20240213,2024,lidar,0.9946,val
20240213_lidar_tile_512_768.npy,20240213,2024,lidar,0.9993,val
20240213_lidar_tile_512_1024.npy,20240213,2024,lidar,0.982,val
20240213_lidar_tile_512_1280.npy,20240213,2024,lidar,0.925,val
20240213_lidar_tile_512_1536.npy,20240213,2024,lidar,0.9657,val
20240213_lidar_tile_512_1792.npy,20240213,2024,lidar,0.956,val
20240213_lidar_tile_512_2048.npy,20240213,2024,lidar,0.9766,val
20240213_lidar_tile_512_2304.npy,20240213,2024,lidar,0.9749,val
20240213_lidar_tile_512_2560.npy,20240213,2024,lidar,0.9599,val
20240213_lidar_tile_768_0.npy,20240213,2024,lidar,0.8194,val
20240213_lidar_tile_768_256.npy,20240213,2024,lidar,0.9953,val
20240213_lidar_tile_768_512.npy,20240213,2024,lidar,0.9992,val
20240213_lidar_tile_768_768.npy,20240213,2024,lidar,0.998,val
20240213_lidar_tile_768_1024.npy,20240213,2024,lidar,0.9923,val
20240213_lidar_tile_768_1280.npy,20240213,2024,lidar,0.9826,val
20240213_lidar_tile_768_1536.npy,20240213,2024,lidar,0.9836,val
20240213_lidar_tile_768_1792.npy,20240213,2024,lidar,0.9471,val
20240213_lidar_tile_768_2048.npy,20240213,2024,lidar,0.9612,val
20240213_lidar_tile_768_2304.npy,20240213,2024,lidar,0.9744,val
20240213_lidar_tile_768_2560.npy,20240213,2024,lidar,0.9576,val
20240213_lidar_tile_768_2816.npy,20240213,2024,lidar,0.9769,val
20240213_lidar_tile_1024_0.npy,20240213,2024,lidar,0.4819,val
20240213_lidar_tile_1024_256.npy,20240213,2024,lidar,0.9777,val
20240213_lidar_tile_1024_512.npy,20240213,2024,lidar,0.9993,val
20240213_lidar_tile_1024_768.npy,20240213,2024,lidar,0.9994,val
20240213_lidar_tile_1024_1024.npy,20240213,2024,lidar,0.9973,val
20240213_lidar_tile_1024_1280.npy,20240213,2024,lidar,0.9976,val
20240213_lidar_tile_1024_1536.npy,20240213,2024,lidar,0.9818,val
20240213_lidar_tile_1024_1792.npy,20240213,2024,lidar,0.9358,val
20240213_lidar_tile_1024_2048.npy,20240213,2024,lidar,0.962,val
20240213_lidar_tile_1024_2304.npy,20240213,2024,lidar,0.9715,val
20240213_lidar_tile_1024_2560.npy,20240213,2024,lidar,0.9617,val
20240213_lidar_tile_1024_2816.npy,20240213,2024,lidar,0.9793,val
20240213_lidar_tile_1024_3072.npy,20240213,2024,lidar,0.9772,val
20240213_lidar_tile_1280_256.npy,20240213,2024,lidar,0.4497,val
20240213_lidar_tile_1280_512.npy,20240213,2024,lidar,0.9978,val
20240213_lidar_tile_1280_768.npy,20240213,2024,lidar,0.9964,val
20240213_lidar_tile_1280_1024.npy,20240213,2024,lidar,0.9837,val
20240213_lidar_tile_1280_1280.npy,20240213,2024,lidar,0.9893,val
20240213_lidar_tile_1280_1536.npy,20240213,2024,lidar,0.9583,val
20240213_lidar_tile_1280_1792.npy,20240213,2024,lidar,0.9697,val
20240213_lidar_tile_1280_2048.npy,20240213,2024,lidar,0.9917,val
20240213_lidar_tile_1280_2304.npy,20240213,2024,lidar,0.9844,val
20240213_lidar_tile_1280_2560.npy,20240213,2024,lidar,0.9822,val
20240213_lidar_tile_1280_2816.npy,20240213,2024,lidar,0.9546,val
20240213_lidar_tile_1536_768.npy,20240213,2024,lidar,0.4375,val
20240213_lidar_tile_1536_1024.npy,20240213,2024,lidar,0.8479,val
20240213_lidar_tile_1536_1280.npy,20240213,2024,lidar,0.9728,val
20240213_lidar_tile_1536_1536.npy,20240213,2024,lidar,0.9138,val
20240213_lidar_tile_1536_1792.npy,20240213,2024,lidar,0.9886,val
20240213_lidar_tile_1536_2048.npy,20240213,2024,lidar,0.9889,val
20240213_lidar_tile_1536_2304.npy,20240213,2024,lidar,0.9815,val
20240213_lidar_tile_1536_2560.npy,20240213,2024,lidar,0.9684,val
20240213_lidar_tile_1536_2816.npy,20240213,2024,lidar,0.9969,val
20240213_lidar_tile_1792_768.npy,20240213,2024,lidar,0.5158,val
20240213_lidar_tile_1792_1024.npy,20240213,2024,lidar,0.9239,val
20240213_lidar_tile_1792_1280.npy,20240213,2024,lidar,0.9871,val
20240213_lidar_tile_1792_1536.npy,20240213,2024,lidar,0.9816,val
20240213_lidar_tile_1792_1792.npy,20240213,2024,lidar,0.998,val
20240213_lidar_tile_1792_2048.npy,20240213,2024,lidar,0.9791,val
20240213_lidar_tile_1792_2304.npy,20240213,2024,lidar,0.9985,val
20240213_lidar_tile_1792_2560.npy,20240213,2024,lidar,0.9961,val
20240213_lidar_tile_1792_2816.npy,20240213,2024,lidar,0.9608,val
20240213_lidar_tile_2048_768.npy,20240213,2024,lidar,0.7451,val
20240213_lidar_tile_2048_1024.npy,20240213,2024,lidar,0.9967,val
20240213_lidar_tile_2048_1280.npy,20240213,2024,lidar,0.9977,val
20240213_lidar_tile_2048_1536.npy,20240213,2024,lidar,0.9981,val
20240213_lidar_tile_2048_1792.npy,20240213,2024,lidar,0.9953,val
20240213_lidar_tile_2048_2048.npy,20240213,2024,lidar,0.9878,val
20240213_lidar_tile_2048_2304.npy,20240213,2024,lidar,0.9962,val
20240213_lidar_tile_2048_2560.npy,20240213,2024,lidar,0.9954,val
20240213_lidar_tile_2304_768.npy,20240213,2024,lidar,0.7061,val
20240213_lidar_tile_2304_1024.npy,20240213,2024,lidar,0.9893,val
20240213_lidar_tile_2304_1280.npy,20240213,2024,lidar,0.9979,val
20240213_lidar_tile_2304_1536.npy,20240213,2024,lidar,0.9985,val
20240213_lidar_tile_2304_1792.npy,20240213,2024,lidar,0.9985,val
20240213_lidar_tile_2304_2048.npy,20240213,2024,lidar,0.9978,val
20240213_lidar_tile_2304_2304.npy,20240213,2024,lidar,0.9817,val
20240213_lidar_tile_2560_768.npy,20240213,2024,lidar,0.5863,val
20240213_lidar_tile_2560_1024.npy,20240213,2024,lidar,0.9942,val
20240213_lidar_tile_2560_1280.npy,20240213,2024,lidar,0.9907,val
20240213_lidar_tile_2560_1536.npy,20240213,2024,lidar,0.9971,val
20240213_lidar_tile_2560_1792.npy,20240213,2024,lidar,0.9977,val
20240213_lidar_tile_2560_2048.npy,20240213,2024,lidar,0.9613,val
20240213_lidar_tile_2560_2304.npy,20240213,2024,lidar,0.4072,val
20240213_lidar_tile_2816_1024.npy,20240213,2024,lidar,0.9009,val
20240213_lidar_tile_2816_1280.npy,20240213,2024,lidar,0.9843,val
20240213_lidar_tile_2816_1536.npy,20240213,2024,lidar,0.9835,val
20240213_lidar_tile_2816_1792.npy,20240213,2024,lidar,0.8673,val
20240314_lidar_tile_0_768.npy,20240314,2024,lidar,0.3991,val
20240314_lidar_tile_0_1024.npy,20240314,2024,lidar,0.5961,val
20240314_lidar_tile_256_512.npy,20240314,2024,lidar,0.7335,val
20240314_lidar_tile_256_768.npy,20240314,2024,lidar,0.9954,val
20240314_lidar_tile_256_1024.npy,20240314,2024,lidar,0.9999,val
20240314_lidar_tile_256_1280.npy,20240314,2024,lidar,0.998,val
20240314_lidar_tile_256_1536.npy,20240314,2024,lidar,0.9951,val
20240314_lidar_tile_256_1792.npy,20240314,2024,lidar,0.9959,val
20240314_lidar_tile_256_2048.npy,20240314,2024,lidar,0.9934,val
20240314_lidar_tile_256_2304.npy,20240314,2024,lidar,0.9919,val
20240314_lidar_tile_256_2560.npy,20240314,2024,lidar,0.9632,val
20240314_lidar_tile_512_256.npy,20240314,2024,lidar,0.8765,val
20240314_lidar_tile_512_512.npy,20240314,2024,lidar,0.9894,val
20240314_lidar_tile_512_768.npy,20240314,2024,lidar,0.9998,val
20240314_lidar_tile_512_1024.npy,20240314,2024,lidar,0.9998,val
20240314_lidar_tile_512_1280.npy,20240314,2024,lidar,0.9991,val
20240314_lidar_tile_512_1536.npy,20240314,2024,lidar,0.9983,val
20240314_lidar_tile_512_1792.npy,20240314,2024,lidar,0.9995,val
20240314_lidar_tile_512_2304.npy,20240314,2024,lidar,1.0,val
20240314_lidar_tile_512_2560.npy,20240314,2024,lidar,0.9152,val
20240314_lidar_tile_768_256.npy,20240314,2024,lidar,0.905,val
20240314_lidar_tile_768_512.npy,20240314,2024,lidar,0.9993,val
20240314_lidar_tile_768_768.npy,20240314,2024,lidar,0.9991,val
20240314_lidar_tile_768_1024.npy,20240314,2024,lidar,0.9993,val
20240314_lidar_tile_768_1280.npy,20240314,2024,lidar,0.9968,val
20240314_lidar_tile_768_1536.npy,20240314,2024,lidar,0.9997,val
20240314_lidar_tile_768_1792.npy,20240314,2024,lidar,0.9982,val
20240314_lidar_tile_768_2048.npy,20240314,2024,lidar,0.9904,val
20240314_lidar_tile_768_2304.npy,20240314,2024,lidar,1.0,val
20240314_lidar_tile_768_2560.npy,20240314,2024,lidar,0.4205,val
20240314_lidar_tile_1024_768.npy,20240314,2024,lidar,0.9768,val
20240314_lidar_tile_1024_1024.npy,20240314,2024,lidar,0.9246,val
20240314_lidar_tile_1024_1280.npy,20240314,2024,lidar,0.996,val
20240314_lidar_tile_1024_1536.npy,20240314,2024,lidar,0.9988,val
20240314_lidar_tile_1024_1792.npy,20240314,2024,lidar,1.0,val
20240314_lidar_tile_1024_2048.npy,20240314,2024,lidar,0.9962,val
20240314_lidar_tile_1024_2304.npy,20240314,2024,lidar,0.9773,val
20240314_lidar_tile_1280_1280.npy,20240314,2024,lidar,0.7693,val
20240314_lidar_tile_1280_1536.npy,20240314,2024,lidar,0.9992,val
20240314_lidar_tile_1280_1792.npy,20240314,2024,lidar,0.9998,val
20240314_lidar_tile_1280_2048.npy,20240314,2024,lidar,0.9996,val
20240314_lidar_tile_1280_2304.npy,20240314,2024,lidar,0.7802,val
20240314_lidar_tile_1536_1280.npy,20240314,2024,lidar,0.6012,val
20240314_lidar_tile_1536_1536.npy,20240314,2024,lidar,0.9765,val
20240314_lidar_tile_1536_1792.npy,20240314,2024,lidar,0.8766,val
20240314_lidar_tile_1536_2048.npy,20240314,2024,lidar,0.5853,val
20240314_lidar_tile_1792_1280.npy,20240314,2024,lidar,0.3447,val
20240314_lidar_tile_1792_1536.npy,20240314,2024,lidar,0.846,val
20240314_lidar_tile_1792_1792.npy,20240314,2024,lidar,0.9416,val
20240314_lidar_tile_1792_2048.npy,20240314,2024,lidar,0.6112,val
20240314_lidar_tile_2048_1536.npy,20240314,2024,lidar,0.395,val
20240314_lidar_tile_2048_1792.npy,20240314,2024,lidar,0.4701,val
20240405_lidar_tile_256_256.npy,20240405,2024,lidar,0.6108,val
20240405_lidar_tile_256_512.npy,20240405,2024,lidar,0.9655,val
20240405_lidar_tile_256_768.npy,20240405,2024,lidar,0.9956,val
20240405_lidar_tile_256_1024.npy,20240405,2024,lidar,0.9691,val
20240405_lidar_tile_256_1280.npy,20240405,2024,lidar,0.9147,val
20240405_lidar_tile_512_0.npy,20240405,2024,lidar,0.5467,val
20240405_lidar_tile_512_256.npy,20240405,2024,lidar,0.9996,val
20240405_lidar_tile_512_512.npy,20240405,2024,lidar,0.9982,val
20240405_lidar_tile_512_768.npy,20240405,2024,lidar,0.9982,val
20240405_lidar_tile_512_1024.npy,20240405,2024,lidar,0.9602,val
20240405_lidar_tile_512_1280.npy,20240405,2024,lidar,0.8657,val
20240405_lidar_tile_768_0.npy,20240405,2024,lidar,0.7691,val
20240405_lidar_tile_768_256.npy,20240405,2024,lidar,0.9948,val
20240405_lidar_tile_768_512.npy,20240405,2024,lidar,0.9992,val
20240405_lidar_tile_768_768.npy,20240405,2024,lidar,0.9993,val
20240405_lidar_tile_768_1024.npy,20240405,2024,lidar,0.9887,val
20240405_lidar_tile_768_1280.npy,20240405,2024,lidar,0.9669,val
20240405_lidar_tile_768_1536.npy,20240405,2024,lidar,0.4639,val
20240405_lidar_tile_1024_0.npy,20240405,2024,lidar,0.6144,val
20240405_lidar_tile_1024_256.npy,20240405,2024,lidar,0.9726,val
20240405_lidar_tile_1024_512.npy,20240405,2024,lidar,0.9898,val
20240405_lidar_tile_1024_768.npy,20240405,2024,lidar,0.9944,val
20240405_lidar_tile_1024_1024.npy,20240405,2024,lidar,0.9922,val
20240405_lidar_tile_1024_1280.npy,20240405,2024,lidar,0.9123,val
20240405_lidar_tile_1280_256.npy,20240405,2024,lidar,0.4338,val
20240405_lidar_tile_1280_512.npy,20240405,2024,lidar,0.8724,val
20240405_lidar_tile_1280_768.npy,20240405,2024,lidar,0.9526,val
20240405_lidar_tile_1280_1024.npy,20240405,2024,lidar,0.6972,val
20240405_lidar_tile_1536_768.npy,20240405,2024,lidar,0.4636,val
20240508_lidar_tile_0_512.npy,20240508,2024,lidar,0.6365,val
20240508_lidar_tile_0_768.npy,20240508,2024,lidar,0.7022,val
20240508_lidar_tile_0_1024.npy,20240508,2024,lidar,0.6838,val
20240508_lidar_tile_256_256.npy,20240508,2024,lidar,0.6706,val
20240508_lidar_tile_256_512.npy,20240508,2024,lidar,0.8042,val
20240508_lidar_tile_256_768.npy,20240508,2024,lidar,0.8711,val
20240508_lidar_tile_256_1024.npy,20240508,2024,lidar,0.7522,val
20240508_lidar_tile_256_1280.npy,20240508,2024,lidar,0.7804,val
20240508_lidar_tile_512_256.npy,20240508,2024,lidar,0.885,val
20240508_lidar_tile_512_512.npy,20240508,2024,lidar,0.8306,val
20240508_lidar_tile_512_768.npy,20240508,2024,lidar,0.8392,val
20240508_lidar_tile_512_1024.npy,20240508,2024,lidar,0.5954,val
20240508_lidar_tile_512_1280.npy,20240508,2024,lidar,0.6019,val
20240508_lidar_tile_512_1536.npy,20240508,2024,lidar,0.7159,val
20240508_lidar_tile_512_1792.npy,20240508,2024,lidar,0.9005,val
20240508_lidar_tile_512_2048.npy,20240508,2024,lidar,0.6662,val
20240508_lidar_tile_768_256.npy,20240508,2024,lidar,0.8777,val
20240508_lidar_tile_768_512.npy,20240508,2024,lidar,0.941,val
20240508_lidar_tile_768_768.npy,20240508,2024,lidar,0.9621,val
20240508_lidar_tile_768_1024.npy,20240508,2024,lidar,0.7577,val
20240508_lidar_tile_768_1280.npy,20240508,2024,lidar,0.8571,val
20240508_lidar_tile_768_1536.npy,20240508,2024,lidar,0.8273,val
20240508_lidar_tile_768_1792.npy,20240508,2024,lidar,0.4924,val
20240508_lidar_tile_768_2304.npy,20240508,2024,lidar,0.3718,val
20240508_lidar_tile_768_2560.npy,20240508,2024,lidar,0.3354,val
20240508_lidar_tile_1024_256.npy,20240508,2024,lidar,0.7918,val
20240508_lidar_tile_1024_512.npy,20240508,2024,lidar,0.701,val
20240508_lidar_tile_1024_768.npy,20240508,2024,lidar,0.9617,val
20240508_lidar_tile_1024_1024.npy,20240508,2024,lidar,0.7455,val
20240508_lidar_tile_1024_1280.npy,20240508,2024,lidar,0.7899,val
20240508_lidar_tile_1024_1536.npy,20240508,2024,lidar,0.5111,val
20240508_lidar_tile_1024_1792.npy,20240508,2024,lidar,0.3035,val
20240508_lidar_tile_1280_768.npy,20240508,2024,lidar,0.6208,val
20240508_lidar_tile_1280_1024.npy,20240508,2024,lidar,0.6066,val
20240508_lidar_tile_1280_1280.npy,20240508,2024,lidar,0.576,val
20240508_lidar_tile_1280_1536.npy,20240508,2024,lidar,0.3659,val
20240508_lidar_tile_1280_1792.npy,20240508,2024,lidar,0.4743,val
20240508_lidar_tile_1280_2048.npy,20240508,2024,lidar,0.3088,val
20240508_lidar_tile_1280_2304.npy,20240508,2024,lidar,0.5174,val
20240508_lidar_tile_1280_2560.npy,20240508,2024,lidar,0.7016,val
20240508_lidar_tile_1280_2816.npy,20240508,2024,lidar,0.555,val
20240508_lidar_tile_1536_768.npy,20240508,2024,lidar,0.5484,val
20240508_lidar_tile_1536_1024.npy,20240508,2024,lidar,0.6125,val
20240508_lidar_tile_1536_1280.npy,20240508,2024,lidar,0.5262,val
20240508_lidar_tile_1536_1536.npy,20240508,2024,lidar,0.4568,val
20240508_lidar_tile_1536_1792.npy,20240508,2024,lidar,0.4329,val
20240508_lidar_tile_1536_2048.npy,20240508,2024,lidar,0.6912,val
20240508_lidar_tile_1536_2304.npy,20240508,2024,lidar,0.7086,val
20240508_lidar_tile_1536_2560.npy,20240508,2024,lidar,0.5699,val
20240508_lidar_tile_1792_1024.npy,20240508,2024,lidar,0.5071,val
20240508_lidar_tile_1792_1280.npy,20240508,2024,lidar,0.5523,val
20240508_lidar_tile_1792_1536.npy,20240508,2024,lidar,0.3808,val
20240508_lidar_tile_1792_1792.npy,20240508,2024,lidar,0.5078,val
20240508_lidar_tile_1792_2048.npy,20240508,2024,lidar,0.4541,val
20240508_lidar_tile_2048_1024.npy,20240508,2024,lidar,0.526,val
20240508_lidar_tile_2048_1280.npy,20240508,2024,lidar,0.5911,val
20240508_lidar_tile_2048_1536.npy,20240508,2024,lidar,0.7613,val
20240508_lidar_tile_2048_1792.npy,20240508,2024,lidar,0.7193,val
20240508_lidar_tile_2048_2048.npy,20240508,2024,lidar,0.6923,val
20240508_lidar_tile_2048_2304.npy,20240508,2024,lidar,0.7721,val
20240508_lidar_tile_2048_2560.npy,20240508,2024,lidar,0.8213,val
20240508_lidar_tile_2304_768.npy,20240508,2024,lidar,0.3967,val
20240508_lidar_tile_2304_1024.npy,20240508,2024,lidar,0.8578,val
20240508_lidar_tile_2304_1280.npy,20240508,2024,lidar,0.89,val
20240508_lidar_tile_2304_1536.npy,20240508,2024,lidar,0.8832,val
20240508_lidar_tile_2304_1792.npy,20240508,2024,lidar,0.8322,val
20240508_lidar_tile_2304_2048.npy,20240508,2024,lidar,0.9306,val
20240508_lidar_tile_2304_2304.npy,20240508,2024,lidar,0.9326,val
20240508_lidar_tile_2560_768.npy,20240508,2024,lidar,0.6891,val
20240508_lidar_tile_2560_1024.npy,20240508,2024,lidar,0.8508,val
20240508_lidar_tile_2560_1280.npy,20240508,2024,lidar,0.8221,val
20240508_lidar_tile_2560_1536.npy,20240508,2024,lidar,0.887,val
20240508_lidar_tile_2560_1792.npy,20240508,2024,lidar,0.7097,val
20240508_lidar_tile_2560_2048.npy,20240508,2024,lidar,0.4775,val
20240508_lidar_tile_2816_1024.npy,20240508,2024,lidar,0.6605,val
20240605_lidar_tile_0_512.npy,20240605,2024,lidar,0.3523,val
20240605_lidar_tile_0_768.npy,20240605,2024,lidar,0.8581,val
20240605_lidar_tile_256_512.npy,20240605,2024,lidar,0.899,val
20240605_lidar_tile_256_768.npy,20240605,2024,lidar,0.9693,val
20240605_lidar_tile_256_1024.npy,20240605,2024,lidar,0.7712,val
20240605_lidar_tile_512_256.npy,20240605,2024,lidar,0.4333,val
20240605_lidar_tile_512_512.npy,20240605,2024,lidar,0.9699,val
20240605_lidar_tile_512_768.npy,20240605,2024,lidar,0.913,val
20240605_lidar_tile_512_1024.npy,20240605,2024,lidar,0.8876,val
20240605_lidar_tile_512_1280.npy,20240605,2024,lidar,0.959,val
20240605_lidar_tile_512_1536.npy,20240605,2024,lidar,0.9377,val
20240605_lidar_tile_512_1792.npy,20240605,2024,lidar,0.9807,val
20240605_lidar_tile_512_2048.npy,20240605,2024,lidar,0.665,val
20240605_lidar_tile_768_256.npy,20240605,2024,lidar,0.6414,val
20240605_lidar_tile_768_512.npy,20240605,2024,lidar,0.8482,val
20240605_lidar_tile_768_768.npy,20240605,2024,lidar,0.9305,val
20240605_lidar_tile_768_1024.npy,20240605,2024,lidar,0.9788,val
20240605_lidar_tile_768_1280.npy,20240605,2024,lidar,0.9508,val
20240605_lidar_tile_768_1536.npy,20240605,2024,lidar,0.8634,val
20240605_lidar_tile_768_1792.npy,20240605,2024,lidar,0.9713,val
20240605_lidar_tile_1024_256.npy,20240605,2024,lidar,0.4475,val
20240605_lidar_tile_1024_512.npy,20240605,2024,lidar,0.7484,val
20240605_lidar_tile_1024_768.npy,20240605,2024,lidar,0.8629,val
20240605_lidar_tile_1024_1024.npy,20240605,2024,lidar,0.9615,val
20240605_lidar_tile_1024_1280.npy,20240605,2024,lidar,0.8521,val
20240605_lidar_tile_1024_1536.npy,20240605,2024,lidar,0.9379,val
20240605_lidar_tile_1024_1792.npy,20240605,2024,lidar,0.9619,val
20240605_lidar_tile_1024_2048.npy,20240605,2024,lidar,0.7437,val
20240605_lidar_tile_1280_768.npy,20240605,2024,lidar,0.3487,val
20240605_lidar_tile_1280_1024.npy,20240605,2024,lidar,0.6616,val
20240605_lidar_tile_1280_1280.npy,20240605,2024,lidar,0.6493,val
20240605_lidar_tile_1280_1536.npy,20240605,2024,lidar,0.7998,val
20240605_lidar_tile_1280_1792.npy,20240605,2024,lidar,0.7012,val
20250317_lidar_tile_0_256.npy,20250317,2025,lidar,0.5441,train
20250317_lidar_tile_0_512.npy,20250317,2025,lidar,0.8143,train
20250317_lidar_tile_256_256.npy,20250317,2025,lidar,0.9532,train
20250317_lidar_tile_256_512.npy,20250317,2025,lidar,0.9996,train
20250317_lidar_tile_256_768.npy,20250317,2025,lidar,0.9999,train
20250317_lidar_tile_256_1024.npy,20250317,2025,lidar,0.9486,train
20250317_lidar_tile_512_0.npy,20250317,2025,lidar,0.4204,train
20250317_lidar_tile_512_256.npy,20250317,2025,lidar,0.9992,train
20250317_lidar_tile_512_512.npy,20250317,2025,lidar,0.9995,train
20250317_lidar_tile_512_768.npy,20250317,2025,lidar,1.0,train
20250317_lidar_tile_512_1024.npy,20250317,2025,lidar,0.9977,train
20250317_lidar_tile_512_1280.npy,20250317,2025,lidar,0.998,train
20250317_lidar_tile_512_1536.npy,20250317,2025,lidar,0.9994,train
20250317_lidar_tile_512_1792.npy,20250317,2025,lidar,0.9293,train
20250317_lidar_tile_768_0.npy,20250317,2025,lidar,0.782,train
20250317_lidar_tile_768_256.npy,20250317,2025,lidar,0.9983,train
20250317_lidar_tile_768_512.npy,20250317,2025,lidar,0.9997,train
20250317_lidar_tile_768_768.npy,20250317,2025,lidar,1.0,train
20250317_lidar_tile_768_1024.npy,20250317,2025,lidar,0.9993,train
20250317_lidar_tile_768_1280.npy,20250317,2025,lidar,0.9984,train
20250317_lidar_tile_768_1536.npy,20250317,2025,lidar,0.9995,train
20250317_lidar_tile_768_2048.npy,20250317,2025,lidar,0.7953,train
20250317_lidar_tile_1024_0.npy,20250317,2025,lidar,0.6552,train
20250317_lidar_tile_1024_256.npy,20250317,2025,lidar,0.9996,train
20250317_lidar_tile_1024_512.npy,20250317,2025,lidar,0.9991,train
20250317_lidar_tile_1024_768.npy,20250317,2025,lidar,1.0,train
20250317_lidar_tile_1024_1024.npy,20250317,2025,lidar,0.997,train
20250317_lidar_tile_1024_1280.npy,20250317,2025,lidar,0.9998,train
20250317_lidar_tile_1024_1536.npy,20250317,2025,lidar,0.9989,train
20250317_lidar_tile_1024_1792.npy,20250317,2025,lidar,0.9891,train
20250317_lidar_tile_1024_2048.npy,20250317,2025,lidar,0.601,train
20250317_lidar_tile_1280_512.npy,20250317,2025,lidar,0.9653,train
20250317_lidar_tile_1280_768.npy,20250317,2025,lidar,0.8163,train
20250317_lidar_tile_1280_1024.npy,20250317,2025,lidar,0.9977,train
20250317_lidar_tile_1280_1280.npy,20250317,2025,lidar,0.9999,train
20250317_lidar_tile_1280_1536.npy,20250317,2025,lidar,1.0,train
20250317_lidar_tile_1280_1792.npy,20250317,2025,lidar,0.9573,train
20250317_lidar_tile_1536_1024.npy,20250317,2025,lidar,0.6092,train
20250317_lidar_tile_1536_1280.npy,20250317,2025,lidar,0.8631,train
20250317_lidar_tile_1536_1536.npy,20250317,2025,lidar,0.9864,train
20250317_lidar_tile_1536_1792.npy,20250317,2025,lidar,0.911,train
20250317_lidar_tile_1536_2048.npy,20250317,2025,lidar,0.4606,train
20250317_lidar_tile_1792_1280.npy,20250317,2025,lidar,0.7853,train
20250317_lidar_tile_1792_1536.npy,20250317,2025,lidar,0.9847,train
20250317_lidar_tile_1792_1792.npy,20250317,2025,lidar,0.9737,train
20250317_lidar_tile_1792_2048.npy,20250317,2025,lidar,0.6344,train
20250317_lidar_tile_2048_1024.npy,20250317,2025,lidar,0.3281,train
20250317_lidar_tile_2048_1280.npy,20250317,2025,lidar,0.7893,train
20250317_lidar_tile_2048_1536.npy,20250317,2025,lidar,0.9776,train
20250317_lidar_tile_2048_1792.npy,20250317,2025,lidar,0.9611,train
20250317_lidar_tile_2048_2048.npy,20250317,2025,lidar,0.6731,train
20250317_lidar_tile_2304_1024.npy,20250317,2025,lidar,0.5034,train
20250317_lidar_tile_2304_1280.npy,20250317,2025,lidar,0.9032,train
20250317_lidar_tile_2304_1536.npy,20250317,2025,lidar,0.9407,train
20250317_lidar_tile_2304_1792.npy,20250317,2025,lidar,0.6944,train
20250317_lidar_tile_2560_1280.npy,20250317,2025,lidar,0.3307,train
20250317_lidar_tile_2560_1536.npy,20250317,2025,lidar,0.4563,train
20250327_lidar_tile_0_512.npy,20250327,2025,lidar,0.7392,train
20250327_lidar_tile_0_768.npy,20250327,2025,lidar,0.8609,train
20250327_lidar_tile_256_256.npy,20250327,2025,lidar,0.749,train
20250327_lidar_tile_256_512.npy,20250327,2025,lidar,0.9983,train
20250327_lidar_tile_256_768.npy,20250327,2025,lidar,1.0,train
20250327_lidar_tile_256_1024.npy,20250327,2025,lidar,0.9996,train
20250327_lidar_tile_512_256.npy,20250327,2025,lidar,0.9902,train
20250327_lidar_tile_512_512.npy,20250327,2025,lidar,0.9996,train
20250327_lidar_tile_512_768.npy,20250327,2025,lidar,0.9998,train
20250327_lidar_tile_512_1024.npy,20250327,2025,lidar,1.0,train
20250327_lidar_tile_512_1280.npy,20250327,2025,lidar,0.9967,train
20250327_lidar_tile_512_1536.npy,20250327,2025,lidar,0.9992,train
20250327_lidar_tile_512_1792.npy,20250327,2025,lidar,1.0,train
20250327_lidar_tile_512_2048.npy,20250327,2025,lidar,0.7683,train
20250327_lidar_tile_768_0.npy,20250327,2025,lidar,0.5372,train
20250327_lidar_tile_768_256.npy,20250327,2025,lidar,0.9975,train
20250327_lidar_tile_768_512.npy,20250327,2025,lidar,0.9998,train
20250327_lidar_tile_768_768.npy,20250327,2025,lidar,0.9998,train
20250327_lidar_tile_768_1024.npy,20250327,2025,lidar,0.9997,train
20250327_lidar_tile_768_1280.npy,20250327,2025,lidar,0.9992,train
20250327_lidar_tile_768_1536.npy,20250327,2025,lidar,0.9984,train
20250327_lidar_tile_768_1792.npy,20250327,2025,lidar,0.9969,train
20250327_lidar_tile_768_2304.npy,20250327,2025,lidar,1.0,train
20250327_lidar_tile_768_2560.npy,20250327,2025,lidar,0.7771,train
20250327_lidar_tile_1024_256.npy,20250327,2025,lidar,0.9994,train
20250327_lidar_tile_1024_512.npy,20250327,2025,lidar,0.9997,train
20250327_lidar_tile_1024_768.npy,20250327,2025,lidar,0.999,train
20250327_lidar_tile_1024_1024.npy,20250327,2025,lidar,0.9992,train
20250327_lidar_tile_1024_1280.npy,20250327,2025,lidar,0.9976,train
20250327_lidar_tile_1024_1536.npy,20250327,2025,lidar,0.9996,train
20250327_lidar_tile_1024_1792.npy,20250327,2025,lidar,0.9973,train
20250327_lidar_tile_1024_2048.npy,20250327,2025,lidar,0.9949,train
20250327_lidar_tile_1024_2304.npy,20250327,2025,lidar,1.0,train
20250327_lidar_tile_1024_2560.npy,20250327,2025,lidar,0.9559,train
20250327_lidar_tile_1024_2816.npy,20250327,2025,lidar,0.8472,train
20250327_lidar_tile_1280_768.npy,20250327,2025,lidar,0.9956,train
20250327_lidar_tile_1280_1024.npy,20250327,2025,lidar,0.9837,train
20250327_lidar_tile_1280_1280.npy,20250327,2025,lidar,0.9972,train
20250327_lidar_tile_1280_1536.npy,20250327,2025,lidar,0.9993,train
20250327_lidar_tile_1280_1792.npy,20250327,2025,lidar,1.0,train
20250327_lidar_tile_1280_2048.npy,20250327,2025,lidar,0.9953,train
20250327_lidar_tile_1280_2304.npy,20250327,2025,lidar,0.9994,train
20250327_lidar_tile_1280_2560.npy,20250327,2025,lidar,0.9895,train
20250327_lidar_tile_1280_2816.npy,20250327,2025,lidar,0.9243,train
20250327_lidar_tile_1536_768.npy,20250327,2025,lidar,0.9483,train
20250327_lidar_tile_1536_1024.npy,20250327,2025,lidar,0.9754,train
20250327_lidar_tile_1536_1280.npy,20250327,2025,lidar,0.9846,train
20250327_lidar_tile_1536_1536.npy,20250327,2025,lidar,0.9993,train
20250327_lidar_tile_1536_1792.npy,20250327,2025,lidar,1.0,train
20250327_lidar_tile_1536_2048.npy,20250327,2025,lidar,0.9991,train
20250327_lidar_tile_1536_2304.npy,20250327,2025,lidar,0.9989,train
20250327_lidar_tile_1536_2560.npy,20250327,2025,lidar,0.9882,train
20250327_lidar_tile_1536_2816.npy,20250327,2025,lidar,0.9881,train
20250327_lidar_tile_1792_768.npy,20250327,2025,lidar,0.9362,train
20250327_lidar_tile_1792_1024.npy,20250327,2025,lidar,0.9329,train
20250327_lidar_tile_1792_1280.npy,20250327,2025,lidar,0.9413,train
20250327_lidar_tile_1792_1536.npy,20250327,2025,lidar,0.9925,train
20250327_lidar_tile_1792_1792.npy,20250327,2025,lidar,0.9998,train
20250327_lidar_tile_1792_2048.npy,20250327,2025,lidar,0.9938,train
20250327_lidar_tile_1792_2304.npy,20250327,2025,lidar,0.996,train
20250327_lidar_tile_1792_2560.npy,20250327,2025,lidar,0.997,train
20250327_lidar_tile_1792_2816.npy,20250327,2025,lidar,0.8596,train
20250327_lidar_tile_2048_768.npy,20250327,2025,lidar,0.787,train
20250327_lidar_tile_2048_1024.npy,20250327,2025,lidar,0.9368,train
20250327_lidar_tile_2048_1280.npy,20250327,2025,lidar,0.952,train
20250327_lidar_tile_2048_1536.npy,20250327,2025,lidar,0.9955,train
20250327_lidar_tile_2048_1792.npy,20250327,2025,lidar,0.9973,train
20250327_lidar_tile_2048_2048.npy,20250327,2025,lidar,0.9923,train
20250327_lidar_tile_2048_2304.npy,20250327,2025,lidar,0.9943,train
20250327_lidar_tile_2048_2560.npy,20250327,2025,lidar,0.6344,train
20250327_lidar_tile_2304_768.npy,20250327,2025,lidar,0.5316,train
20250327_lidar_tile_2304_1024.npy,20250327,2025,lidar,0.9801,train
20250327_lidar_tile_2304_1280.npy,20250327,2025,lidar,0.9916,train
20250327_lidar_tile_2304_1536.npy,20250327,2025,lidar,0.951,train
20250327_lidar_tile_2304_1792.npy,20250327,2025,lidar,0.9907,train
20250327_lidar_tile_2304_2048.npy,20250327,2025,lidar,0.9909,train
20250327_lidar_tile_2304_2304.npy,20250327,2025,lidar,0.7886,train
20250327_lidar_tile_2560_768.npy,20250327,2025,lidar,0.4392,train
20250327_lidar_tile_2560_1024.npy,20250327,2025,lidar,0.8393,train
20250327_lidar_tile_2560_1280.npy,20250327,2025,lidar,0.9911,train
20250327_lidar_tile_2560_1536.npy,20250327,2025,lidar,0.9923,train
20250327_lidar_tile_2560_1792.npy,20250327,2025,lidar,0.9971,train
20250327_lidar_tile_2560_2048.npy,20250327,2025,lidar,0.9195,train
20250327_lidar_tile_2560_2304.npy,20250327,2025,lidar,0.5201,train
20250327_lidar_tile_2816_1024.npy,20250327,2025,lidar,0.8723,train
20250327_lidar_tile_2816_1280.npy,20250327,2025,lidar,0.9546,train
20250327_lidar_tile_2816_1536.npy,20250327,2025,lidar,0.976,train
20250401_lidar_tile_0_256.npy,20250401,2025,lidar,0.4239,train
20250401_lidar_tile_256_256.npy,20250401,2025,lidar,0.985,train
20250401_lidar_tile_256_512.npy,20250401,2025,lidar,0.9983,train
20250401_lidar_tile_256_768.npy,20250401,2025,lidar,0.9997,train
20250401_lidar_tile_256_1024.npy,20250401,2025,lidar,0.9968,train
20250401_lidar_tile_256_1280.npy,20250401,2025,lidar,0.4476,train
20250401_lidar_tile_512_0.npy,20250401,2025,lidar,0.8428,train
20250401_lidar_tile_512_256.npy,20250401,2025,lidar,0.9995,train
20250401_lidar_tile_512_512.npy,20250401,2025,lidar,0.9986,train
20250401_lidar_tile_512_768.npy,20250401,2025,lidar,0.9991,train
20250401_lidar_tile_512_1024.npy,20250401,2025,lidar,0.9414,train
20250401_lidar_tile_512_1280.npy,20250401,2025,lidar,0.716,train
20250401_lidar_tile_768_0.npy,20250401,2025,lidar,0.8973,train
20250401_lidar_tile_768_256.npy,20250401,2025,lidar,0.9967,train
20250401_lidar_tile_768_512.npy,20250401,2025,lidar,0.9998,train
20250401_lidar_tile_768_768.npy,20250401,2025,lidar,0.9958,train
20250401_lidar_tile_768_1024.npy,20250401,2025,lidar,0.8852,train
20250401_lidar_tile_768_1280.npy,20250401,2025,lidar,0.4545,train
20250401_lidar_tile_1024_0.npy,20250401,2025,lidar,0.5177,train
20250401_lidar_tile_1024_256.npy,20250401,2025,lidar,0.9836,train
20250401_lidar_tile_1024_512.npy,20250401,2025,lidar,0.9795,train
20250401_lidar_tile_1024_768.npy,20250401,2025,lidar,0.9445,train
20250401_lidar_tile_1024_1024.npy,20250401,2025,lidar,0.6038,train
20250424_lidar_tile_0_256.npy,20250424,2025,lidar,0.4734,train
20250424_lidar_tile_256_0.npy,20250424,2025,lidar,0.4061,train
20250424_lidar_tile_256_256.npy,20250424,2025,lidar,0.9989,train
20250424_lidar_tile_256_512.npy,20250424,2025,lidar,0.9986,train
20250424_lidar_tile_256_768.npy,20250424,2025,lidar,1.0,train
20250424_lidar_tile_256_1024.npy,20250424,2025,lidar,0.9611,train
20250424_lidar_tile_256_1280.npy,20250424,2025,lidar,0.5527,train
20250424_lidar_tile_512_0.npy,20250424,2025,lidar,0.7386,train
20250424_lidar_tile_512_256.npy,20250424,2025,lidar,0.9997,train
20250424_lidar_tile_512_512.npy,20250424,2025,lidar,0.999,train
20250424_lidar_tile_512_768.npy,20250424,2025,lidar,0.9962,train
20250424_lidar_tile_512_1280.npy,20250424,2025,lidar,0.52,train
20250424_lidar_tile_768_0.npy,20250424,2025,lidar,0.8366,train
20250424_lidar_tile_768_256.npy,20250424,2025,lidar,0.9944,train
20250424_lidar_tile_768_512.npy,20250424,2025,lidar,0.9884,train
20250424_lidar_tile_768_768.npy,20250424,2025,lidar,0.9967,train
20250424_lidar_tile_768_1024.npy,20250424,2025,lidar,0.7981,train
20250424_lidar_tile_768_1280.npy,20250424,2025,lidar,0.4273,train
20250424_lidar_tile_1024_0.npy,20250424,2025,lidar,0.4835,train
20250424_lidar_tile_1024_256.npy,20250424,2025,lidar,0.8152,train
20250424_lidar_tile_1024_512.npy,20250424,2025,lidar,0.6955,train
20250424_lidar_tile_1024_768.npy,20250424,2025,lidar,0.9657,train
20250424_lidar_tile_1024_1024.npy,20250424,2025,lidar,0.4729,train
20250521_lidar_tile_0_512.npy,20250521,2025,lidar,0.7826,train
20250521_lidar_tile_256_256.npy,20250521,2025,lidar,0.9331,train
20250521_lidar_tile_256_512.npy,20250521,2025,lidar,0.9993,train
20250521_lidar_tile_256_768.npy,20250521,2025,lidar,0.9998,train
20250521_lidar_tile_256_1024.npy,20250521,2025,lidar,0.967,train
20250521_lidar_tile_512_0.npy,20250521,2025,lidar,0.6349,train
20250521_lidar_tile_512_256.npy,20250521,2025,lidar,0.9952,train
20250521_lidar_tile_512_512.npy,20250521,2025,lidar,0.9717,train
20250521_lidar_tile_512_768.npy,20250521,2025,lidar,0.9603,train
20250521_lidar_tile_512_1024.npy,20250521,2025,lidar,0.8393,train
20250521_lidar_tile_512_1280.npy,20250521,2025,lidar,0.5074,train
20250521_lidar_tile_512_1536.npy,20250521,2025,lidar,0.5871,train
20250521_lidar_tile_768_0.npy,20250521,2025,lidar,0.8799,train
20250521_lidar_tile_768_256.npy,20250521,2025,lidar,0.9853,train
20250521_lidar_tile_768_512.npy,20250521,2025,lidar,0.8663,train
20250521_lidar_tile_768_768.npy,20250521,2025,lidar,0.8549,train
20250521_lidar_tile_768_1024.npy,20250521,2025,lidar,0.8542,train
20250521_lidar_tile_768_1280.npy,20250521,2025,lidar,0.9257,train
20250521_lidar_tile_768_1536.npy,20250521,2025,lidar,0.999,train
20250521_lidar_tile_1024_0.npy,20250521,2025,lidar,0.6489,train
20250521_lidar_tile_1024_256.npy,20250521,2025,lidar,0.9412,train
20250521_lidar_tile_1024_512.npy,20250521,2025,lidar,0.835,train
20250521_lidar_tile_1024_768.npy,20250521,2025,lidar,0.8295,train
20250521_lidar_tile_1024_1024.npy,20250521,2025,lidar,0.9456,train
20250521_lidar_tile_1024_1280.npy,20250521,2025,lidar,0.9946,train
20250521_lidar_tile_1024_1536.npy,20250521,2025,lidar,0.6796,train
20250521_lidar_tile_1280_512.npy,20250521,2025,lidar,0.7885,train
20250521_lidar_tile_1280_768.npy,20250521,2025,lidar,0.745,train
20250521_lidar_tile_1280_1024.npy,20250521,2025,lidar,0.9477,train
20250521_lidar_tile_1280_1280.npy,20250521,2025,lidar,0.7234,train
