tile_id,date,ty,tx,row_real,col_real,exp_spatial_split
20210202_lidar_tile_0_128.npy,20210202,0,128,213,305,test
20210202_lidar_tile_0_256.npy,20210202,0,256,213,433,test
20210202_lidar_tile_0_384.npy,20210202,0,384,213,561,test
20210202_lidar_tile_0_512.npy,20210202,0,512,213,689,test
20210202_lidar_tile_0_640.npy,20210202,0,640,213,817,buffer
20210202_lidar_tile_0_768.npy,20210202,0,768,213,945,val
20210202_lidar_tile_0_896.npy,20210202,0,896,213,1073,val
20210202_lidar_tile_128_128.npy,20210202,128,128,341,305,test
20210202_lidar_tile_128_256.npy,20210202,128,256,341,433,test
20210202_lidar_tile_128_384.npy,20210202,128,384,341,561,test
20210202_lidar_tile_128_512.npy,20210202,128,512,341,689,test
20210202_lidar_tile_128_640.npy,20210202,128,640,341,817,buffer
20210202_lidar_tile_128_768.npy,20210202,128,768,341,945,val
20210202_lidar_tile_128_896.npy,20210202,128,896,341,1073,val
20210202_lidar_tile_128_1024.npy,20210202,128,1024,341,1201,val
20210202_lidar_tile_256_0.npy,20210202,256,0,469,177,test
20210202_lidar_tile_256_128.npy,20210202,256,128,469,305,test
20210202_lidar_tile_256_256.npy,20210202,256,256,469,433,test
20210202_lidar_tile_256_384.npy,20210202,256,384,469,561,test
20210202_lidar_tile_256_512.npy,20210202,256,512,469,689,test
20210202_lidar_tile_256_640.npy,20210202,256,640,469,817,buffer
20210202_lidar_tile_256_768.npy,20210202,256,768,469,945,val
20210202_lidar_tile_256_896.npy,20210202,256,896,469,1073,val
20210202_lidar_tile_256_1024.npy,20210202,256,1024,469,1201,val
20210202_lidar_tile_256_1152.npy,20210202,256,1152,469,1329,buffer
20210202_lidar_tile_256_1280.npy,20210202,256,1280,469,1457,train
20210202_lidar_tile_256_1408.npy,20210202,256,1408,469,1585,train
20210202_lidar_tile_384_0.npy,20210202,384,0,597,177,test
20210202_lidar_tile_384_128.npy,20210202,384,128,597,305,test
20210202_lidar_tile_384_256.npy,20210202,384,256,597,433,test
20210202_lidar_tile_384_384.npy,20210202,384,384,597,561,test
20210202_lidar_tile_384_512.npy,20210202,384,512,597,689,test
20210202_lidar_tile_384_640.npy,20210202,384,640,597,817,buffer
20210202_lidar_tile_384_768.npy,20210202,384,768,597,945,val
20210202_lidar_tile_384_896.npy,20210202,384,896,597,1073,val
20210202_lidar_tile_384_1024.npy,20210202,384,1024,597,1201,val
20210202_lidar_tile_384_1152.npy,20210202,384,1152,597,1329,buffer
20210202_lidar_tile_384_1280.npy,20210202,384,1280,597,1457,train
20210202_lidar_tile_384_1408.npy,20210202,384,1408,597,1585,train
20210202_lidar_tile_384_1536.npy,20210202,384,1536,597,1713,train
20210202_lidar_tile_384_1664.npy,20210202,384,1664,597,1841,train
20210202_lidar_tile_512_0.npy,20210202,512,0,725,177,test
20210202_lidar_tile_512_128.npy,20210202,512,128,725,305,test
20210202_lidar_tile_512_256.npy,20210202,512,256,725,433,test
20210202_lidar_tile_512_384.npy,20210202,512,384,725,561,test
20210202_lidar_tile_512_512.npy,20210202,512,512,725,689,test
20210202_lidar_tile_512_640.npy,20210202,512,640,725,817,buffer
20210202_lidar_tile_512_768.npy,20210202,512,768,725,945,val
20210202_lidar_tile_512_896.npy,20210202,512,896,725,1073,val
20210202_lidar_tile_512_1024.npy,20210202,512,1024,725,1201,val
20210202_lidar_tile_512_1152.npy,20210202,512,1152,725,1329,buffer
20210202_lidar_tile_512_1280.npy,20210202,512,1280,725,1457,train
20210202_lidar_tile_512_1408.npy,20210202,512,1408,725,1585,train
20210202_lidar_tile_512_1536.npy,20210202,512,1536,725,1713,train
20210202_lidar_tile_512_1664.npy,20210202,512,1664,725,1841,train
20210202_lidar_tile_640_0.npy,20210202,640,0,853,177,test
20210202_lidar_tile_640_128.npy,20210202,640,128,853,305,test
20210202_lidar_tile_640_256.npy,20210202,640,256,853,433,test
20210202_lidar_tile_640_384.npy,20210202,640,384,853,561,test
20210202_lidar_tile_640_512.npy,20210202,640,512,853,689,test
20210202_lidar_tile_640_640.npy,20210202,640,640,853,817,buffer
20210202_lidar_tile_640_768.npy,20210202,640,768,853,945,val
20210202_lidar_tile_640_896.npy,20210202,640,896,853,1073,val
20210202_lidar_tile_640_1024.npy,20210202,640,1024,853,1201,val
20210202_lidar_tile_640_1152.npy,20210202,640,1152,853,1329,buffer
20210202_lidar_tile_640_1280.npy,20210202,640,1280,853,1457,train
20210202_lidar_tile_640_1408.npy,20210202,640,1408,853,1585,train
20210202_lidar_tile_640_1536.npy,20210202,640,1536,853,1713,train
20210202_lidar_tile_640_1664.npy,20210202,640,1664,853,1841,train
20210202_lidar_tile_768_0.npy,20210202,768,0,981,177,test
20210202_lidar_tile_768_128.npy,20210202,768,128,981,305,test
20210202_lidar_tile_768_256.npy,20210202,768,256,981,433,test
20210202_lidar_tile_768_384.npy,20210202,768,384,981,561,test
20210202_lidar_tile_768_512.npy,20210202,768,512,981,689,test
20210202_lidar_tile_768_640.npy,20210202,768,640,981,817,buffer
20210202_lidar_tile_768_768.npy,20210202,768,768,981,945,val
20210202_lidar_tile_768_896.npy,20210202,768,896,981,1073,val
20210202_lidar_tile_768_1024.npy,20210202,768,1024,981,1201,val
20210202_lidar_tile_768_1152.npy,20210202,768,1152,981,1329,buffer
20210202_lidar_tile_768_1280.npy,20210202,768,1280,981,1457,train
20210202_lidar_tile_768_1408.npy,20210202,768,1408,981,1585,train
20210202_lidar_tile_768_1536.npy,20210202,768,1536,981,1713,train
20210202_lidar_tile_768_1664.npy,20210202,768,1664,981,1841,train
20210202_lidar_tile_896_128.npy,20210202,896,128,1109,305,test
20210202_lidar_tile_896_256.npy,20210202,896,256,1109,433,test
20210202_lidar_tile_896_384.npy,20210202,896,384,1109,561,test
20210202_lidar_tile_896_512.npy,20210202,896,512,1109,689,test
20210202_lidar_tile_896_640.npy,20210202,896,640,1109,817,buffer
20210202_lidar_tile_896_768.npy,20210202,896,768,1109,945,val
20210202_lidar_tile_896_896.npy,20210202,896,896,1109,1073,val
20210202_lidar_tile_896_1024.npy,20210202,896,1024,1109,1201,val
20210202_lidar_tile_896_1152.npy,20210202,896,1152,1109,1329,buffer
20210202_lidar_tile_896_1280.npy,20210202,896,1280,1109,1457,train
20210202_lidar_tile_896_1408.npy,20210202,896,1408,1109,1585,train
20210202_lidar_tile_896_1536.npy,20210202,896,1536,1109,1713,train
20210202_lidar_tile_896_1664.npy,20210202,896,1664,1109,1841,train
20210202_lidar_tile_1024_128.npy,20210202,1024,128,1237,305,test
20210202_lidar_tile_1024_256.npy,20210202,1024,256,1237,433,test
20210202_lidar_tile_1024_384.npy,20210202,1024,384,1237,561,test
20210202_lidar_tile_1024_512.npy,20210202,1024,512,1237,689,test
20210202_lidar_tile_1024_640.npy,20210202,1024,640,1237,817,buffer
20210202_lidar_tile_1024_768.npy,20210202,1024,768,1237,945,val
20210202_lidar_tile_1024_896.npy,20210202,1024,896,1237,1073,val
20210202_lidar_tile_1024_1024.npy,20210202,1024,1024,1237,1201,val
20210202_lidar_tile_1024_1152.npy,20210202,1024,1152,1237,1329,buffer
20210202_lidar_tile_1024_1280.npy,20210202,1024,1280,1237,1457,train
20210202_lidar_tile_1024_1408.npy,20210202,1024,1408,1237,1585,train
20210202_lidar_tile_1024_1536.npy,20210202,1024,1536,1237,1713,train
20210202_lidar_tile_1024_1664.npy,20210202,1024,1664,1237,1841,train
20210202_lidar_tile_1152_512.npy,20210202,1152,512,1365,689,test
20210202_lidar_tile_1152_640.npy,20210202,1152,640,1365,817,buffer
20210202_lidar_tile_1152_768.npy,20210202,1152,768,1365,945,val
20210202_lidar_tile_1152_896.npy,20210202,1152,896,1365,1073,val
20210202_lidar_tile_1152_1024.npy,20210202,1152,1024,1365,1201,val
20210202_lidar_tile_1152_1152.npy,20210202,1152,1152,1365,1329,buffer
20210202_lidar_tile_1152_1280.npy,20210202,1152,1280,1365,1457,train
20210202_lidar_tile_1152_1408.npy,20210202,1152,1408,1365,1585,train
20210202_lidar_tile_1152_1536.npy,20210202,1152,1536,1365,1713,train
20210304_lidar_tile_0_128.npy,20210304,0,128,269,407,test
20210304_lidar_tile_0_256.npy,20210304,0,256,269,535,test
20210304_lidar_tile_0_384.npy,20210304,0,384,269,663,test
20210304_lidar_tile_0_512.npy,20210304,0,512,269,791,test
20210304_lidar_tile_0_640.npy,20210304,0,640,269,919,buffer
20210304_lidar_tile_0_768.npy,20210304,0,768,269,1047,val
20210304_lidar_tile_128_128.npy,20210304,128,128,397,407,test
20210304_lidar_tile_128_256.npy,20210304,128,256,397,535,test
20210304_lidar_tile_128_384.npy,20210304,128,384,397,663,test
20210304_lidar_tile_128_512.npy,20210304,128,512,397,791,test
20210304_lidar_tile_128_640.npy,20210304,128,640,397,919,buffer
20210304_lidar_tile_128_768.npy,20210304,128,768,397,1047,val
20210304_lidar_tile_128_896.npy,20210304,128,896,397,1175,val
20210304_lidar_tile_256_0.npy,20210304,256,0,525,279,test
20210304_lidar_tile_256_128.npy,20210304,256,128,525,407,test
20210304_lidar_tile_256_256.npy,20210304,256,256,525,535,test
20210304_lidar_tile_256_384.npy,20210304,256,384,525,663,test
20210304_lidar_tile_256_512.npy,20210304,256,512,525,791,test
20210304_lidar_tile_256_640.npy,20210304,256,640,525,919,buffer
20210304_lidar_tile_256_768.npy,20210304,256,768,525,1047,val
20210304_lidar_tile_256_896.npy,20210304,256,896,525,1175,val
20210304_lidar_tile_256_1024.npy,20210304,256,1024,525,1303,val
20210304_lidar_tile_256_1152.npy,20210304,256,1152,525,1431,buffer
20210304_lidar_tile_256_1280.npy,20210304,256,1280,525,1559,train
20210304_lidar_tile_256_1408.npy,20210304,256,1408,525,1687,train
20210304_lidar_tile_256_1536.npy,20210304,256,1536,525,1815,train
20210304_lidar_tile_384_0.npy,20210304,384,0,653,279,test
20210304_lidar_tile_384_128.npy,20210304,384,128,653,407,test
20210304_lidar_tile_384_256.npy,20210304,384,256,653,535,test
20210304_lidar_tile_384_384.npy,20210304,384,384,653,663,test
20210304_lidar_tile_384_512.npy,20210304,384,512,653,791,test
20210304_lidar_tile_384_640.npy,20210304,384,640,653,919,buffer
20210304_lidar_tile_384_768.npy,20210304,384,768,653,1047,val
20210304_lidar_tile_384_896.npy,20210304,384,896,653,1175,val
20210304_lidar_tile_384_1024.npy,20210304,384,1024,653,1303,val
20210304_lidar_tile_384_1152.npy,20210304,384,1152,653,1431,buffer
20210304_lidar_tile_384_1280.npy,20210304,384,1280,653,1559,train
20210304_lidar_tile_384_1408.npy,20210304,384,1408,653,1687,train
20210304_lidar_tile_384_1536.npy,20210304,384,1536,653,1815,train
20210304_lidar_tile_512_0.npy,20210304,512,0,781,279,test
20210304_lidar_tile_512_128.npy,20210304,512,128,781,407,test
20210304_lidar_tile_512_256.npy,20210304,512,256,781,535,test
20210304_lidar_tile_512_384.npy,20210304,512,384,781,663,test
20210304_lidar_tile_512_512.npy,20210304,512,512,781,791,test
20210304_lidar_tile_512_640.npy,20210304,512,640,781,919,buffer
20210304_lidar_tile_512_768.npy,20210304,512,768,781,1047,val
20210304_lidar_tile_512_896.npy,20210304,512,896,781,1175,val
20210304_lidar_tile_512_1024.npy,20210304,512,1024,781,1303,val
20210304_lidar_tile_512_1152.npy,20210304,512,1152,781,1431,buffer
20210304_lidar_tile_512_1280.npy,20210304,512,1280,781,1559,train
20210304_lidar_tile_512_1408.npy,20210304,512,1408,781,1687,train
20210304_lidar_tile_512_1536.npy,20210304,512,1536,781,1815,train
20210304_lidar_tile_640_0.npy,20210304,640,0,909,279,test
20210304_lidar_tile_640_128.npy,20210304,640,128,909,407,test
20210304_lidar_tile_640_256.npy,20210304,640,256,909,535,test
20210304_lidar_tile_640_384.npy,20210304,640,384,909,663,test
20210304_lidar_tile_640_512.npy,20210304,640,512,909,791,test
20210304_lidar_tile_640_640.npy,20210304,640,640,909,919,buffer
20210304_lidar_tile_640_768.npy,20210304,640,768,909,1047,val
20210304_lidar_tile_640_896.npy,20210304,640,896,909,1175,val
20210304_lidar_tile_640_1024.npy,20210304,640,1024,909,1303,val
20210304_lidar_tile_640_1152.npy,20210304,640,1152,909,1431,buffer
20210304_lidar_tile_640_1280.npy,20210304,640,1280,909,1559,train
20210304_lidar_tile_640_1408.npy,20210304,640,1408,909,1687,train
20210304_lidar_tile_640_1536.npy,20210304,640,1536,909,1815,train
20210304_lidar_tile_768_0.npy,20210304,768,0,1037,279,test
20210304_lidar_tile_768_128.npy,20210304,768,128,1037,407,test
20210304_lidar_tile_768_256.npy,20210304,768,256,1037,535,test
20210304_lidar_tile_768_384.npy,20210304,768,384,1037,663,test
20210304_lidar_tile_768_512.npy,20210304,768,512,1037,791,test
20210304_lidar_tile_768_640.npy,20210304,768,640,1037,919,buffer
20210304_lidar_tile_768_768.npy,20210304,768,768,1037,1047,val
20210304_lidar_tile_768_896.npy,20210304,768,896,1037,1175,val
20210304_lidar_tile_768_1024.npy,20210304,768,1024,1037,1303,val
20210304_lidar_tile_768_1152.npy,20210304,768,1152,1037,1431,buffer
20210304_lidar_tile_768_1280.npy,20210304,768,1280,1037,1559,train
20210304_lidar_tile_768_1408.npy,20210304,768,1408,1037,1687,train
20210304_lidar_tile_768_1536.npy,20210304,768,1536,1037,1815,train
20210304_lidar_tile_768_1664.npy,20210304,768,1664,1037,1943,train
20210304_lidar_tile_768_1792.npy,20210304,768,1792,1037,2071,train
20210304_lidar_tile_896_0.npy,20210304,896,0,1165,279,test
20210304_lidar_tile_896_128.npy,20210304,896,128,1165,407,test
20210304_lidar_tile_896_256.npy,20210304,896,256,1165,535,test
20210304_lidar_tile_896_384.npy,20210304,896,384,1165,663,test
20210304_lidar_tile_896_512.npy,20210304,896,512,1165,791,test
20210304_lidar_tile_896_640.npy,20210304,896,640,1165,919,buffer
20210304_lidar_tile_896_768.npy,20210304,896,768,1165,1047,val
20210304_lidar_tile_896_896.npy,20210304,896,896,1165,1175,val
20210304_lidar_tile_896_1024.npy,20210304,896,1024,1165,1303,val
20210304_lidar_tile_896_1152.npy,20210304,896,1152,1165,1431,buffer
20210304_lidar_tile_896_1280.npy,20210304,896,1280,1165,1559,train
20210304_lidar_tile_896_1408.npy,20210304,896,1408,1165,1687,train
20210304_lidar_tile_896_1536.npy,20210304,896,1536,1165,1815,train
20210304_lidar_tile_896_1664.npy,20210304,896,1664,1165,1943,train
20210304_lidar_tile_896_1792.npy,20210304,896,1792,1165,2071,train
20210304_lidar_tile_1024_128.npy,20210304,1024,128,1293,407,test
20210304_lidar_tile_1024_256.npy,20210304,1024,256,1293,535,test
20210304_lidar_tile_1024_384.npy,20210304,1024,384,1293,663,test
20210304_lidar_tile_1024_512.npy,20210304,1024,512,1293,791,test
20210304_lidar_tile_1024_640.npy,20210304,1024,640,1293,919,buffer
20210304_lidar_tile_1024_768.npy,20210304,1024,768,1293,1047,val
20210304_lidar_tile_1024_896.npy,20210304,1024,896,1293,1175,val
20210304_lidar_tile_1024_1024.npy,20210304,1024,1024,1293,1303,val
20210304_lidar_tile_1024_1152.npy,20210304,1024,1152,1293,1431,buffer
20210304_lidar_tile_1024_1280.npy,20210304,1024,1280,1293,1559,train
20210304_lidar_tile_1024_1408.npy,20210304,1024,1408,1293,1687,train
20210304_lidar_tile_1024_1536.npy,20210304,1024,1536,1293,1815,train
20210304_lidar_tile_1024_1664.npy,20210304,1024,1664,1293,1943,train
20210304_lidar_tile_1024_1792.npy,20210304,1024,1792,1293,2071,train
20210304_lidar_tile_1024_1920.npy,20210304,1024,1920,1293,2199,train
20210304_lidar_tile_1152_512.npy,20210304,1152,512,1421,791,test
20210304_lidar_tile_1152_640.npy,20210304,1152,640,1421,919,buffer
20210304_lidar_tile_1152_768.npy,20210304,1152,768,1421,1047,val
20210304_lidar_tile_1152_896.npy,20210304,1152,896,1421,1175,val
20210304_lidar_tile_1152_1024.npy,20210304,1152,1024,1421,1303,val
20210304_lidar_tile_1152_1152.npy,20210304,1152,1152,1421,1431,buffer
20210304_lidar_tile_1152_1280.npy,20210304,1152,1280,1421,1559,train
20210304_lidar_tile_1152_1408.npy,20210304,1152,1408,1421,1687,train
20210304_lidar_tile_1152_1536.npy,20210304,1152,1536,1421,1815,train
20210304_lidar_tile_1152_1664.npy,20210304,1152,1664,1421,1943,train
20210304_lidar_tile_1152_1792.npy,20210304,1152,1792,1421,2071,train
20210304_lidar_tile_1152_1920.npy,20210304,1152,1920,1421,2199,train
20210304_lidar_tile_1280_768.npy,20210304,1280,768,1549,1047,val
20210304_lidar_tile_1280_896.npy,20210304,1280,896,1549,1175,val
20210304_lidar_tile_1280_1024.npy,20210304,1280,1024,1549,1303,val
20210304_lidar_tile_1280_1152.npy,20210304,1280,1152,1549,1431,buffer
20210304_lidar_tile_1280_1280.npy,20210304,1280,1280,1549,1559,train
20210304_lidar_tile_1280_1408.npy,20210304,1280,1408,1549,1687,train
20210304_lidar_tile_1280_1536.npy,20210304,1280,1536,1549,1815,train
20210304_lidar_tile_1280_1664.npy,20210304,1280,1664,1549,1943,train
20210304_lidar_tile_1280_1792.npy,20210304,1280,1792,1549,2071,train
20210304_lidar_tile_1280_1920.npy,20210304,1280,1920,1549,2199,train
20210304_lidar_tile_1408_768.npy,20210304,1408,768,1677,1047,val
20210304_lidar_tile_1408_896.npy,20210304,1408,896,1677,1175,val
20210304_lidar_tile_1408_1024.npy,20210304,1408,1024,1677,1303,val
20210304_lidar_tile_1408_1152.npy,20210304,1408,1152,1677,1431,buffer
20210304_lidar_tile_1408_1280.npy,20210304,1408,1280,1677,1559,train
20210304_lidar_tile_1408_1408.npy,20210304,1408,1408,1677,1687,train
20210304_lidar_tile_1408_1536.npy,20210304,1408,1536,1677,1815,train
20210304_lidar_tile_1408_1664.npy,20210304,1408,1664,1677,1943,train
20210304_lidar_tile_1408_1792.npy,20210304,1408,1792,1677,2071,train
20210304_lidar_tile_1408_1920.npy,20210304,1408,1920,1677,2199,train
20210304_lidar_tile_1536_896.npy,20210304,1536,896,1805,1175,val
20210304_lidar_tile_1536_1024.npy,20210304,1536,1024,1805,1303,val
20210304_lidar_tile_1536_1152.npy,20210304,1536,1152,1805,1431,buffer
20210304_lidar_tile_1536_1280.npy,20210304,1536,1280,1805,1559,train
20210304_lidar_tile_1536_1408.npy,20210304,1536,1408,1805,1687,train
20210304_lidar_tile_1536_1536.npy,20210304,1536,1536,1805,1815,train
20210304_lidar_tile_1536_1664.npy,20210304,1536,1664,1805,1943,train
20210304_lidar_tile_1536_1792.npy,20210304,1536,1792,1805,2071,train
20210304_lidar_tile_1536_1920.npy,20210304,1536,1920,1805,2199,train
20210304_lidar_tile_1664_896.npy,20210304,1664,896,1933,1175,val
20210304_lidar_tile_1664_1024.npy,20210304,1664,1024,1933,1303,val
20210304_lidar_tile_1664_1152.npy,20210304,1664,1152,1933,1431,buffer
20210304_lidar_tile_1664_1280.npy,20210304,1664,1280,1933,1559,train
20210304_lidar_tile_1664_1408.npy,20210304,1664,1408,1933,1687,train
20210304_lidar_tile_1664_1536.npy,20210304,1664,1536,1933,1815,train
20210304_lidar_tile_1664_1664.npy,20210304,1664,1664,1933,1943,train
20210304_lidar_tile_1664_1792.npy,20210304,1664,1792,1933,2071,train
20210304_lidar_tile_1664_1920.npy,20210304,1664,1920,1933,2199,train
20210304_lidar_tile_1792_896.npy,20210304,1792,896,2061,1175,val
20210304_lidar_tile_1792_1024.npy,20210304,1792,1024,2061,1303,val
20210304_lidar_tile_1792_1152.npy,20210304,1792,1152,2061,1431,buffer
20210304_lidar_tile_1792_1280.npy,20210304,1792,1280,2061,1559,train
20210304_lidar_tile_1792_1408.npy,20210304,1792,1408,2061,1687,train
20210304_lidar_tile_1792_1536.npy,20210304,1792,1536,2061,1815,train
20210304_lidar_tile_1792_1664.npy,20210304,1792,1664,2061,1943,train
20210304_lidar_tile_1792_1792.npy,20210304,1792,1792,2061,2071,train
20210304_lidar_tile_1792_1920.npy,20210304,1792,1920,2061,2199,train
20210304_lidar_tile_1920_896.npy,20210304,1920,896,2189,1175,val
20210304_lidar_tile_1920_1024.npy,20210304,1920,1024,2189,1303,val
20210304_lidar_tile_1920_1152.npy,20210304,1920,1152,2189,1431,buffer
20210304_lidar_tile_1920_1280.npy,20210304,1920,1280,2189,1559,train
20210304_lidar_tile_1920_1408.npy,20210304,1920,1408,2189,1687,train
20210304_lidar_tile_1920_1536.npy,20210304,1920,1536,2189,1815,train
20210304_lidar_tile_1920_1664.npy,20210304,1920,1664,2189,1943,train
20210304_lidar_tile_1920_1792.npy,20210304,1920,1792,2189,2071,train
20210304_lidar_tile_1920_1920.npy,20210304,1920,1920,2189,2199,train
20210304_lidar_tile_2048_896.npy,20210304,2048,896,2317,1175,val
20210304_lidar_tile_2048_1024.npy,20210304,2048,1024,2317,1303,val
20210304_lidar_tile_2048_1152.npy,20210304,2048,1152,2317,1431,buffer
20210304_lidar_tile_2048_1280.npy,20210304,2048,1280,2317,1559,train
20210304_lidar_tile_2048_1408.npy,20210304,2048,1408,2317,1687,train
20210304_lidar_tile_2048_1536.npy,20210304,2048,1536,2317,1815,train
20210304_lidar_tile_2048_1664.npy,20210304,2048,1664,2317,1943,train
20210304_lidar_tile_2048_1792.npy,20210304,2048,1792,2317,2071,train
20210304_lidar_tile_2048_1920.npy,20210304,2048,1920,2317,2199,train
20210304_lidar_tile_2176_1024.npy,20210304,2176,1024,2445,1303,val
20210304_lidar_tile_2176_1152.npy,20210304,2176,1152,2445,1431,buffer
20210304_lidar_tile_2176_1280.npy,20210304,2176,1280,2445,1559,train
20210304_lidar_tile_2176_1408.npy,20210304,2176,1408,2445,1687,train
20210304_lidar_tile_2176_1536.npy,20210304,2176,1536,2445,1815,train
20210304_lidar_tile_2176_1664.npy,20210304,2176,1664,2445,1943,train
20210304_lidar_tile_2176_1792.npy,20210304,2176,1792,2445,2071,train
20210323_lidar_tile_0_128.npy,20210323,0,128,269,409,test
20210323_lidar_tile_0_256.npy,20210323,0,256,269,537,test
20210323_lidar_tile_0_384.npy,20210323,0,384,269,665,test
20210323_lidar_tile_0_512.npy,20210323,0,512,269,793,test
20210323_lidar_tile_0_640.npy,20210323,0,640,269,921,buffer
20210323_lidar_tile_0_768.npy,20210323,0,768,269,1049,val
20210323_lidar_tile_128_128.npy,20210323,128,128,397,409,test
20210323_lidar_tile_128_256.npy,20210323,128,256,397,537,test
20210323_lidar_tile_128_384.npy,20210323,128,384,397,665,test
20210323_lidar_tile_128_512.npy,20210323,128,512,397,793,test
20210323_lidar_tile_128_640.npy,20210323,128,640,397,921,buffer
20210323_lidar_tile_128_768.npy,20210323,128,768,397,1049,val
20210323_lidar_tile_128_896.npy,20210323,128,896,397,1177,val
20210323_lidar_tile_256_0.npy,20210323,256,0,525,281,test
20210323_lidar_tile_256_128.npy,20210323,256,128,525,409,test
20210323_lidar_tile_256_256.npy,20210323,256,256,525,537,test
20210323_lidar_tile_256_384.npy,20210323,256,384,525,665,test
20210323_lidar_tile_256_512.npy,20210323,256,512,525,793,test
20210323_lidar_tile_256_640.npy,20210323,256,640,525,921,buffer
20210323_lidar_tile_256_768.npy,20210323,256,768,525,1049,val
20210323_lidar_tile_256_896.npy,20210323,256,896,525,1177,val
20210323_lidar_tile_256_1024.npy,20210323,256,1024,525,1305,val
20210323_lidar_tile_256_1152.npy,20210323,256,1152,525,1433,buffer
20210323_lidar_tile_256_1280.npy,20210323,256,1280,525,1561,train
20210323_lidar_tile_256_1408.npy,20210323,256,1408,525,1689,train
20210323_lidar_tile_384_0.npy,20210323,384,0,653,281,test
20210323_lidar_tile_384_128.npy,20210323,384,128,653,409,test
20210323_lidar_tile_384_256.npy,20210323,384,256,653,537,test
20210323_lidar_tile_384_384.npy,20210323,384,384,653,665,test
20210323_lidar_tile_384_512.npy,20210323,384,512,653,793,test
20210323_lidar_tile_384_640.npy,20210323,384,640,653,921,buffer
20210323_lidar_tile_384_768.npy,20210323,384,768,653,1049,val
20210323_lidar_tile_384_896.npy,20210323,384,896,653,1177,val
20210323_lidar_tile_384_1024.npy,20210323,384,1024,653,1305,val
20210323_lidar_tile_384_1152.npy,20210323,384,1152,653,1433,buffer
20210323_lidar_tile_384_1280.npy,20210323,384,1280,653,1561,train
20210323_lidar_tile_384_1408.npy,20210323,384,1408,653,1689,train
20210323_lidar_tile_384_1536.npy,20210323,384,1536,653,1817,train
20210323_lidar_tile_512_0.npy,20210323,512,0,781,281,test
20210323_lidar_tile_512_128.npy,20210323,512,128,781,409,test
20210323_lidar_tile_512_256.npy,20210323,512,256,781,537,test
20210323_lidar_tile_512_384.npy,20210323,512,384,781,665,test
20210323_lidar_tile_512_512.npy,20210323,512,512,781,793,test
20210323_lidar_tile_512_640.npy,20210323,512,640,781,921,buffer
20210323_lidar_tile_512_768.npy,20210323,512,768,781,1049,val
20210323_lidar_tile_512_896.npy,20210323,512,896,781,1177,val
20210323_lidar_tile_512_1024.npy,20210323,512,1024,781,1305,val
20210323_lidar_tile_512_1152.npy,20210323,512,1152,781,1433,buffer
20210323_lidar_tile_512_1280.npy,20210323,512,1280,781,1561,train
20210323_lidar_tile_512_1408.npy,20210323,512,1408,781,1689,train
20210323_lidar_tile_512_1536.npy,20210323,512,1536,781,1817,train
20210323_lidar_tile_640_0.npy,20210323,640,0,909,281,test
20210323_lidar_tile_640_128.npy,20210323,640,128,909,409,test
20210323_lidar_tile_640_256.npy,20210323,640,256,909,537,test
20210323_lidar_tile_640_384.npy,20210323,640,384,909,665,test
20210323_lidar_tile_640_512.npy,20210323,640,512,909,793,test
20210323_lidar_tile_640_640.npy,20210323,640,640,909,921,buffer
20210323_lidar_tile_640_768.npy,20210323,640,768,909,1049,val
20210323_lidar_tile_640_896.npy,20210323,640,896,909,1177,val
20210323_lidar_tile_640_1024.npy,20210323,640,1024,909,1305,val
20210323_lidar_tile_640_1152.npy,20210323,640,1152,909,1433,buffer
20210323_lidar_tile_640_1280.npy,20210323,640,1280,909,1561,train
20210323_lidar_tile_640_1408.npy,20210323,640,1408,909,1689,train
20210323_lidar_tile_640_1536.npy,20210323,640,1536,909,1817,train
20210323_lidar_tile_768_0.npy,20210323,768,0,1037,281,test
20210323_lidar_tile_768_128.npy,20210323,768,128,1037,409,test
20210323_lidar_tile_768_256.npy,20210323,768,256,1037,537,test
20210323_lidar_tile_768_384.npy,20210323,768,384,1037,665,test
20210323_lidar_tile_768_512.npy,20210323,768,512,1037,793,test
20210323_lidar_tile_768_640.npy,20210323,768,640,1037,921,buffer
20210323_lidar_tile_768_768.npy,20210323,768,768,1037,1049,val
20210323_lidar_tile_768_896.npy,20210323,768,896,1037,1177,val
20210323_lidar_tile_768_1024.npy,20210323,768,1024,1037,1305,val
20210323_lidar_tile_768_1152.npy,20210323,768,1152,1037,1433,buffer
20210323_lidar_tile_768_1280.npy,20210323,768,1280,1037,1561,train
20210323_lidar_tile_768_1408.npy,20210323,768,1408,1037,1689,train
20210323_lidar_tile_768_1536.npy,20210323,768,1536,1037,1817,train
20210323_lidar_tile_768_1664.npy,20210323,768,1664,1037,1945,train
20210323_lidar_tile_768_1792.npy,20210323,768,1792,1037,2073,train
20210323_lidar_tile_896_0.npy,20210323,896,0,1165,281,test
20210323_lidar_tile_896_128.npy,20210323,896,128,1165,409,test
20210323_lidar_tile_896_256.npy,20210323,896,256,1165,537,test
20210323_lidar_tile_896_384.npy,20210323,896,384,1165,665,test
20210323_lidar_tile_896_512.npy,20210323,896,512,1165,793,test
20210323_lidar_tile_896_640.npy,20210323,896,640,1165,921,buffer
20210323_lidar_tile_896_768.npy,20210323,896,768,1165,1049,val
20210323_lidar_tile_896_896.npy,20210323,896,896,1165,1177,val
20210323_lidar_tile_896_1024.npy,20210323,896,1024,1165,1305,val
20210323_lidar_tile_896_1152.npy,20210323,896,1152,1165,1433,buffer
20210323_lidar_tile_896_1280.npy,20210323,896,1280,1165,1561,train
20210323_lidar_tile_896_1408.npy,20210323,896,1408,1165,1689,train
20210323_lidar_tile_896_1536.npy,20210323,896,1536,1165,1817,train
20210323_lidar_tile_896_1664.npy,20210323,896,1664,1165,1945,train
20210323_lidar_tile_896_1792.npy,20210323,896,1792,1165,2073,train
20210323_lidar_tile_1024_128.npy,20210323,1024,128,1293,409,test
20210323_lidar_tile_1024_256.npy,20210323,1024,256,1293,537,test
20210323_lidar_tile_1024_384.npy,20210323,1024,384,1293,665,test
20210323_lidar_tile_1024_512.npy,20210323,1024,512,1293,793,test
20210323_lidar_tile_1024_640.npy,20210323,1024,640,1293,921,buffer
20210323_lidar_tile_1024_768.npy,20210323,1024,768,1293,1049,val
20210323_lidar_tile_1024_896.npy,20210323,1024,896,1293,1177,val
20210323_lidar_tile_1024_1024.npy,20210323,1024,1024,1293,1305,val
20210323_lidar_tile_1024_1152.npy,20210323,1024,1152,1293,1433,buffer
20210323_lidar_tile_1024_1280.npy,20210323,1024,1280,1293,1561,train
20210323_lidar_tile_1024_1408.npy,20210323,1024,1408,1293,1689,train
20210323_lidar_tile_1024_1536.npy,20210323,1024,1536,1293,1817,train
20210323_lidar_tile_1024_1664.npy,20210323,1024,1664,1293,1945,train
20210323_lidar_tile_1024_1792.npy,20210323,1024,1792,1293,2073,train
20210323_lidar_tile_1024_1920.npy,20210323,1024,1920,1293,2201,train
20210323_lidar_tile_1152_512.npy,20210323,1152,512,1421,793,test
20210323_lidar_tile_1152_640.npy,20210323,1152,640,1421,921,buffer
20210323_lidar_tile_1152_768.npy,20210323,1152,768,1421,1049,val
20210323_lidar_tile_1152_896.npy,20210323,1152,896,1421,1177,val
20210323_lidar_tile_1152_1024.npy,20210323,1152,1024,1421,1305,val
20210323_lidar_tile_1152_1152.npy,20210323,1152,1152,1421,1433,buffer
20210323_lidar_tile_1152_1280.npy,20210323,1152,1280,1421,1561,train
20210323_lidar_tile_1152_1408.npy,20210323,1152,1408,1421,1689,train
20210323_lidar_tile_1152_1536.npy,20210323,1152,1536,1421,1817,train
20210323_lidar_tile_1152_1664.npy,20210323,1152,1664,1421,1945,train
20210323_lidar_tile_1152_1792.npy,20210323,1152,1792,1421,2073,train
20210323_lidar_tile_1152_1920.npy,20210323,1152,1920,1421,2201,train
20210323_lidar_tile_1280_768.npy,20210323,1280,768,1549,1049,val
20210323_lidar_tile_1280_896.npy,20210323,1280,896,1549,1177,val
20210323_lidar_tile_1280_1024.npy,20210323,1280,1024,1549,1305,val
20210323_lidar_tile_1280_1152.npy,20210323,1280,1152,1549,1433,buffer
20210323_lidar_tile_1280_1280.npy,20210323,1280,1280,1549,1561,train
20210323_lidar_tile_1280_1408.npy,20210323,1280,1408,1549,1689,train
20210323_lidar_tile_1280_1536.npy,20210323,1280,1536,1549,1817,train
20210323_lidar_tile_1280_1664.npy,20210323,1280,1664,1549,1945,train
20210323_lidar_tile_1280_1792.npy,20210323,1280,1792,1549,2073,train
20210323_lidar_tile_1280_1920.npy,20210323,1280,1920,1549,2201,train
20210323_lidar_tile_1408_768.npy,20210323,1408,768,1677,1049,val
20210323_lidar_tile_1408_896.npy,20210323,1408,896,1677,1177,val
20210323_lidar_tile_1408_1024.npy,20210323,1408,1024,1677,1305,val
20210323_lidar_tile_1408_1152.npy,20210323,1408,1152,1677,1433,buffer
20210323_lidar_tile_1408_1280.npy,20210323,1408,1280,1677,1561,train
20210323_lidar_tile_1408_1408.npy,20210323,1408,1408,1677,1689,train
20210323_lidar_tile_1408_1536.npy,20210323,1408,1536,1677,1817,train
20210323_lidar_tile_1408_1664.npy,20210323,1408,1664,1677,1945,train
20210323_lidar_tile_1408_1792.npy,20210323,1408,1792,1677,2073,train
20210323_lidar_tile_1408_1920.npy,20210323,1408,1920,1677,2201,train
20210323_lidar_tile_1536_768.npy,20210323,1536,768,1805,1049,val
20210323_lidar_tile_1536_896.npy,20210323,1536,896,1805,1177,val
20210323_lidar_tile_1536_1024.npy,20210323,1536,1024,1805,1305,val
20210323_lidar_tile_1536_1152.npy,20210323,1536,1152,1805,1433,buffer
20210323_lidar_tile_1536_1280.npy,20210323,1536,1280,1805,1561,train
20210323_lidar_tile_1536_1408.npy,20210323,1536,1408,1805,1689,train
20210323_lidar_tile_1536_1536.npy,20210323,1536,1536,1805,1817,train
20210323_lidar_tile_1536_1664.npy,20210323,1536,1664,1805,1945,train
20210323_lidar_tile_1536_1792.npy,20210323,1536,1792,1805,2073,train
20210323_lidar_tile_1536_1920.npy,20210323,1536,1920,1805,2201,train
20210323_lidar_tile_1664_896.npy,20210323,1664,896,1933,1177,val
20210323_lidar_tile_1664_1024.npy,20210323,1664,1024,1933,1305,val
20210323_lidar_tile_1664_1152.npy,20210323,1664,1152,1933,1433,buffer
20210323_lidar_tile_1664_1280.npy,20210323,1664,1280,1933,1561,train
20210323_lidar_tile_1664_1408.npy,20210323,1664,1408,1933,1689,train
20210323_lidar_tile_1664_1536.npy,20210323,1664,1536,1933,1817,train
20210323_lidar_tile_1664_1664.npy,20210323,1664,1664,1933,1945,train
20210323_lidar_tile_1664_1792.npy,20210323,1664,1792,1933,2073,train
20210323_lidar_tile_1664_1920.npy,20210323,1664,1920,1933,2201,train
20210323_lidar_tile_1792_896.npy,20210323,1792,896,2061,1177,val
20210323_lidar_tile_1792_1024.npy,20210323,1792,1024,2061,1305,val
20210323_lidar_tile_1792_1152.npy,20210323,1792,1152,2061,1433,buffer
20210323_lidar_tile_1792_1280.npy,20210323,1792,1280,2061,1561,train
20210323_lidar_tile_1792_1408.npy,20210323,1792,1408,2061,1689,train
20210323_lidar_tile_1792_1536.npy,20210323,1792,1536,2061,1817,train
20210323_lidar_tile_1792_1664.npy,20210323,1792,1664,2061,1945,train
20210323_lidar_tile_1792_1792.npy,20210323,1792,1792,2061,2073,train
20210323_lidar_tile_1792_1920.npy,20210323,1792,1920,2061,2201,train
20210323_lidar_tile_1920_896.npy,20210323,1920,896,2189,1177,val
20210323_lidar_tile_1920_1024.npy,20210323,1920,1024,2189,1305,val
20210323_lidar_tile_1920_1152.npy,20210323,1920,1152,2189,1433,buffer
20210323_lidar_tile_1920_1280.npy,20210323,1920,1280,2189,1561,train
20210323_lidar_tile_1920_1408.npy,20210323,1920,1408,2189,1689,train
20210323_lidar_tile_1920_1536.npy,20210323,1920,1536,2189,1817,train
20210323_lidar_tile_1920_1664.npy,20210323,1920,1664,2189,1945,train
20210323_lidar_tile_1920_1792.npy,20210323,1920,1792,2189,2073,train
20210323_lidar_tile_1920_1920.npy,20210323,1920,1920,2189,2201,train
20210323_lidar_tile_2048_896.npy,20210323,2048,896,2317,1177,val
20210323_lidar_tile_2048_1024.npy,20210323,2048,1024,2317,1305,val
20210323_lidar_tile_2048_1152.npy,20210323,2048,1152,2317,1433,buffer
20210323_lidar_tile_2048_1280.npy,20210323,2048,1280,2317,1561,train
20210323_lidar_tile_2048_1408.npy,20210323,2048,1408,2317,1689,train
20210323_lidar_tile_2048_1536.npy,20210323,2048,1536,2317,1817,train
20210323_lidar_tile_2048_1664.npy,20210323,2048,1664,2317,1945,train
20210323_lidar_tile_2048_1792.npy,20210323,2048,1792,2317,2073,train
20210323_lidar_tile_2048_1920.npy,20210323,2048,1920,2317,2201,train
20210323_lidar_tile_2176_1024.npy,20210323,2176,1024,2445,1305,val
20210323_lidar_tile_2176_1152.npy,20210323,2176,1152,2445,1433,buffer
20210323_lidar_tile_2176_1280.npy,20210323,2176,1280,2445,1561,train
20210323_lidar_tile_2176_1408.npy,20210323,2176,1408,2445,1689,train
20210323_lidar_tile_2176_1536.npy,20210323,2176,1536,2445,1817,train
20210323_lidar_tile_2176_1664.npy,20210323,2176,1664,2445,1945,train
20210323_lidar_tile_2176_1792.npy,20210323,2176,1792,2445,2073,train
20210414_lidar_tile_0_128.npy,20210414,0,128,269,407,test
20210414_lidar_tile_0_256.npy,20210414,0,256,269,535,test
20210414_lidar_tile_0_384.npy,20210414,0,384,269,663,test
20210414_lidar_tile_0_512.npy,20210414,0,512,269,791,test
20210414_lidar_tile_0_640.npy,20210414,0,640,269,919,buffer
20210414_lidar_tile_0_768.npy,20210414,0,768,269,1047,val
20210414_lidar_tile_128_128.npy,20210414,128,128,397,407,test
20210414_lidar_tile_128_256.npy,20210414,128,256,397,535,test
20210414_lidar_tile_128_384.npy,20210414,128,384,397,663,test
20210414_lidar_tile_128_512.npy,20210414,128,512,397,791,test
20210414_lidar_tile_128_640.npy,20210414,128,640,397,919,buffer
20210414_lidar_tile_128_768.npy,20210414,128,768,397,1047,val
20210414_lidar_tile_128_896.npy,20210414,128,896,397,1175,val
20210414_lidar_tile_256_0.npy,20210414,256,0,525,279,test
20210414_lidar_tile_256_128.npy,20210414,256,128,525,407,test
20210414_lidar_tile_256_256.npy,20210414,256,256,525,535,test
20210414_lidar_tile_256_384.npy,20210414,256,384,525,663,test
20210414_lidar_tile_256_512.npy,20210414,256,512,525,791,test
20210414_lidar_tile_256_640.npy,20210414,256,640,525,919,buffer
20210414_lidar_tile_256_768.npy,20210414,256,768,525,1047,val
20210414_lidar_tile_256_896.npy,20210414,256,896,525,1175,val
20210414_lidar_tile_256_1024.npy,20210414,256,1024,525,1303,val
20210414_lidar_tile_256_1152.npy,20210414,256,1152,525,1431,buffer
20210414_lidar_tile_256_1280.npy,20210414,256,1280,525,1559,train
20210414_lidar_tile_256_1408.npy,20210414,256,1408,525,1687,train
20210414_lidar_tile_256_1536.npy,20210414,256,1536,525,1815,train
20210414_lidar_tile_384_0.npy,20210414,384,0,653,279,test
20210414_lidar_tile_384_128.npy,20210414,384,128,653,407,test
20210414_lidar_tile_384_256.npy,20210414,384,256,653,535,test
20210414_lidar_tile_384_384.npy,20210414,384,384,653,663,test
20210414_lidar_tile_384_512.npy,20210414,384,512,653,791,test
20210414_lidar_tile_384_640.npy,20210414,384,640,653,919,buffer
20210414_lidar_tile_384_768.npy,20210414,384,768,653,1047,val
20210414_lidar_tile_384_896.npy,20210414,384,896,653,1175,val
20210414_lidar_tile_384_1024.npy,20210414,384,1024,653,1303,val
20210414_lidar_tile_384_1152.npy,20210414,384,1152,653,1431,buffer
20210414_lidar_tile_384_1280.npy,20210414,384,1280,653,1559,train
20210414_lidar_tile_384_1408.npy,20210414,384,1408,653,1687,train
20210414_lidar_tile_384_1536.npy,20210414,384,1536,653,1815,train
20210414_lidar_tile_512_0.npy,20210414,512,0,781,279,test
20210414_lidar_tile_512_128.npy,20210414,512,128,781,407,test
20210414_lidar_tile_512_256.npy,20210414,512,256,781,535,test
20210414_lidar_tile_512_384.npy,20210414,512,384,781,663,test
20210414_lidar_tile_512_512.npy,20210414,512,512,781,791,test
20210414_lidar_tile_512_640.npy,20210414,512,640,781,919,buffer
20210414_lidar_tile_512_768.npy,20210414,512,768,781,1047,val
20210414_lidar_tile_512_896.npy,20210414,512,896,781,1175,val
20210414_lidar_tile_512_1024.npy,20210414,512,1024,781,1303,val
20210414_lidar_tile_512_1152.npy,20210414,512,1152,781,1431,buffer
20210414_lidar_tile_512_1280.npy,20210414,512,1280,781,1559,train
20210414_lidar_tile_512_1408.npy,20210414,512,1408,781,1687,train
20210414_lidar_tile_512_1536.npy,20210414,512,1536,781,1815,train
20210414_lidar_tile_640_0.npy,20210414,640,0,909,279,test
20210414_lidar_tile_640_128.npy,20210414,640,128,909,407,test
20210414_lidar_tile_640_256.npy,20210414,640,256,909,535,test
20210414_lidar_tile_640_384.npy,20210414,640,384,909,663,test
20210414_lidar_tile_640_512.npy,20210414,640,512,909,791,test
20210414_lidar_tile_640_640.npy,20210414,640,640,909,919,buffer
20210414_lidar_tile_640_768.npy,20210414,640,768,909,1047,val
20210414_lidar_tile_640_896.npy,20210414,640,896,909,1175,val
20210414_lidar_tile_640_1024.npy,20210414,640,1024,909,1303,val
20210414_lidar_tile_640_1152.npy,20210414,640,1152,909,1431,buffer
20210414_lidar_tile_640_1280.npy,20210414,640,1280,909,1559,train
20210414_lidar_tile_640_1408.npy,20210414,640,1408,909,1687,train
20210414_lidar_tile_640_1536.npy,20210414,640,1536,909,1815,train
20210414_lidar_tile_768_0.npy,20210414,768,0,1037,279,test
20210414_lidar_tile_768_128.npy,20210414,768,128,1037,407,test
20210414_lidar_tile_768_256.npy,20210414,768,256,1037,535,test
20210414_lidar_tile_768_384.npy,20210414,768,384,1037,663,test
20210414_lidar_tile_768_512.npy,20210414,768,512,1037,791,test
20210414_lidar_tile_768_640.npy,20210414,768,640,1037,919,buffer
20210414_lidar_tile_768_768.npy,20210414,768,768,1037,1047,val
20210414_lidar_tile_768_896.npy,20210414,768,896,1037,1175,val
20210414_lidar_tile_768_1024.npy,20210414,768,1024,1037,1303,val
20210414_lidar_tile_768_1152.npy,20210414,768,1152,1037,1431,buffer
20210414_lidar_tile_768_1280.npy,20210414,768,1280,1037,1559,train
20210414_lidar_tile_768_1408.npy,20210414,768,1408,1037,1687,train
20210414_lidar_tile_768_1536.npy,20210414,768,1536,1037,1815,train
20210414_lidar_tile_768_1664.npy,20210414,768,1664,1037,1943,train
20210414_lidar_tile_768_1792.npy,20210414,768,1792,1037,2071,train
20210414_lidar_tile_896_0.npy,20210414,896,0,1165,279,test
20210414_lidar_tile_896_128.npy,20210414,896,128,1165,407,test
20210414_lidar_tile_896_256.npy,20210414,896,256,1165,535,test
20210414_lidar_tile_896_384.npy,20210414,896,384,1165,663,test
20210414_lidar_tile_896_512.npy,20210414,896,512,1165,791,test
20210414_lidar_tile_896_640.npy,20210414,896,640,1165,919,buffer
20210414_lidar_tile_896_768.npy,20210414,896,768,1165,1047,val
20210414_lidar_tile_896_896.npy,20210414,896,896,1165,1175,val
20210414_lidar_tile_896_1024.npy,20210414,896,1024,1165,1303,val
20210414_lidar_tile_896_1152.npy,20210414,896,1152,1165,1431,buffer
20210414_lidar_tile_896_1280.npy,20210414,896,1280,1165,1559,train
20210414_lidar_tile_896_1408.npy,20210414,896,1408,1165,1687,train
20210414_lidar_tile_896_1536.npy,20210414,896,1536,1165,1815,train
20210414_lidar_tile_896_1664.npy,20210414,896,1664,1165,1943,train
20210414_lidar_tile_896_1792.npy,20210414,896,1792,1165,2071,train
20210414_lidar_tile_1024_128.npy,20210414,1024,128,1293,407,test
20210414_lidar_tile_1024_256.npy,20210414,1024,256,1293,535,test
20210414_lidar_tile_1024_384.npy,20210414,1024,384,1293,663,test
20210414_lidar_tile_1024_512.npy,20210414,1024,512,1293,791,test
20210414_lidar_tile_1024_640.npy,20210414,1024,640,1293,919,buffer
20210414_lidar_tile_1024_768.npy,20210414,1024,768,1293,1047,val
20210414_lidar_tile_1024_896.npy,20210414,1024,896,1293,1175,val
20210414_lidar_tile_1024_1024.npy,20210414,1024,1024,1293,1303,val
20210414_lidar_tile_1024_1152.npy,20210414,1024,1152,1293,1431,buffer
20210414_lidar_tile_1024_1280.npy,20210414,1024,1280,1293,1559,train
20210414_lidar_tile_1024_1408.npy,20210414,1024,1408,1293,1687,train
20210414_lidar_tile_1024_1536.npy,20210414,1024,1536,1293,1815,train
20210414_lidar_tile_1024_1664.npy,20210414,1024,1664,1293,1943,train
20210414_lidar_tile_1024_1792.npy,20210414,1024,1792,1293,2071,train
20210414_lidar_tile_1024_1920.npy,20210414,1024,1920,1293,2199,train
20210414_lidar_tile_1152_512.npy,20210414,1152,512,1421,791,test
20210414_lidar_tile_1152_640.npy,20210414,1152,640,1421,919,buffer
20210414_lidar_tile_1152_768.npy,20210414,1152,768,1421,1047,val
20210414_lidar_tile_1152_896.npy,20210414,1152,896,1421,1175,val
20210414_lidar_tile_1152_1024.npy,20210414,1152,1024,1421,1303,val
20210414_lidar_tile_1152_1152.npy,20210414,1152,1152,1421,1431,buffer
20210414_lidar_tile_1152_1280.npy,20210414,1152,1280,1421,1559,train
20210414_lidar_tile_1152_1408.npy,20210414,1152,1408,1421,1687,train
20210414_lidar_tile_1152_1536.npy,20210414,1152,1536,1421,1815,train
20210414_lidar_tile_1152_1664.npy,20210414,1152,1664,1421,1943,train
20210414_lidar_tile_1152_1792.npy,20210414,1152,1792,1421,2071,train
20210414_lidar_tile_1152_1920.npy,20210414,1152,1920,1421,2199,train
20210414_lidar_tile_1280_768.npy,20210414,1280,768,1549,1047,val
20210414_lidar_tile_1280_896.npy,20210414,1280,896,1549,1175,val
20210414_lidar_tile_1280_1024.npy,20210414,1280,1024,1549,1303,val
20210414_lidar_tile_1280_1152.npy,20210414,1280,1152,1549,1431,buffer
20210414_lidar_tile_1280_1280.npy,20210414,1280,1280,1549,1559,train
20210414_lidar_tile_1280_1408.npy,20210414,1280,1408,1549,1687,train
20210414_lidar_tile_1280_1536.npy,20210414,1280,1536,1549,1815,train
20210414_lidar_tile_1280_1664.npy,20210414,1280,1664,1549,1943,train
20210414_lidar_tile_1280_1792.npy,20210414,1280,1792,1549,2071,train
20210414_lidar_tile_1280_1920.npy,20210414,1280,1920,1549,2199,train
20210414_lidar_tile_1408_768.npy,20210414,1408,768,1677,1047,val
20210414_lidar_tile_1408_896.npy,20210414,1408,896,1677,1175,val
20210414_lidar_tile_1408_1024.npy,20210414,1408,1024,1677,1303,val
20210414_lidar_tile_1408_1152.npy,20210414,1408,1152,1677,1431,buffer
20210414_lidar_tile_1408_1280.npy,20210414,1408,1280,1677,1559,train
20210414_lidar_tile_1408_1408.npy,20210414,1408,1408,1677,1687,train
20210414_lidar_tile_1408_1536.npy,20210414,1408,1536,1677,1815,train
20210414_lidar_tile_1408_1664.npy,20210414,1408,1664,1677,1943,train
20210414_lidar_tile_1408_1792.npy,20210414,1408,1792,1677,2071,train
20210414_lidar_tile_1408_1920.npy,20210414,1408,1920,1677,2199,train
20210414_lidar_tile_1536_768.npy,20210414,1536,768,1805,1047,val
20210414_lidar_tile_1536_896.npy,20210414,1536,896,1805,1175,val
20210414_lidar_tile_1536_1024.npy,20210414,1536,1024,1805,1303,val
20210414_lidar_tile_1536_1152.npy,20210414,1536,1152,1805,1431,buffer
20210414_lidar_tile_1536_1280.npy,20210414,1536,1280,1805,1559,train
20210414_lidar_tile_1536_1408.npy,20210414,1536,1408,1805,1687,train
20210414_lidar_tile_1536_1536.npy,20210414,1536,1536,1805,1815,train
20210414_lidar_tile_1536_1664.npy,20210414,1536,1664,1805,1943,train
20210414_lidar_tile_1536_1792.npy,20210414,1536,1792,1805,2071,train
20210414_lidar_tile_1536_1920.npy,20210414,1536,1920,1805,2199,train
20210414_lidar_tile_1664_896.npy,20210414,1664,896,1933,1175,val
20210414_lidar_tile_1664_1024.npy,20210414,1664,1024,1933,1303,val
20210414_lidar_tile_1664_1152.npy,20210414,1664,1152,1933,1431,buffer
20210414_lidar_tile_1664_1280.npy,20210414,1664,1280,1933,1559,train
20210414_lidar_tile_1664_1408.npy,20210414,1664,1408,1933,1687,train
20210414_lidar_tile_1664_1536.npy,20210414,1664,1536,1933,1815,train
20210414_lidar_tile_1664_1664.npy,20210414,1664,1664,1933,1943,train
20210414_lidar_tile_1664_1792.npy,20210414,1664,1792,1933,2071,train
20210414_lidar_tile_1664_1920.npy,20210414,1664,1920,1933,2199,train
20210414_lidar_tile_1792_896.npy,20210414,1792,896,2061,1175,val
20210414_lidar_tile_1792_1024.npy,20210414,1792,1024,2061,1303,val
20210414_lidar_tile_1792_1152.npy,20210414,1792,1152,2061,1431,buffer
20210414_lidar_tile_1792_1280.npy,20210414,1792,1280,2061,1559,train
20210414_lidar_tile_1792_1408.npy,20210414,1792,1408,2061,1687,train
20210414_lidar_tile_1792_1536.npy,20210414,1792,1536,2061,1815,train
20210414_lidar_tile_1792_1664.npy,20210414,1792,1664,2061,1943,train
20210414_lidar_tile_1792_1792.npy,20210414,1792,1792,2061,2071,train
20210414_lidar_tile_1792_1920.npy,20210414,1792,1920,2061,2199,train
20210414_lidar_tile_1920_896.npy,20210414,1920,896,2189,1175,val
20210414_lidar_tile_1920_1024.npy,20210414,1920,1024,2189,1303,val
20210414_lidar_tile_1920_1152.npy,20210414,1920,1152,2189,1431,buffer
20210414_lidar_tile_1920_1280.npy,20210414,1920,1280,2189,1559,train
20210414_lidar_tile_1920_1408.npy,20210414,1920,1408,2189,1687,train
20210414_lidar_tile_1920_1536.npy,20210414,1920,1536,2189,1815,train
20210414_lidar_tile_1920_1664.npy,20210414,1920,1664,2189,1943,train
20210414_lidar_tile_1920_1792.npy,20210414,1920,1792,2189,2071,train
20210414_lidar_tile_1920_1920.npy,20210414,1920,1920,2189,2199,train
20210414_lidar_tile_2048_896.npy,20210414,2048,896,2317,1175,val
20210414_lidar_tile_2048_1024.npy,20210414,2048,1024,2317,1303,val
20210414_lidar_tile_2048_1152.npy,20210414,2048,1152,2317,1431,buffer
20210414_lidar_tile_2048_1280.npy,20210414,2048,1280,2317,1559,train
20210414_lidar_tile_2048_1408.npy,20210414,2048,1408,2317,1687,train
20210414_lidar_tile_2048_1536.npy,20210414,2048,1536,2317,1815,train
20210414_lidar_tile_2048_1664.npy,20210414,2048,1664,2317,1943,train
20210414_lidar_tile_2048_1792.npy,20210414,2048,1792,2317,2071,train
20210414_lidar_tile_2048_1920.npy,20210414,2048,1920,2317,2199,train
20210414_lidar_tile_2176_1024.npy,20210414,2176,1024,2445,1303,val
20210414_lidar_tile_2176_1152.npy,20210414,2176,1152,2445,1431,buffer
20210414_lidar_tile_2176_1280.npy,20210414,2176,1280,2445,1559,train
20210414_lidar_tile_2176_1408.npy,20210414,2176,1408,2445,1687,train
20210414_lidar_tile_2176_1536.npy,20210414,2176,1536,2445,1815,train
20210414_lidar_tile_2176_1664.npy,20210414,2176,1664,2445,1943,train
20210414_lidar_tile_2176_1792.npy,20210414,2176,1792,2445,2071,train
20210504_lidar_tile_128_256.npy,20210504,128,256,128,256,test
20210504_lidar_tile_128_384.npy,20210504,128,384,128,384,test
20210504_lidar_tile_128_512.npy,20210504,128,512,128,512,test
20210504_lidar_tile_128_640.npy,20210504,128,640,128,640,buffer
20210504_lidar_tile_128_768.npy,20210504,128,768,128,768,val
20210504_lidar_tile_128_896.npy,20210504,128,896,128,896,val
20210504_lidar_tile_256_256.npy,20210504,256,256,256,256,test
20210504_lidar_tile_256_384.npy,20210504,256,384,256,384,test
20210504_lidar_tile_256_512.npy,20210504,256,512,256,512,test
20210504_lidar_tile_256_640.npy,20210504,256,640,256,640,buffer
20210504_lidar_tile_256_768.npy,20210504,256,768,256,768,val
20210504_lidar_tile_256_896.npy,20210504,256,896,256,896,val
20210504_lidar_tile_256_1024.npy,20210504,256,1024,256,1024,val
20210504_lidar_tile_256_1152.npy,20210504,256,1152,256,1152,buffer
20210504_lidar_tile_384_128.npy,20210504,384,128,384,128,test
20210504_lidar_tile_384_256.npy,20210504,384,256,384,256,test
20210504_lidar_tile_384_384.npy,20210504,384,384,384,384,test
20210504_lidar_tile_384_512.npy,20210504,384,512,384,512,test
20210504_lidar_tile_384_640.npy,20210504,384,640,384,640,buffer
20210504_lidar_tile_384_768.npy,20210504,384,768,384,768,val
20210504_lidar_tile_384_896.npy,20210504,384,896,384,896,val
20210504_lidar_tile_384_1024.npy,20210504,384,1024,384,1024,val
20210504_lidar_tile_384_1152.npy,20210504,384,1152,384,1152,buffer
20210504_lidar_tile_384_2304.npy,20210504,384,2304,384,2304,train
20210504_lidar_tile_384_2432.npy,20210504,384,2432,384,2432,train
20210504_lidar_tile_512_128.npy,20210504,512,128,512,128,test
20210504_lidar_tile_512_256.npy,20210504,512,256,512,256,test
20210504_lidar_tile_512_384.npy,20210504,512,384,512,384,test
20210504_lidar_tile_512_512.npy,20210504,512,512,512,512,test
20210504_lidar_tile_512_640.npy,20210504,512,640,512,640,buffer
20210504_lidar_tile_512_768.npy,20210504,512,768,512,768,val
20210504_lidar_tile_512_896.npy,20210504,512,896,512,896,val
20210504_lidar_tile_512_1024.npy,20210504,512,1024,512,1024,val
20210504_lidar_tile_512_1152.npy,20210504,512,1152,512,1152,buffer
20210504_lidar_tile_512_1280.npy,20210504,512,1280,512,1280,train
20210504_lidar_tile_512_1408.npy,20210504,512,1408,512,1408,train
20210504_lidar_tile_512_1536.npy,20210504,512,1536,512,1536,train
20210504_lidar_tile_512_1664.npy,20210504,512,1664,512,1664,train
20210504_lidar_tile_512_1792.npy,20210504,512,1792,512,1792,train
20210504_lidar_tile_512_1920.npy,20210504,512,1920,512,1920,train
20210504_lidar_tile_512_2048.npy,20210504,512,2048,512,2048,train
20210504_lidar_tile_512_2176.npy,20210504,512,2176,512,2176,train
20210504_lidar_tile_512_2304.npy,20210504,512,2304,512,2304,train
20210504_lidar_tile_512_2432.npy,20210504,512,2432,512,2432,train
20210504_lidar_tile_640_128.npy,20210504,640,128,640,128,test
20210504_lidar_tile_640_256.npy,20210504,640,256,640,256,test
20210504_lidar_tile_640_384.npy,20210504,640,384,640,384,test
20210504_lidar_tile_640_512.npy,20210504,640,512,640,512,test
20210504_lidar_tile_640_640.npy,20210504,640,640,640,640,buffer
20210504_lidar_tile_640_768.npy,20210504,640,768,640,768,val
20210504_lidar_tile_640_896.npy,20210504,640,896,640,896,val
20210504_lidar_tile_640_1024.npy,20210504,640,1024,640,1024,val
20210504_lidar_tile_640_1152.npy,20210504,640,1152,640,1152,buffer
20210504_lidar_tile_640_1280.npy,20210504,640,1280,640,1280,train
20210504_lidar_tile_640_1408.npy,20210504,640,1408,640,1408,train
20210504_lidar_tile_640_1536.npy,20210504,640,1536,640,1536,train
20210504_lidar_tile_640_1664.npy,20210504,640,1664,640,1664,train
20210504_lidar_tile_640_1792.npy,20210504,640,1792,640,1792,train
20210504_lidar_tile_640_1920.npy,20210504,640,1920,640,1920,train
20210504_lidar_tile_640_2048.npy,20210504,640,2048,640,2048,train
20210504_lidar_tile_640_2176.npy,20210504,640,2176,640,2176,train
20210504_lidar_tile_640_2304.npy,20210504,640,2304,640,2304,train
20210504_lidar_tile_640_2432.npy,20210504,640,2432,640,2432,train
20210504_lidar_tile_768_128.npy,20210504,768,128,768,128,test
20210504_lidar_tile_768_256.npy,20210504,768,256,768,256,test
20210504_lidar_tile_768_384.npy,20210504,768,384,768,384,test
20210504_lidar_tile_768_512.npy,20210504,768,512,768,512,test
20210504_lidar_tile_768_640.npy,20210504,768,640,768,640,buffer
20210504_lidar_tile_768_768.npy,20210504,768,768,768,768,val
20210504_lidar_tile_768_896.npy,20210504,768,896,768,896,val
20210504_lidar_tile_768_1024.npy,20210504,768,1024,768,1024,val
20210504_lidar_tile_768_1152.npy,20210504,768,1152,768,1152,buffer
20210504_lidar_tile_768_1280.npy,20210504,768,1280,768,1280,train
20210504_lidar_tile_768_1408.npy,20210504,768,1408,768,1408,train
20210504_lidar_tile_768_1536.npy,20210504,768,1536,768,1536,train
20210504_lidar_tile_768_1664.npy,20210504,768,1664,768,1664,train
20210504_lidar_tile_768_1792.npy,20210504,768,1792,768,1792,train
20210504_lidar_tile_768_1920.npy,20210504,768,1920,768,1920,train
20210504_lidar_tile_768_2048.npy,20210504,768,2048,768,2048,train
20210504_lidar_tile_768_2176.npy,20210504,768,2176,768,2176,train
20210504_lidar_tile_768_2304.npy,20210504,768,2304,768,2304,train
20210504_lidar_tile_896_128.npy,20210504,896,128,896,128,test
20210504_lidar_tile_896_256.npy,20210504,896,256,896,256,test
20210504_lidar_tile_896_384.npy,20210504,896,384,896,384,test
20210504_lidar_tile_896_512.npy,20210504,896,512,896,512,test
20210504_lidar_tile_896_640.npy,20210504,896,640,896,640,buffer
20210504_lidar_tile_896_768.npy,20210504,896,768,896,768,val
20210504_lidar_tile_896_896.npy,20210504,896,896,896,896,val
20210504_lidar_tile_896_1024.npy,20210504,896,1024,896,1024,val
20210504_lidar_tile_896_1152.npy,20210504,896,1152,896,1152,buffer
20210504_lidar_tile_896_1280.npy,20210504,896,1280,896,1280,train
20210504_lidar_tile_896_1408.npy,20210504,896,1408,896,1408,train
20210504_lidar_tile_896_1536.npy,20210504,896,1536,896,1536,train
20210504_lidar_tile_896_1664.npy,20210504,896,1664,896,1664,train
20210504_lidar_tile_896_1792.npy,20210504,896,1792,896,1792,train
20210504_lidar_tile_896_1920.npy,20210504,896,1920,896,1920,train
20210504_lidar_tile_896_2176.npy,20210504,896,2176,896,2176,train
20210504_lidar_tile_896_2304.npy,20210504,896,2304,896,2304,train
20210504_lidar_tile_896_2432.npy,20210504,896,2432,896,2432,train
20210504_lidar_tile_1024_128.npy,20210504,1024,128,1024,128,test
20210504_lidar_tile_1024_256.npy,20210504,1024,256,1024,256,test
20210504_lidar_tile_1024_384.npy,20210504,1024,384,1024,384,test
20210504_lidar_tile_1024_512.npy,20210504,1024,512,1024,512,test
20210504_lidar_tile_1024_640.npy,20210504,1024,640,1024,640,buffer
20210504_lidar_tile_1024_768.npy,20210504,1024,768,1024,768,val
20210504_lidar_tile_1024_896.npy,20210504,1024,896,1024,896,val
20210504_lidar_tile_1024_1024.npy,20210504,1024,1024,1024,1024,val
20210504_lidar_tile_1024_1152.npy,20210504,1024,1152,1024,1152,buffer
20210504_lidar_tile_1024_1280.npy,20210504,1024,1280,1024,1280,train
20210504_lidar_tile_1024_1408.npy,20210504,1024,1408,1024,1408,train
20210504_lidar_tile_1024_1536.npy,20210504,1024,1536,1024,1536,train
20210504_lidar_tile_1024_1664.npy,20210504,1024,1664,1024,1664,train
20210504_lidar_tile_1024_1792.npy,20210504,1024,1792,1024,1792,train
20210504_lidar_tile_1024_1920.npy,20210504,1024,1920,1024,1920,train
20210504_lidar_tile_1024_2048.npy,20210504,1024,2048,1024,2048,train
20210504_lidar_tile_1024_2176.npy,20210504,1024,2176,1024,2176,train
20210504_lidar_tile_1024_2304.npy,20210504,1024,2304,1024,2304,train
20210504_lidar_tile_1024_2432.npy,20210504,1024,2432,1024,2432,train
20210504_lidar_tile_1152_256.npy,20210504,1152,256,1152,256,test
20210504_lidar_tile_1152_384.npy,20210504,1152,384,1152,384,test
20210504_lidar_tile_1152_512.npy,20210504,1152,512,1152,512,test
20210504_lidar_tile_1152_640.npy,20210504,1152,640,1152,640,buffer
20210504_lidar_tile_1152_768.npy,20210504,1152,768,1152,768,val
20210504_lidar_tile_1152_896.npy,20210504,1152,896,1152,896,val
20210504_lidar_tile_1152_1024.npy,20210504,1152,1024,1152,1024,val
20210504_lidar_tile_1152_1152.npy,20210504,1152,1152,1152,1152,buffer
20210504_lidar_tile_1152_1280.npy,20210504,1152,1280,1152,1280,train
20210504_lidar_tile_1152_1408.npy,20210504,1152,1408,1152,1408,train
20210504_lidar_tile_1152_1536.npy,20210504,1152,1536,1152,1536,train
20210504_lidar_tile_1152_1664.npy,20210504,1152,1664,1152,1664,train
20210504_lidar_tile_1152_1792.npy,20210504,1152,1792,1152,1792,train
20210504_lidar_tile_1152_1920.npy,20210504,1152,1920,1152,1920,train
20210504_lidar_tile_1152_2048.npy,20210504,1152,2048,1152,2048,train
20210504_lidar_tile_1152_2176.npy,20210504,1152,2176,1152,2176,train
20210504_lidar_tile_1152_2304.npy,20210504,1152,2304,1152,2304,train
20210504_lidar_tile_1280_384.npy,20210504,1280,384,1280,384,test
20210504_lidar_tile_1280_512.npy,20210504,1280,512,1280,512,test
20210504_lidar_tile_1280_640.npy,20210504,1280,640,1280,640,buffer
20210504_lidar_tile_1280_768.npy,20210504,1280,768,1280,768,val
20210504_lidar_tile_1280_896.npy,20210504,1280,896,1280,896,val
20210504_lidar_tile_1280_1024.npy,20210504,1280,1024,1280,1024,val
20210504_lidar_tile_1280_1152.npy,20210504,1280,1152,1280,1152,buffer
20210504_lidar_tile_1280_1280.npy,20210504,1280,1280,1280,1280,train
20210504_lidar_tile_1280_1408.npy,20210504,1280,1408,1280,1408,train
20210504_lidar_tile_1280_1536.npy,20210504,1280,1536,1280,1536,train
20210504_lidar_tile_1280_1664.npy,20210504,1280,1664,1280,1664,train
20210504_lidar_tile_1280_1792.npy,20210504,1280,1792,1280,1792,train
20210504_lidar_tile_1280_1920.npy,20210504,1280,1920,1280,1920,train
20210504_lidar_tile_1280_2048.npy,20210504,1280,2048,1280,2048,train
20210504_lidar_tile_1280_2176.npy,20210504,1280,2176,1280,2176,train
20210504_lidar_tile_1280_2304.npy,20210504,1280,2304,1280,2304,train
20210504_lidar_tile_1408_768.npy,20210504,1408,768,1408,768,val
20210504_lidar_tile_1408_896.npy,20210504,1408,896,1408,896,val
20210504_lidar_tile_1408_1024.npy,20210504,1408,1024,1408,1024,val
20210504_lidar_tile_1408_1152.npy,20210504,1408,1152,1408,1152,buffer
20210504_lidar_tile_1408_1280.npy,20210504,1408,1280,1408,1280,train
20210504_lidar_tile_1408_1408.npy,20210504,1408,1408,1408,1408,train
20210504_lidar_tile_1408_1536.npy,20210504,1408,1536,1408,1536,train
20210504_lidar_tile_1408_1664.npy,20210504,1408,1664,1408,1664,train
20210504_lidar_tile_1408_1792.npy,20210504,1408,1792,1408,1792,train
20210504_lidar_tile_1408_1920.npy,20210504,1408,1920,1408,1920,train
20210504_lidar_tile_1536_768.npy,20210504,1536,768,1536,768,val
20210504_lidar_tile_1536_896.npy,20210504,1536,896,1536,896,val
20210504_lidar_tile_1536_1024.npy,20210504,1536,1024,1536,1024,val
20210504_lidar_tile_1536_1152.npy,20210504,1536,1152,1536,1152,buffer
20210504_lidar_tile_1920_1280.npy,20210504,1920,1280,1920,1280,train
20210504_lidar_tile_1920_1408.npy,20210504,1920,1408,1920,1408,train
20210504_lidar_tile_1920_1536.npy,20210504,1920,1536,1920,1536,train
20210504_lidar_tile_1920_1664.npy,20210504,1920,1664,1920,1664,train
20210504_lidar_tile_1920_1792.npy,20210504,1920,1792,1920,1792,train
20210504_lidar_tile_1920_1920.npy,20210504,1920,1920,1920,1920,train
20210504_lidar_tile_1920_2048.npy,20210504,1920,2048,1920,2048,train
20210504_lidar_tile_2048_1024.npy,20210504,2048,1024,2048,1024,val
20210504_lidar_tile_2048_1152.npy,20210504,2048,1152,2048,1152,buffer
20210504_lidar_tile_2048_1280.npy,20210504,2048,1280,2048,1280,train
20210504_lidar_tile_2048_1408.npy,20210504,2048,1408,2048,1408,train
20210504_lidar_tile_2048_1536.npy,20210504,2048,1536,2048,1536,train
20210504_lidar_tile_2048_1664.npy,20210504,2048,1664,2048,1664,train
20210504_lidar_tile_2048_1792.npy,20210504,2048,1792,2048,1792,train
20210504_lidar_tile_2048_1920.npy,20210504,2048,1920,2048,1920,train
20210504_lidar_tile_2048_2048.npy,20210504,2048,2048,2048,2048,train
20210504_lidar_tile_2048_2176.npy,20210504,2048,2176,2048,2176,train
20210504_lidar_tile_2176_896.npy,20210504,2176,896,2176,896,val
20210504_lidar_tile_2176_1024.npy,20210504,2176,1024,2176,1024,val
20210504_lidar_tile_2176_1152.npy,20210504,2176,1152,2176,1152,buffer
20210504_lidar_tile_2176_1280.npy,20210504,2176,1280,2176,1280,train
20210504_lidar_tile_2176_1408.npy,20210504,2176,1408,2176,1408,train
20210504_lidar_tile_2176_1536.npy,20210504,2176,1536,2176,1536,train
20210504_lidar_tile_2176_1664.npy,20210504,2176,1664,2176,1664,train
20210504_lidar_tile_2176_1792.npy,20210504,2176,1792,2176,1792,train
20210504_lidar_tile_2176_1920.npy,20210504,2176,1920,2176,1920,train
20210504_lidar_tile_2176_2048.npy,20210504,2176,2048,2176,2048,train
20210504_lidar_tile_2176_2176.npy,20210504,2176,2176,2176,2176,train
20210504_lidar_tile_2304_896.npy,20210504,2304,896,2304,896,val
20210504_lidar_tile_2304_1024.npy,20210504,2304,1024,2304,1024,val
20210504_lidar_tile_2304_1152.npy,20210504,2304,1152,2304,1152,buffer
20210504_lidar_tile_2304_1280.npy,20210504,2304,1280,2304,1280,train
20210504_lidar_tile_2304_1408.npy,20210504,2304,1408,2304,1408,train
20210504_lidar_tile_2304_1536.npy,20210504,2304,1536,2304,1536,train
20210504_lidar_tile_2304_1664.npy,20210504,2304,1664,2304,1664,train
20210504_lidar_tile_2304_1792.npy,20210504,2304,1792,2304,1792,train
20210504_lidar_tile_2304_1920.npy,20210504,2304,1920,2304,1920,train
20210504_lidar_tile_2304_2048.npy,20210504,2304,2048,2304,2048,train
20210504_lidar_tile_2304_2176.npy,20210504,2304,2176,2304,2176,train
20210504_lidar_tile_2304_2304.npy,20210504,2304,2304,2304,2304,train
20210504_lidar_tile_2432_896.npy,20210504,2432,896,2432,896,val
20210504_lidar_tile_2432_1024.npy,20210504,2432,1024,2432,1024,val
20210504_lidar_tile_2432_1152.npy,20210504,2432,1152,2432,1152,buffer
20210504_lidar_tile_2432_1280.npy,20210504,2432,1280,2432,1280,train
20210504_lidar_tile_2432_1408.npy,20210504,2432,1408,2432,1408,train
20210504_lidar_tile_2432_1536.npy,20210504,2432,1536,2432,1536,train
20210504_lidar_tile_2432_1664.npy,20210504,2432,1664,2432,1664,train
20210504_lidar_tile_2432_1792.npy,20210504,2432,1792,2432,1792,train
20210504_lidar_tile_2432_1920.npy,20210504,2432,1920,2432,1920,train
20210504_lidar_tile_2432_2048.npy,20210504,2432,2048,2432,2048,train
20210504_lidar_tile_2432_2176.npy,20210504,2432,2176,2432,2176,train
20210504_lidar_tile_2432_2304.npy,20210504,2432,2304,2432,2304,train
20210504_lidar_tile_2432_2432.npy,20210504,2432,2432,2432,2432,train
20210504_lidar_tile_2560_896.npy,20210504,2560,896,2560,896,val
20210504_lidar_tile_2560_1024.npy,20210504,2560,1024,2560,1024,val
20210504_lidar_tile_2560_1152.npy,20210504,2560,1152,2560,1152,buffer
20210504_lidar_tile_2560_1280.npy,20210504,2560,1280,2560,1280,train
20210504_lidar_tile_2560_1408.npy,20210504,2560,1408,2560,1408,train
20210504_lidar_tile_2560_1536.npy,20210504,2560,1536,2560,1536,train
20210504_lidar_tile_2560_1664.npy,20210504,2560,1664,2560,1664,train
20210504_lidar_tile_2560_1792.npy,20210504,2560,1792,2560,1792,train
20210504_lidar_tile_2560_1920.npy,20210504,2560,1920,2560,1920,train
20210504_lidar_tile_2560_2048.npy,20210504,2560,2048,2560,2048,train
20210504_lidar_tile_2560_2176.npy,20210504,2560,2176,2560,2176,train
20210504_lidar_tile_2560_2304.npy,20210504,2560,2304,2560,2304,train
20210504_lidar_tile_2560_2432.npy,20210504,2560,2432,2560,2432,train
20210504_lidar_tile_2688_896.npy,20210504,2688,896,2688,896,val
20210504_lidar_tile_2688_1024.npy,20210504,2688,1024,2688,1024,val
20210504_lidar_tile_2688_1152.npy,20210504,2688,1152,2688,1152,buffer
20210504_lidar_tile_2688_1280.npy,20210504,2688,1280,2688,1280,train
20210504_lidar_tile_2688_1408.npy,20210504,2688,1408,2688,1408,train
20210504_lidar_tile_2688_1536.npy,20210504,2688,1536,2688,1536,train
20210504_lidar_tile_2688_1664.npy,20210504,2688,1664,2688,1664,train
20210504_lidar_tile_2688_1792.npy,20210504,2688,1792,2688,1792,train
20210504_lidar_tile_2688_1920.npy,20210504,2688,1920,2688,1920,train
20210504_lidar_tile_2688_2048.npy,20210504,2688,2048,2688,2048,train
20210504_lidar_tile_2688_2176.npy,20210504,2688,2176,2688,2176,train
20210504_lidar_tile_2688_2304.npy,20210504,2688,2304,2688,2304,train
20210504_lidar_tile_2816_896.npy,20210504,2816,896,2816,896,val
20210504_lidar_tile_2816_1024.npy,20210504,2816,1024,2816,1024,val
20210504_lidar_tile_2816_1152.npy,20210504,2816,1152,2816,1152,buffer
20210504_lidar_tile_2816_1280.npy,20210504,2816,1280,2816,1280,train
20210504_lidar_tile_2816_1408.npy,20210504,2816,1408,2816,1408,train
20210504_lidar_tile_2816_1536.npy,20210504,2816,1536,2816,1536,train
20210504_lidar_tile_2816_1664.npy,20210504,2816,1664,2816,1664,train
20210504_lidar_tile_2816_1792.npy,20210504,2816,1792,2816,1792,train
20210504_lidar_tile_2816_1920.npy,20210504,2816,1920,2816,1920,train
20210504_lidar_tile_2944_1024.npy,20210504,2944,1024,2944,1024,val
20210504_lidar_tile_2944_1152.npy,20210504,2944,1152,2944,1152,buffer
20210504_lidar_tile_2944_1280.npy,20210504,2944,1280,2944,1280,train
20210504_lidar_tile_2944_1408.npy,20210504,2944,1408,2944,1408,train
20210504_lidar_tile_2944_1536.npy,20210504,2944,1536,2944,1536,train
20211216_lidar_tile_128_256.npy,20211216,128,256,128,256,test
20211216_lidar_tile_128_384.npy,20211216,128,384,128,384,test
20211216_lidar_tile_128_512.npy,20211216,128,512,128,512,test
20211216_lidar_tile_128_640.npy,20211216,128,640,128,640,buffer
20211216_lidar_tile_128_768.npy,20211216,128,768,128,768,val
20211216_lidar_tile_128_896.npy,20211216,128,896,128,896,val
20211216_lidar_tile_256_256.npy,20211216,256,256,256,256,test
20211216_lidar_tile_256_384.npy,20211216,256,384,256,384,test
20211216_lidar_tile_256_512.npy,20211216,256,512,256,512,test
20211216_lidar_tile_256_640.npy,20211216,256,640,256,640,buffer
20211216_lidar_tile_256_768.npy,20211216,256,768,256,768,val
20211216_lidar_tile_256_896.npy,20211216,256,896,256,896,val
20211216_lidar_tile_256_1024.npy,20211216,256,1024,256,1024,val
20211216_lidar_tile_256_1152.npy,20211216,256,1152,256,1152,buffer
20211216_lidar_tile_384_128.npy,20211216,384,128,384,128,test
20211216_lidar_tile_384_256.npy,20211216,384,256,384,256,test
20211216_lidar_tile_384_384.npy,20211216,384,384,384,384,test
20211216_lidar_tile_384_512.npy,20211216,384,512,384,512,test
20211216_lidar_tile_384_640.npy,20211216,384,640,384,640,buffer
20211216_lidar_tile_384_768.npy,20211216,384,768,384,768,val
20211216_lidar_tile_384_896.npy,20211216,384,896,384,896,val
20211216_lidar_tile_384_1024.npy,20211216,384,1024,384,1024,val
20211216_lidar_tile_384_1152.npy,20211216,384,1152,384,1152,buffer
20211216_lidar_tile_384_2304.npy,20211216,384,2304,384,2304,train
20211216_lidar_tile_384_2432.npy,20211216,384,2432,384,2432,train
20211216_lidar_tile_512_128.npy,20211216,512,128,512,128,test
20211216_lidar_tile_512_256.npy,20211216,512,256,512,256,test
20211216_lidar_tile_512_384.npy,20211216,512,384,512,384,test
20211216_lidar_tile_512_512.npy,20211216,512,512,512,512,test
20211216_lidar_tile_512_640.npy,20211216,512,640,512,640,buffer
20211216_lidar_tile_512_768.npy,20211216,512,768,512,768,val
20211216_lidar_tile_512_896.npy,20211216,512,896,512,896,val
20211216_lidar_tile_512_1024.npy,20211216,512,1024,512,1024,val
20211216_lidar_tile_512_1152.npy,20211216,512,1152,512,1152,buffer
20211216_lidar_tile_512_1280.npy,20211216,512,1280,512,1280,train
20211216_lidar_tile_512_1408.npy,20211216,512,1408,512,1408,train
20211216_lidar_tile_512_1536.npy,20211216,512,1536,512,1536,train
20211216_lidar_tile_512_1664.npy,20211216,512,1664,512,1664,train
20211216_lidar_tile_512_1792.npy,20211216,512,1792,512,1792,train
20211216_lidar_tile_512_1920.npy,20211216,512,1920,512,1920,train
20211216_lidar_tile_512_2048.npy,20211216,512,2048,512,2048,train
20211216_lidar_tile_512_2176.npy,20211216,512,2176,512,2176,train
20211216_lidar_tile_512_2304.npy,20211216,512,2304,512,2304,train
20211216_lidar_tile_512_2432.npy,20211216,512,2432,512,2432,train
20211216_lidar_tile_512_2560.npy,20211216,512,2560,512,2560,train
20211216_lidar_tile_512_2688.npy,20211216,512,2688,512,2688,train
20211216_lidar_tile_512_2816.npy,20211216,512,2816,512,2816,train
20211216_lidar_tile_640_128.npy,20211216,640,128,640,128,test
20211216_lidar_tile_640_256.npy,20211216,640,256,640,256,test
20211216_lidar_tile_640_384.npy,20211216,640,384,640,384,test
20211216_lidar_tile_640_512.npy,20211216,640,512,640,512,test
20211216_lidar_tile_640_640.npy,20211216,640,640,640,640,buffer
20211216_lidar_tile_640_768.npy,20211216,640,768,640,768,val
20211216_lidar_tile_640_896.npy,20211216,640,896,640,896,val
20211216_lidar_tile_640_1024.npy,20211216,640,1024,640,1024,val
20211216_lidar_tile_640_1152.npy,20211216,640,1152,640,1152,buffer
20211216_lidar_tile_640_1280.npy,20211216,640,1280,640,1280,train
20211216_lidar_tile_640_1408.npy,20211216,640,1408,640,1408,train
20211216_lidar_tile_640_1536.npy,20211216,640,1536,640,1536,train
20211216_lidar_tile_640_1664.npy,20211216,640,1664,640,1664,train
20211216_lidar_tile_640_1792.npy,20211216,640,1792,640,1792,train
20211216_lidar_tile_640_1920.npy,20211216,640,1920,640,1920,train
20211216_lidar_tile_640_2048.npy,20211216,640,2048,640,2048,train
20211216_lidar_tile_640_2176.npy,20211216,640,2176,640,2176,train
20211216_lidar_tile_640_2304.npy,20211216,640,2304,640,2304,train
20211216_lidar_tile_640_2432.npy,20211216,640,2432,640,2432,train
20211216_lidar_tile_640_2560.npy,20211216,640,2560,640,2560,train
20211216_lidar_tile_640_2688.npy,20211216,640,2688,640,2688,train
20211216_lidar_tile_640_2816.npy,20211216,640,2816,640,2816,train
20211216_lidar_tile_640_2944.npy,20211216,640,2944,640,2944,train
20211216_lidar_tile_768_128.npy,20211216,768,128,768,128,test
20211216_lidar_tile_768_256.npy,20211216,768,256,768,256,test
20211216_lidar_tile_768_384.npy,20211216,768,384,768,384,test
20211216_lidar_tile_768_512.npy,20211216,768,512,768,512,test
20211216_lidar_tile_768_640.npy,20211216,768,640,768,640,buffer
20211216_lidar_tile_768_768.npy,20211216,768,768,768,768,val
20211216_lidar_tile_768_896.npy,20211216,768,896,768,896,val
20211216_lidar_tile_768_1024.npy,20211216,768,1024,768,1024,val
20211216_lidar_tile_768_1152.npy,20211216,768,1152,768,1152,buffer
20211216_lidar_tile_768_1280.npy,20211216,768,1280,768,1280,train
20211216_lidar_tile_768_1408.npy,20211216,768,1408,768,1408,train
20211216_lidar_tile_768_1536.npy,20211216,768,1536,768,1536,train
20211216_lidar_tile_768_1664.npy,20211216,768,1664,768,1664,train
20211216_lidar_tile_768_1792.npy,20211216,768,1792,768,1792,train
20211216_lidar_tile_768_1920.npy,20211216,768,1920,768,1920,train
20211216_lidar_tile_768_2048.npy,20211216,768,2048,768,2048,train
20211216_lidar_tile_768_2176.npy,20211216,768,2176,768,2176,train
20211216_lidar_tile_768_2304.npy,20211216,768,2304,768,2304,train
20211216_lidar_tile_768_2432.npy,20211216,768,2432,768,2432,train
20211216_lidar_tile_768_2560.npy,20211216,768,2560,768,2560,train
20211216_lidar_tile_768_2688.npy,20211216,768,2688,768,2688,train
20211216_lidar_tile_768_2816.npy,20211216,768,2816,768,2816,train
20211216_lidar_tile_768_2944.npy,20211216,768,2944,768,2944,train
20211216_lidar_tile_768_3072.npy,20211216,768,3072,768,3072,train
20211216_lidar_tile_896_128.npy,20211216,896,128,896,128,test
20211216_lidar_tile_896_256.npy,20211216,896,256,896,256,test
20211216_lidar_tile_896_384.npy,20211216,896,384,896,384,test
20211216_lidar_tile_896_512.npy,20211216,896,512,896,512,test
20211216_lidar_tile_896_640.npy,20211216,896,640,896,640,buffer
20211216_lidar_tile_896_768.npy,20211216,896,768,896,768,val
20211216_lidar_tile_896_896.npy,20211216,896,896,896,896,val
20211216_lidar_tile_896_1024.npy,20211216,896,1024,896,1024,val
20211216_lidar_tile_896_1152.npy,20211216,896,1152,896,1152,buffer
20211216_lidar_tile_896_1280.npy,20211216,896,1280,896,1280,train
20211216_lidar_tile_896_1408.npy,20211216,896,1408,896,1408,train
20211216_lidar_tile_896_1536.npy,20211216,896,1536,896,1536,train
20211216_lidar_tile_896_1664.npy,20211216,896,1664,896,1664,train
20211216_lidar_tile_896_1792.npy,20211216,896,1792,896,1792,train
20211216_lidar_tile_896_1920.npy,20211216,896,1920,896,1920,train
20211216_lidar_tile_896_2176.npy,20211216,896,2176,896,2176,train
20211216_lidar_tile_896_2304.npy,20211216,896,2304,896,2304,train
20211216_lidar_tile_896_2432.npy,20211216,896,2432,896,2432,train
20211216_lidar_tile_896_2560.npy,20211216,896,2560,896,2560,train
20211216_lidar_tile_896_2688.npy,20211216,896,2688,896,2688,train
20211216_lidar_tile_896_2816.npy,20211216,896,2816,896,2816,train
20211216_lidar_tile_896_2944.npy,20211216,896,2944,896,2944,train
20211216_lidar_tile_896_3072.npy,20211216,896,3072,896,3072,train
20211216_lidar_tile_896_3200.npy,20211216,896,3200,896,3200,train
20211216_lidar_tile_1024_128.npy,20211216,1024,128,1024,128,test
20211216_lidar_tile_1024_256.npy,20211216,1024,256,1024,256,test
20211216_lidar_tile_1024_384.npy,20211216,1024,384,1024,384,test
20211216_lidar_tile_1024_512.npy,20211216,1024,512,1024,512,test
20211216_lidar_tile_1024_640.npy,20211216,1024,640,1024,640,buffer
20211216_lidar_tile_1024_768.npy,20211216,1024,768,1024,768,val
20211216_lidar_tile_1024_896.npy,20211216,1024,896,1024,896,val
20211216_lidar_tile_1024_1024.npy,20211216,1024,1024,1024,1024,val
20211216_lidar_tile_1024_1152.npy,20211216,1024,1152,1024,1152,buffer
20211216_lidar_tile_1024_1280.npy,20211216,1024,1280,1024,1280,train
20211216_lidar_tile_1024_1408.npy,20211216,1024,1408,1024,1408,train
20211216_lidar_tile_1024_1536.npy,20211216,1024,1536,1024,1536,train
20211216_lidar_tile_1024_1664.npy,20211216,1024,1664,1024,1664,train
20211216_lidar_tile_1024_1792.npy,20211216,1024,1792,1024,1792,train
20211216_lidar_tile_1024_1920.npy,20211216,1024,1920,1024,1920,train
20211216_lidar_tile_1024_2048.npy,20211216,1024,2048,1024,2048,train
20211216_lidar_tile_1024_2176.npy,20211216,1024,2176,1024,2176,train
20211216_lidar_tile_1024_2304.npy,20211216,1024,2304,1024,2304,train
20211216_lidar_tile_1024_2432.npy,20211216,1024,2432,1024,2432,train
20211216_lidar_tile_1024_2560.npy,20211216,1024,2560,1024,2560,train
20211216_lidar_tile_1024_2688.npy,20211216,1024,2688,1024,2688,train
20211216_lidar_tile_1024_2816.npy,20211216,1024,2816,1024,2816,train
20211216_lidar_tile_1024_2944.npy,20211216,1024,2944,1024,2944,train
20211216_lidar_tile_1024_3072.npy,20211216,1024,3072,1024,3072,train
20211216_lidar_tile_1024_3200.npy,20211216,1024,3200,1024,3200,train
20211216_lidar_tile_1152_256.npy,20211216,1152,256,1152,256,test
20211216_lidar_tile_1152_384.npy,20211216,1152,384,1152,384,test
20211216_lidar_tile_1152_512.npy,20211216,1152,512,1152,512,test
20211216_lidar_tile_1152_640.npy,20211216,1152,640,1152,640,buffer
20211216_lidar_tile_1152_768.npy,20211216,1152,768,1152,768,val
20211216_lidar_tile_1152_896.npy,20211216,1152,896,1152,896,val
20211216_lidar_tile_1152_1024.npy,20211216,1152,1024,1152,1024,val
20211216_lidar_tile_1152_1152.npy,20211216,1152,1152,1152,1152,buffer
20211216_lidar_tile_1152_1280.npy,20211216,1152,1280,1152,1280,train
20211216_lidar_tile_1152_1408.npy,20211216,1152,1408,1152,1408,train
20211216_lidar_tile_1152_1536.npy,20211216,1152,1536,1152,1536,train
20211216_lidar_tile_1152_1664.npy,20211216,1152,1664,1152,1664,train
20211216_lidar_tile_1152_1792.npy,20211216,1152,1792,1152,1792,train
20211216_lidar_tile_1152_1920.npy,20211216,1152,1920,1152,1920,train
20211216_lidar_tile_1152_2048.npy,20211216,1152,2048,1152,2048,train
20211216_lidar_tile_1152_2176.npy,20211216,1152,2176,1152,2176,train
20211216_lidar_tile_1152_2304.npy,20211216,1152,2304,1152,2304,train
20211216_lidar_tile_1152_2432.npy,20211216,1152,2432,1152,2432,train
20211216_lidar_tile_1152_2560.npy,20211216,1152,2560,1152,2560,train
20211216_lidar_tile_1152_2688.npy,20211216,1152,2688,1152,2688,train
20211216_lidar_tile_1152_2816.npy,20211216,1152,2816,1152,2816,train
20211216_lidar_tile_1152_2944.npy,20211216,1152,2944,1152,2944,train
20211216_lidar_tile_1152_3072.npy,20211216,1152,3072,1152,3072,train
20211216_lidar_tile_1280_384.npy,20211216,1280,384,1280,384,test
20211216_lidar_tile_1280_512.npy,20211216,1280,512,1280,512,test
20211216_lidar_tile_1280_640.npy,20211216,1280,640,1280,640,buffer
20211216_lidar_tile_1280_768.npy,20211216,1280,768,1280,768,val
20211216_lidar_tile_1280_896.npy,20211216,1280,896,1280,896,val
20211216_lidar_tile_1280_1024.npy,20211216,1280,1024,1280,1024,val
20211216_lidar_tile_1280_1152.npy,20211216,1280,1152,1280,1152,buffer
20211216_lidar_tile_1280_1280.npy,20211216,1280,1280,1280,1280,train
20211216_lidar_tile_1280_1408.npy,20211216,1280,1408,1280,1408,train
20211216_lidar_tile_1280_1536.npy,20211216,1280,1536,1280,1536,train
20211216_lidar_tile_1280_1664.npy,20211216,1280,1664,1280,1664,train
20211216_lidar_tile_1280_1792.npy,20211216,1280,1792,1280,1792,train
20211216_lidar_tile_1280_1920.npy,20211216,1280,1920,1280,1920,train
20211216_lidar_tile_1280_2048.npy,20211216,1280,2048,1280,2048,train
20211216_lidar_tile_1280_2176.npy,20211216,1280,2176,1280,2176,train
20211216_lidar_tile_1280_2304.npy,20211216,1280,2304,1280,2304,train
20211216_lidar_tile_1280_2432.npy,20211216,1280,2432,1280,2432,train
20211216_lidar_tile_1280_2560.npy,20211216,1280,2560,1280,2560,train
20211216_lidar_tile_1280_2688.npy,20211216,1280,2688,1280,2688,train
20211216_lidar_tile_1280_2816.npy,20211216,1280,2816,1280,2816,train
20211216_lidar_tile_1280_2944.npy,20211216,1280,2944,1280,2944,train
20211216_lidar_tile_1280_3072.npy,20211216,1280,3072,1280,3072,train
20211216_lidar_tile_1408_768.npy,20211216,1408,768,1408,768,val
20211216_lidar_tile_1408_896.npy,20211216,1408,896,1408,896,val
20211216_lidar_tile_1408_1024.npy,20211216,1408,1024,1408,1024,val
20211216_lidar_tile_1408_1152.npy,20211216,1408,1152,1408,1152,buffer
20211216_lidar_tile_1408_1280.npy,20211216,1408,1280,1408,1280,train
20211216_lidar_tile_1408_1408.npy,20211216,1408,1408,1408,1408,train
20211216_lidar_tile_1408_1536.npy,20211216,1408,1536,1408,1536,train
20211216_lidar_tile_1408_1664.npy,20211216,1408,1664,1408,1664,train
20211216_lidar_tile_1408_1792.npy,20211216,1408,1792,1408,1792,train
20211216_lidar_tile_1408_1920.npy,20211216,1408,1920,1408,1920,train
20211216_lidar_tile_1408_2048.npy,20211216,1408,2048,1408,2048,train
20211216_lidar_tile_1408_2176.npy,20211216,1408,2176,1408,2176,train
20211216_lidar_tile_1408_2304.npy,20211216,1408,2304,1408,2304,train
20211216_lidar_tile_1408_2432.npy,20211216,1408,2432,1408,2432,train
20211216_lidar_tile_1408_2560.npy,20211216,1408,2560,1408,2560,train
20211216_lidar_tile_1408_2688.npy,20211216,1408,2688,1408,2688,train
20211216_lidar_tile_1408_2816.npy,20211216,1408,2816,1408,2816,train
20211216_lidar_tile_1408_2944.npy,20211216,1408,2944,1408,2944,train
20211216_lidar_tile_1408_3072.npy,20211216,1408,3072,1408,3072,train
20211216_lidar_tile_1536_768.npy,20211216,1536,768,1536,768,val
20211216_lidar_tile_1536_896.npy,20211216,1536,896,1536,896,val
20211216_lidar_tile_1536_1024.npy,20211216,1536,1024,1536,1024,val
20211216_lidar_tile_1536_1152.npy,20211216,1536,1152,1536,1152,buffer
20211216_lidar_tile_1536_1280.npy,20211216,1536,1280,1536,1280,train
20211216_lidar_tile_1536_1408.npy,20211216,1536,1408,1536,1408,train
20211216_lidar_tile_1536_1536.npy,20211216,1536,1536,1536,1536,train
20211216_lidar_tile_1536_1664.npy,20211216,1536,1664,1536,1664,train
20211216_lidar_tile_1536_1792.npy,20211216,1536,1792,1536,1792,train
20211216_lidar_tile_1536_1920.npy,20211216,1536,1920,1536,1920,train
20211216_lidar_tile_1536_2048.npy,20211216,1536,2048,1536,2048,train
20211216_lidar_tile_1536_2176.npy,20211216,1536,2176,1536,2176,train
20211216_lidar_tile_1536_2304.npy,20211216,1536,2304,1536,2304,train
20211216_lidar_tile_1536_2432.npy,20211216,1536,2432,1536,2432,train
20211216_lidar_tile_1536_2560.npy,20211216,1536,2560,1536,2560,train
20211216_lidar_tile_1536_2688.npy,20211216,1536,2688,1536,2688,train
20211216_lidar_tile_1536_2816.npy,20211216,1536,2816,1536,2816,train
20211216_lidar_tile_1536_2944.npy,20211216,1536,2944,1536,2944,train
20211216_lidar_tile_1536_3072.npy,20211216,1536,3072,1536,3072,train
20211216_lidar_tile_1664_768.npy,20211216,1664,768,1664,768,val
20211216_lidar_tile_1664_896.npy,20211216,1664,896,1664,896,val
20211216_lidar_tile_1664_1024.npy,20211216,1664,1024,1664,1024,val
20211216_lidar_tile_1664_1152.npy,20211216,1664,1152,1664,1152,buffer
20211216_lidar_tile_1664_1280.npy,20211216,1664,1280,1664,1280,train
20211216_lidar_tile_1664_1408.npy,20211216,1664,1408,1664,1408,train
20211216_lidar_tile_1664_1536.npy,20211216,1664,1536,1664,1536,train
20211216_lidar_tile_1664_1664.npy,20211216,1664,1664,1664,1664,train
20211216_lidar_tile_1664_1792.npy,20211216,1664,1792,1664,1792,train
20211216_lidar_tile_1664_1920.npy,20211216,1664,1920,1664,1920,train
20211216_lidar_tile_1664_2048.npy,20211216,1664,2048,1664,2048,train
20211216_lidar_tile_1664_2176.npy,20211216,1664,2176,1664,2176,train
20211216_lidar_tile_1664_2304.npy,20211216,1664,2304,1664,2304,train
20211216_lidar_tile_1664_2432.npy,20211216,1664,2432,1664,2432,train
20211216_lidar_tile_1664_2560.npy,20211216,1664,2560,1664,2560,train
20211216_lidar_tile_1664_2688.npy,20211216,1664,2688,1664,2688,train
20211216_lidar_tile_1664_2816.npy,20211216,1664,2816,1664,2816,train
20211216_lidar_tile_1664_2944.npy,20211216,1664,2944,1664,2944,train
20211216_lidar_tile_1792_768.npy,20211216,1792,768,1792,768,val
20211216_lidar_tile_1792_896.npy,20211216,1792,896,1792,896,val
20211216_lidar_tile_1792_1024.npy,20211216,1792,1024,1792,1024,val
20211216_lidar_tile_1792_1152.npy,20211216,1792,1152,1792,1152,buffer
20211216_lidar_tile_1792_1280.npy,20211216,1792,1280,1792,1280,train
20211216_lidar_tile_1792_1408.npy,20211216,1792,1408,1792,1408,train
20211216_lidar_tile_1792_1536.npy,20211216,1792,1536,1792,1536,train
20211216_lidar_tile_1792_1664.npy,20211216,1792,1664,1792,1664,train
20211216_lidar_tile_1792_1792.npy,20211216,1792,1792,1792,1792,train
20211216_lidar_tile_1792_1920.npy,20211216,1792,1920,1792,1920,train
20211216_lidar_tile_1792_2048.npy,20211216,1792,2048,1792,2048,train
20211216_lidar_tile_1792_2176.npy,20211216,1792,2176,1792,2176,train
20211216_lidar_tile_1792_2304.npy,20211216,1792,2304,1792,2304,train
20211216_lidar_tile_1792_2432.npy,20211216,1792,2432,1792,2432,train
20211216_lidar_tile_1792_2560.npy,20211216,1792,2560,1792,2560,train
20211216_lidar_tile_1792_2688.npy,20211216,1792,2688,1792,2688,train
20211216_lidar_tile_1792_2816.npy,20211216,1792,2816,1792,2816,train
20211216_lidar_tile_1792_2944.npy,20211216,1792,2944,1792,2944,train
20211216_lidar_tile_1920_768.npy,20211216,1920,768,1920,768,val
20211216_lidar_tile_1920_896.npy,20211216,1920,896,1920,896,val
20211216_lidar_tile_1920_1024.npy,20211216,1920,1024,1920,1024,val
20211216_lidar_tile_1920_1152.npy,20211216,1920,1152,1920,1152,buffer
20211216_lidar_tile_1920_1280.npy,20211216,1920,1280,1920,1280,train
20211216_lidar_tile_1920_1408.npy,20211216,1920,1408,1920,1408,train
20211216_lidar_tile_1920_1536.npy,20211216,1920,1536,1920,1536,train
20211216_lidar_tile_1920_1664.npy,20211216,1920,1664,1920,1664,train
20211216_lidar_tile_1920_1792.npy,20211216,1920,1792,1920,1792,train
20211216_lidar_tile_1920_1920.npy,20211216,1920,1920,1920,1920,train
20211216_lidar_tile_1920_2048.npy,20211216,1920,2048,1920,2048,train
20211216_lidar_tile_1920_2176.npy,20211216,1920,2176,1920,2176,train
20211216_lidar_tile_1920_2304.npy,20211216,1920,2304,1920,2304,train
20211216_lidar_tile_1920_2432.npy,20211216,1920,2432,1920,2432,train
20211216_lidar_tile_1920_2560.npy,20211216,1920,2560,1920,2560,train
20211216_lidar_tile_1920_2688.npy,20211216,1920,2688,1920,2688,train
20211216_lidar_tile_1920_2816.npy,20211216,1920,2816,1920,2816,train
20211216_lidar_tile_2048_768.npy,20211216,2048,768,2048,768,val
20211216_lidar_tile_2048_896.npy,20211216,2048,896,2048,896,val
20211216_lidar_tile_2048_1024.npy,20211216,2048,1024,2048,1024,val
20211216_lidar_tile_2048_1152.npy,20211216,2048,1152,2048,1152,buffer
20211216_lidar_tile_2048_1280.npy,20211216,2048,1280,2048,1280,train
20211216_lidar_tile_2048_1408.npy,20211216,2048,1408,2048,1408,train
20211216_lidar_tile_2048_1536.npy,20211216,2048,1536,2048,1536,train
20211216_lidar_tile_2048_1664.npy,20211216,2048,1664,2048,1664,train
20211216_lidar_tile_2048_1792.npy,20211216,2048,1792,2048,1792,train
20211216_lidar_tile_2048_1920.npy,20211216,2048,1920,2048,1920,train
20211216_lidar_tile_2048_2048.npy,20211216,2048,2048,2048,2048,train
20211216_lidar_tile_2048_2176.npy,20211216,2048,2176,2048,2176,train
20211216_lidar_tile_2048_2304.npy,20211216,2048,2304,2048,2304,train
20211216_lidar_tile_2048_2432.npy,20211216,2048,2432,2048,2432,train
20211216_lidar_tile_2048_2560.npy,20211216,2048,2560,2048,2560,train
20211216_lidar_tile_2048_2688.npy,20211216,2048,2688,2048,2688,train
20211216_lidar_tile_2176_768.npy,20211216,2176,768,2176,768,val
20211216_lidar_tile_2176_896.npy,20211216,2176,896,2176,896,val
20211216_lidar_tile_2176_1024.npy,20211216,2176,1024,2176,1024,val
20211216_lidar_tile_2176_1152.npy,20211216,2176,1152,2176,1152,buffer
20211216_lidar_tile_2176_1280.npy,20211216,2176,1280,2176,1280,train
20211216_lidar_tile_2176_1408.npy,20211216,2176,1408,2176,1408,train
20211216_lidar_tile_2176_1536.npy,20211216,2176,1536,2176,1536,train
20211216_lidar_tile_2176_1664.npy,20211216,2176,1664,2176,1664,train
20211216_lidar_tile_2176_1792.npy,20211216,2176,1792,2176,1792,train
20211216_lidar_tile_2176_1920.npy,20211216,2176,1920,2176,1920,train
20211216_lidar_tile_2176_2048.npy,20211216,2176,2048,2176,2048,train
20211216_lidar_tile_2176_2176.npy,20211216,2176,2176,2176,2176,train
20211216_lidar_tile_2176_2304.npy,20211216,2176,2304,2176,2304,train
20211216_lidar_tile_2176_2432.npy,20211216,2176,2432,2176,2432,train
20211216_lidar_tile_2176_2560.npy,20211216,2176,2560,2176,2560,train
20211216_lidar_tile_2304_896.npy,20211216,2304,896,2304,896,val
20211216_lidar_tile_2304_1024.npy,20211216,2304,1024,2304,1024,val
20211216_lidar_tile_2304_1152.npy,20211216,2304,1152,2304,1152,buffer
20211216_lidar_tile_2304_1280.npy,20211216,2304,1280,2304,1280,train
20211216_lidar_tile_2304_1408.npy,20211216,2304,1408,2304,1408,train
20211216_lidar_tile_2304_1536.npy,20211216,2304,1536,2304,1536,train
20211216_lidar_tile_2304_1664.npy,20211216,2304,1664,2304,1664,train
20211216_lidar_tile_2304_1792.npy,20211216,2304,1792,2304,1792,train
20211216_lidar_tile_2304_1920.npy,20211216,2304,1920,2304,1920,train
20211216_lidar_tile_2304_2048.npy,20211216,2304,2048,2304,2048,train
20211216_lidar_tile_2304_2176.npy,20211216,2304,2176,2304,2176,train
20211216_lidar_tile_2304_2304.npy,20211216,2304,2304,2304,2304,train
20211216_lidar_tile_2304_2432.npy,20211216,2304,2432,2304,2432,train
20211216_lidar_tile_2432_768.npy,20211216,2432,768,2432,768,val
20211216_lidar_tile_2432_896.npy,20211216,2432,896,2432,896,val
20211216_lidar_tile_2432_1024.npy,20211216,2432,1024,2432,1024,val
20211216_lidar_tile_2432_1152.npy,20211216,2432,1152,2432,1152,buffer
20211216_lidar_tile_2432_1280.npy,20211216,2432,1280,2432,1280,train
20211216_lidar_tile_2432_1408.npy,20211216,2432,1408,2432,1408,train
20211216_lidar_tile_2432_1536.npy,20211216,2432,1536,2432,1536,train
20211216_lidar_tile_2432_1664.npy,20211216,2432,1664,2432,1664,train
20211216_lidar_tile_2432_1792.npy,20211216,2432,1792,2432,1792,train
20211216_lidar_tile_2432_1920.npy,20211216,2432,1920,2432,1920,train
20211216_lidar_tile_2432_2048.npy,20211216,2432,2048,2432,2048,train
20211216_lidar_tile_2432_2176.npy,20211216,2432,2176,2432,2176,train
20211216_lidar_tile_2432_2304.npy,20211216,2432,2304,2432,2304,train
20211216_lidar_tile_2432_2432.npy,20211216,2432,2432,2432,2432,train
20211216_lidar_tile_2560_896.npy,20211216,2560,896,2560,896,val
20211216_lidar_tile_2560_1024.npy,20211216,2560,1024,2560,1024,val
20211216_lidar_tile_2560_1152.npy,20211216,2560,1152,2560,1152,buffer
20211216_lidar_tile_2560_1280.npy,20211216,2560,1280,2560,1280,train
20211216_lidar_tile_2560_1408.npy,20211216,2560,1408,2560,1408,train
20211216_lidar_tile_2560_1536.npy,20211216,2560,1536,2560,1536,train
20211216_lidar_tile_2560_1664.npy,20211216,2560,1664,2560,1664,train
20211216_lidar_tile_2560_1792.npy,20211216,2560,1792,2560,1792,train
20211216_lidar_tile_2560_1920.npy,20211216,2560,1920,2560,1920,train
20211216_lidar_tile_2560_2048.npy,20211216,2560,2048,2560,2048,train
20211216_lidar_tile_2560_2176.npy,20211216,2560,2176,2560,2176,train
20211216_lidar_tile_2560_2304.npy,20211216,2560,2304,2560,2304,train
20211216_lidar_tile_2560_2432.npy,20211216,2560,2432,2560,2432,train
20211216_lidar_tile_2688_896.npy,20211216,2688,896,2688,896,val
20211216_lidar_tile_2688_1024.npy,20211216,2688,1024,2688,1024,val
20211216_lidar_tile_2688_1152.npy,20211216,2688,1152,2688,1152,buffer
20211216_lidar_tile_2688_1280.npy,20211216,2688,1280,2688,1280,train
20211216_lidar_tile_2688_1408.npy,20211216,2688,1408,2688,1408,train
20211216_lidar_tile_2688_1536.npy,20211216,2688,1536,2688,1536,train
20211216_lidar_tile_2688_1664.npy,20211216,2688,1664,2688,1664,train
20211216_lidar_tile_2688_1792.npy,20211216,2688,1792,2688,1792,train
20211216_lidar_tile_2688_1920.npy,20211216,2688,1920,2688,1920,train
20211216_lidar_tile_2688_2048.npy,20211216,2688,2048,2688,2048,train
20211216_lidar_tile_2688_2176.npy,20211216,2688,2176,2688,2176,train
20211216_lidar_tile_2688_2304.npy,20211216,2688,2304,2688,2304,train
20211216_lidar_tile_2816_1024.npy,20211216,2816,1024,2816,1024,val
20211216_lidar_tile_2816_1152.npy,20211216,2816,1152,2816,1152,buffer
20211216_lidar_tile_2816_1280.npy,20211216,2816,1280,2816,1280,train
20211216_lidar_tile_2816_1408.npy,20211216,2816,1408,2816,1408,train
20211216_lidar_tile_2816_1536.npy,20211216,2816,1536,2816,1536,train
20211216_lidar_tile_2816_1664.npy,20211216,2816,1664,2816,1664,train
20211216_lidar_tile_2816_1792.npy,20211216,2816,1792,2816,1792,train
20211216_lidar_tile_2816_1920.npy,20211216,2816,1920,2816,1920,train
20211216_lidar_tile_2944_1152.npy,20211216,2944,1152,2944,1152,buffer
20211216_lidar_tile_2944_1280.npy,20211216,2944,1280,2944,1280,train
20211216_lidar_tile_2944_1408.npy,20211216,2944,1408,2944,1408,train
20211216_lidar_tile_2944_1536.npy,20211216,2944,1536,2944,1536,train
20220112_lidar_tile_128_256.npy,20220112,128,256,127,256,test
20220112_lidar_tile_128_384.npy,20220112,128,384,127,384,test
20220112_lidar_tile_128_512.npy,20220112,128,512,127,512,test
20220112_lidar_tile_128_640.npy,20220112,128,640,127,640,buffer
20220112_lidar_tile_128_768.npy,20220112,128,768,127,768,val
20220112_lidar_tile_128_896.npy,20220112,128,896,127,896,val
20220112_lidar_tile_256_256.npy,20220112,256,256,255,256,test
20220112_lidar_tile_256_384.npy,20220112,256,384,255,384,test
20220112_lidar_tile_256_512.npy,20220112,256,512,255,512,test
20220112_lidar_tile_256_640.npy,20220112,256,640,255,640,buffer
20220112_lidar_tile_256_768.npy,20220112,256,768,255,768,val
20220112_lidar_tile_256_896.npy,20220112,256,896,255,896,val
20220112_lidar_tile_256_1024.npy,20220112,256,1024,255,1024,val
20220112_lidar_tile_256_1152.npy,20220112,256,1152,255,1152,buffer
20220112_lidar_tile_384_128.npy,20220112,384,128,383,128,test
20220112_lidar_tile_384_256.npy,20220112,384,256,383,256,test
20220112_lidar_tile_384_384.npy,20220112,384,384,383,384,test
20220112_lidar_tile_384_512.npy,20220112,384,512,383,512,test
20220112_lidar_tile_384_640.npy,20220112,384,640,383,640,buffer
20220112_lidar_tile_384_768.npy,20220112,384,768,383,768,val
20220112_lidar_tile_384_896.npy,20220112,384,896,383,896,val
20220112_lidar_tile_384_1024.npy,20220112,384,1024,383,1024,val
20220112_lidar_tile_384_1152.npy,20220112,384,1152,383,1152,buffer
20220112_lidar_tile_384_2304.npy,20220112,384,2304,383,2304,train
20220112_lidar_tile_512_128.npy,20220112,512,128,511,128,test
20220112_lidar_tile_512_256.npy,20220112,512,256,511,256,test
20220112_lidar_tile_512_384.npy,20220112,512,384,511,384,test
20220112_lidar_tile_512_512.npy,20220112,512,512,511,512,test
20220112_lidar_tile_512_640.npy,20220112,512,640,511,640,buffer
20220112_lidar_tile_512_768.npy,20220112,512,768,511,768,val
20220112_lidar_tile_512_896.npy,20220112,512,896,511,896,val
20220112_lidar_tile_512_1024.npy,20220112,512,1024,511,1024,val
20220112_lidar_tile_512_1152.npy,20220112,512,1152,511,1152,buffer
20220112_lidar_tile_512_1280.npy,20220112,512,1280,511,1280,train
20220112_lidar_tile_512_1408.npy,20220112,512,1408,511,1408,train
20220112_lidar_tile_512_1536.npy,20220112,512,1536,511,1536,train
20220112_lidar_tile_512_1664.npy,20220112,512,1664,511,1664,train
20220112_lidar_tile_512_1792.npy,20220112,512,1792,511,1792,train
20220112_lidar_tile_512_1920.npy,20220112,512,1920,511,1920,train
20220112_lidar_tile_512_2048.npy,20220112,512,2048,511,2048,train
20220112_lidar_tile_512_2176.npy,20220112,512,2176,511,2176,train
20220112_lidar_tile_512_2304.npy,20220112,512,2304,511,2304,train
20220112_lidar_tile_512_2432.npy,20220112,512,2432,511,2432,train
20220112_lidar_tile_512_2560.npy,20220112,512,2560,511,2560,train
20220112_lidar_tile_512_2688.npy,20220112,512,2688,511,2688,train
20220112_lidar_tile_512_2816.npy,20220112,512,2816,511,2816,train
20220112_lidar_tile_640_128.npy,20220112,640,128,639,128,test
20220112_lidar_tile_640_256.npy,20220112,640,256,639,256,test
20220112_lidar_tile_640_384.npy,20220112,640,384,639,384,test
20220112_lidar_tile_640_512.npy,20220112,640,512,639,512,test
20220112_lidar_tile_640_640.npy,20220112,640,640,639,640,buffer
20220112_lidar_tile_640_768.npy,20220112,640,768,639,768,val
20220112_lidar_tile_640_896.npy,20220112,640,896,639,896,val
20220112_lidar_tile_640_1024.npy,20220112,640,1024,639,1024,val
20220112_lidar_tile_640_1152.npy,20220112,640,1152,639,1152,buffer
20220112_lidar_tile_640_1280.npy,20220112,640,1280,639,1280,train
20220112_lidar_tile_640_1408.npy,20220112,640,1408,639,1408,train
20220112_lidar_tile_640_1536.npy,20220112,640,1536,639,1536,train
20220112_lidar_tile_640_1664.npy,20220112,640,1664,639,1664,train
20220112_lidar_tile_640_1792.npy,20220112,640,1792,639,1792,train
20220112_lidar_tile_640_1920.npy,20220112,640,1920,639,1920,train
20220112_lidar_tile_640_2048.npy,20220112,640,2048,639,2048,train
20220112_lidar_tile_640_2176.npy,20220112,640,2176,639,2176,train
20220112_lidar_tile_640_2304.npy,20220112,640,2304,639,2304,train
20220112_lidar_tile_640_2432.npy,20220112,640,2432,639,2432,train
20220112_lidar_tile_640_2560.npy,20220112,640,2560,639,2560,train
20220112_lidar_tile_640_2688.npy,20220112,640,2688,639,2688,train
20220112_lidar_tile_640_2816.npy,20220112,640,2816,639,2816,train
20220112_lidar_tile_640_2944.npy,20220112,640,2944,639,2944,train
20220112_lidar_tile_768_128.npy,20220112,768,128,767,128,test
20220112_lidar_tile_768_256.npy,20220112,768,256,767,256,test
20220112_lidar_tile_768_384.npy,20220112,768,384,767,384,test
20220112_lidar_tile_768_512.npy,20220112,768,512,767,512,test
20220112_lidar_tile_768_640.npy,20220112,768,640,767,640,buffer
20220112_lidar_tile_768_768.npy,20220112,768,768,767,768,val
20220112_lidar_tile_768_896.npy,20220112,768,896,767,896,val
20220112_lidar_tile_768_1024.npy,20220112,768,1024,767,1024,val
20220112_lidar_tile_768_1152.npy,20220112,768,1152,767,1152,buffer
20220112_lidar_tile_768_1280.npy,20220112,768,1280,767,1280,train
20220112_lidar_tile_768_1408.npy,20220112,768,1408,767,1408,train
20220112_lidar_tile_768_1536.npy,20220112,768,1536,767,1536,train
20220112_lidar_tile_768_1664.npy,20220112,768,1664,767,1664,train
20220112_lidar_tile_768_1792.npy,20220112,768,1792,767,1792,train
20220112_lidar_tile_768_1920.npy,20220112,768,1920,767,1920,train
20220112_lidar_tile_768_2048.npy,20220112,768,2048,767,2048,train
20220112_lidar_tile_768_2176.npy,20220112,768,2176,767,2176,train
20220112_lidar_tile_768_2304.npy,20220112,768,2304,767,2304,train
20220112_lidar_tile_768_2432.npy,20220112,768,2432,767,2432,train
20220112_lidar_tile_768_2560.npy,20220112,768,2560,767,2560,train
20220112_lidar_tile_768_2688.npy,20220112,768,2688,767,2688,train
20220112_lidar_tile_768_2816.npy,20220112,768,2816,767,2816,train
20220112_lidar_tile_768_2944.npy,20220112,768,2944,767,2944,train
20220112_lidar_tile_768_3072.npy,20220112,768,3072,767,3072,train
20220112_lidar_tile_896_128.npy,20220112,896,128,895,128,test
20220112_lidar_tile_896_256.npy,20220112,896,256,895,256,test
20220112_lidar_tile_896_384.npy,20220112,896,384,895,384,test
20220112_lidar_tile_896_512.npy,20220112,896,512,895,512,test
20220112_lidar_tile_896_640.npy,20220112,896,640,895,640,buffer
20220112_lidar_tile_896_768.npy,20220112,896,768,895,768,val
20220112_lidar_tile_896_896.npy,20220112,896,896,895,896,val
20220112_lidar_tile_896_1024.npy,20220112,896,1024,895,1024,val
20220112_lidar_tile_896_1152.npy,20220112,896,1152,895,1152,buffer
20220112_lidar_tile_896_1280.npy,20220112,896,1280,895,1280,train
20220112_lidar_tile_896_1408.npy,20220112,896,1408,895,1408,train
20220112_lidar_tile_896_1536.npy,20220112,896,1536,895,1536,train
20220112_lidar_tile_896_1664.npy,20220112,896,1664,895,1664,train
20220112_lidar_tile_896_1792.npy,20220112,896,1792,895,1792,train
20220112_lidar_tile_896_1920.npy,20220112,896,1920,895,1920,train
20220112_lidar_tile_896_2176.npy,20220112,896,2176,895,2176,train
20220112_lidar_tile_896_2304.npy,20220112,896,2304,895,2304,train
20220112_lidar_tile_896_2432.npy,20220112,896,2432,895,2432,train
20220112_lidar_tile_896_2560.npy,20220112,896,2560,895,2560,train
20220112_lidar_tile_896_2688.npy,20220112,896,2688,895,2688,train
20220112_lidar_tile_896_2816.npy,20220112,896,2816,895,2816,train
20220112_lidar_tile_896_2944.npy,20220112,896,2944,895,2944,train
20220112_lidar_tile_896_3072.npy,20220112,896,3072,895,3072,train
20220112_lidar_tile_896_3200.npy,20220112,896,3200,895,3200,train
20220112_lidar_tile_1024_128.npy,20220112,1024,128,1023,128,test
20220112_lidar_tile_1024_256.npy,20220112,1024,256,1023,256,test
20220112_lidar_tile_1024_384.npy,20220112,1024,384,1023,384,test
20220112_lidar_tile_1024_512.npy,20220112,1024,512,1023,512,test
20220112_lidar_tile_1024_640.npy,20220112,1024,640,1023,640,buffer
20220112_lidar_tile_1024_768.npy,20220112,1024,768,1023,768,val
20220112_lidar_tile_1024_896.npy,20220112,1024,896,1023,896,val
20220112_lidar_tile_1024_1024.npy,20220112,1024,1024,1023,1024,val
20220112_lidar_tile_1024_1152.npy,20220112,1024,1152,1023,1152,buffer
20220112_lidar_tile_1024_1280.npy,20220112,1024,1280,1023,1280,train
20220112_lidar_tile_1024_1408.npy,20220112,1024,1408,1023,1408,train
20220112_lidar_tile_1024_1536.npy,20220112,1024,1536,1023,1536,train
20220112_lidar_tile_1024_1664.npy,20220112,1024,1664,1023,1664,train
20220112_lidar_tile_1024_1792.npy,20220112,1024,1792,1023,1792,train
20220112_lidar_tile_1024_1920.npy,20220112,1024,1920,1023,1920,train
20220112_lidar_tile_1024_2048.npy,20220112,1024,2048,1023,2048,train
20220112_lidar_tile_1024_2176.npy,20220112,1024,2176,1023,2176,train
20220112_lidar_tile_1024_2304.npy,20220112,1024,2304,1023,2304,train
20220112_lidar_tile_1024_2432.npy,20220112,1024,2432,1023,2432,train
20220112_lidar_tile_1024_2560.npy,20220112,1024,2560,1023,2560,train
20220112_lidar_tile_1024_2688.npy,20220112,1024,2688,1023,2688,train
20220112_lidar_tile_1024_2816.npy,20220112,1024,2816,1023,2816,train
20220112_lidar_tile_1024_2944.npy,20220112,1024,2944,1023,2944,train
20220112_lidar_tile_1024_3072.npy,20220112,1024,3072,1023,3072,train
20220112_lidar_tile_1024_3200.npy,20220112,1024,3200,1023,3200,train
20220112_lidar_tile_1152_256.npy,20220112,1152,256,1151,256,test
20220112_lidar_tile_1152_384.npy,20220112,1152,384,1151,384,test
20220112_lidar_tile_1152_512.npy,20220112,1152,512,1151,512,test
20220112_lidar_tile_1152_640.npy,20220112,1152,640,1151,640,buffer
20220112_lidar_tile_1152_768.npy,20220112,1152,768,1151,768,val
20220112_lidar_tile_1152_896.npy,20220112,1152,896,1151,896,val
20220112_lidar_tile_1152_1024.npy,20220112,1152,1024,1151,1024,val
20220112_lidar_tile_1152_1152.npy,20220112,1152,1152,1151,1152,buffer
20220112_lidar_tile_1152_1280.npy,20220112,1152,1280,1151,1280,train
20220112_lidar_tile_1152_1408.npy,20220112,1152,1408,1151,1408,train
20220112_lidar_tile_1152_1536.npy,20220112,1152,1536,1151,1536,train
20220112_lidar_tile_1152_1664.npy,20220112,1152,1664,1151,1664,train
20220112_lidar_tile_1152_1792.npy,20220112,1152,1792,1151,1792,train
20220112_lidar_tile_1152_1920.npy,20220112,1152,1920,1151,1920,train
20220112_lidar_tile_1152_2048.npy,20220112,1152,2048,1151,2048,train
20220112_lidar_tile_1152_2176.npy,20220112,1152,2176,1151,2176,train
20220112_lidar_tile_1152_2304.npy,20220112,1152,2304,1151,2304,train
20220112_lidar_tile_1152_2432.npy,20220112,1152,2432,1151,2432,train
20220112_lidar_tile_1152_2560.npy,20220112,1152,2560,1151,2560,train
20220112_lidar_tile_1152_2688.npy,20220112,1152,2688,1151,2688,train
20220112_lidar_tile_1152_2816.npy,20220112,1152,2816,1151,2816,train
20220112_lidar_tile_1152_2944.npy,20220112,1152,2944,1151,2944,train
20220112_lidar_tile_1152_3072.npy,20220112,1152,3072,1151,3072,train
20220112_lidar_tile_1280_384.npy,20220112,1280,384,1279,384,test
20220112_lidar_tile_1280_512.npy,20220112,1280,512,1279,512,test
20220112_lidar_tile_1280_640.npy,20220112,1280,640,1279,640,buffer
20220112_lidar_tile_1280_768.npy,20220112,1280,768,1279,768,val
20220112_lidar_tile_1280_896.npy,20220112,1280,896,1279,896,val
20220112_lidar_tile_1280_1024.npy,20220112,1280,1024,1279,1024,val
20220112_lidar_tile_1280_1152.npy,20220112,1280,1152,1279,1152,buffer
20220112_lidar_tile_1280_1280.npy,20220112,1280,1280,1279,1280,train
20220112_lidar_tile_1280_1408.npy,20220112,1280,1408,1279,1408,train
20220112_lidar_tile_1280_1536.npy,20220112,1280,1536,1279,1536,train
20220112_lidar_tile_1280_1664.npy,20220112,1280,1664,1279,1664,train
20220112_lidar_tile_1280_1792.npy,20220112,1280,1792,1279,1792,train
20220112_lidar_tile_1280_1920.npy,20220112,1280,1920,1279,1920,train
20220112_lidar_tile_1280_2048.npy,20220112,1280,2048,1279,2048,train
20220112_lidar_tile_1280_2176.npy,20220112,1280,2176,1279,2176,train
20220112_lidar_tile_1280_2304.npy,20220112,1280,2304,1279,2304,train
20220112_lidar_tile_1280_2432.npy,20220112,1280,2432,1279,2432,train
20220112_lidar_tile_1280_2560.npy,20220112,1280,2560,1279,2560,train
20220112_lidar_tile_1280_2688.npy,20220112,1280,2688,1279,2688,train
20220112_lidar_tile_1280_2816.npy,20220112,1280,2816,1279,2816,train
20220112_lidar_tile_1280_2944.npy,20220112,1280,2944,1279,2944,train
20220112_lidar_tile_1280_3072.npy,20220112,1280,3072,1279,3072,train
20220112_lidar_tile_1408_768.npy,20220112,1408,768,1407,768,val
20220112_lidar_tile_1408_896.npy,20220112,1408,896,1407,896,val
20220112_lidar_tile_1408_1024.npy,20220112,1408,1024,1407,1024,val
20220112_lidar_tile_1408_1152.npy,20220112,1408,1152,1407,1152,buffer
20220112_lidar_tile_1408_1280.npy,20220112,1408,1280,1407,1280,train
20220112_lidar_tile_1408_1408.npy,20220112,1408,1408,1407,1408,train
20220112_lidar_tile_1408_1536.npy,20220112,1408,1536,1407,1536,train
20220112_lidar_tile_1408_1664.npy,20220112,1408,1664,1407,1664,train
20220112_lidar_tile_1408_1792.npy,20220112,1408,1792,1407,1792,train
20220112_lidar_tile_1408_1920.npy,20220112,1408,1920,1407,1920,train
20220112_lidar_tile_1408_2048.npy,20220112,1408,2048,1407,2048,train
20220112_lidar_tile_1408_2176.npy,20220112,1408,2176,1407,2176,train
20220112_lidar_tile_1408_2304.npy,20220112,1408,2304,1407,2304,train
20220112_lidar_tile_1408_2432.npy,20220112,1408,2432,1407,2432,train
20220112_lidar_tile_1408_2560.npy,20220112,1408,2560,1407,2560,train
20220112_lidar_tile_1408_2688.npy,20220112,1408,2688,1407,2688,train
20220112_lidar_tile_1408_2816.npy,20220112,1408,2816,1407,2816,train
20220112_lidar_tile_1408_2944.npy,20220112,1408,2944,1407,2944,train
20220112_lidar_tile_1408_3072.npy,20220112,1408,3072,1407,3072,train
20220112_lidar_tile_1536_768.npy,20220112,1536,768,1535,768,val
20220112_lidar_tile_1536_896.npy,20220112,1536,896,1535,896,val
20220112_lidar_tile_1536_1024.npy,20220112,1536,1024,1535,1024,val
20220112_lidar_tile_1536_1152.npy,20220112,1536,1152,1535,1152,buffer
20220112_lidar_tile_1536_1280.npy,20220112,1536,1280,1535,1280,train
20220112_lidar_tile_1536_1408.npy,20220112,1536,1408,1535,1408,train
20220112_lidar_tile_1536_1536.npy,20220112,1536,1536,1535,1536,train
20220112_lidar_tile_1536_1664.npy,20220112,1536,1664,1535,1664,train
20220112_lidar_tile_1536_1792.npy,20220112,1536,1792,1535,1792,train
20220112_lidar_tile_1536_1920.npy,20220112,1536,1920,1535,1920,train
20220112_lidar_tile_1536_2048.npy,20220112,1536,2048,1535,2048,train
20220112_lidar_tile_1536_2176.npy,20220112,1536,2176,1535,2176,train
20220112_lidar_tile_1536_2304.npy,20220112,1536,2304,1535,2304,train
20220112_lidar_tile_1536_2432.npy,20220112,1536,2432,1535,2432,train
20220112_lidar_tile_1536_2560.npy,20220112,1536,2560,1535,2560,train
20220112_lidar_tile_1536_2688.npy,20220112,1536,2688,1535,2688,train
20220112_lidar_tile_1536_2816.npy,20220112,1536,2816,1535,2816,train
20220112_lidar_tile_1536_2944.npy,20220112,1536,2944,1535,2944,train
20220112_lidar_tile_1536_3072.npy,20220112,1536,3072,1535,3072,train
20220112_lidar_tile_1664_768.npy,20220112,1664,768,1663,768,val
20220112_lidar_tile_1664_896.npy,20220112,1664,896,1663,896,val
20220112_lidar_tile_1664_1024.npy,20220112,1664,1024,1663,1024,val
20220112_lidar_tile_1664_1152.npy,20220112,1664,1152,1663,1152,buffer
20220112_lidar_tile_1664_1280.npy,20220112,1664,1280,1663,1280,train
20220112_lidar_tile_1664_1408.npy,20220112,1664,1408,1663,1408,train
20220112_lidar_tile_1664_1536.npy,20220112,1664,1536,1663,1536,train
20220112_lidar_tile_1664_1664.npy,20220112,1664,1664,1663,1664,train
20220112_lidar_tile_1664_1792.npy,20220112,1664,1792,1663,1792,train
20220112_lidar_tile_1664_1920.npy,20220112,1664,1920,1663,1920,train
20220112_lidar_tile_1664_2048.npy,20220112,1664,2048,1663,2048,train
20220112_lidar_tile_1664_2176.npy,20220112,1664,2176,1663,2176,train
20220112_lidar_tile_1664_2304.npy,20220112,1664,2304,1663,2304,train
20220112_lidar_tile_1664_2432.npy,20220112,1664,2432,1663,2432,train
20220112_lidar_tile_1664_2560.npy,20220112,1664,2560,1663,2560,train
20220112_lidar_tile_1664_2688.npy,20220112,1664,2688,1663,2688,train
20220112_lidar_tile_1664_2816.npy,20220112,1664,2816,1663,2816,train
20220112_lidar_tile_1664_2944.npy,20220112,1664,2944,1663,2944,train
20220112_lidar_tile_1792_768.npy,20220112,1792,768,1791,768,val
20220112_lidar_tile_1792_896.npy,20220112,1792,896,1791,896,val
20220112_lidar_tile_1792_1024.npy,20220112,1792,1024,1791,1024,val
20220112_lidar_tile_1792_1152.npy,20220112,1792,1152,1791,1152,buffer
20220112_lidar_tile_1792_1280.npy,20220112,1792,1280,1791,1280,train
20220112_lidar_tile_1792_1408.npy,20220112,1792,1408,1791,1408,train
20220112_lidar_tile_1792_1536.npy,20220112,1792,1536,1791,1536,train
20220112_lidar_tile_1792_1664.npy,20220112,1792,1664,1791,1664,train
20220112_lidar_tile_1792_1792.npy,20220112,1792,1792,1791,1792,train
20220112_lidar_tile_1792_1920.npy,20220112,1792,1920,1791,1920,train
20220112_lidar_tile_1792_2048.npy,20220112,1792,2048,1791,2048,train
20220112_lidar_tile_1792_2176.npy,20220112,1792,2176,1791,2176,train
20220112_lidar_tile_1792_2304.npy,20220112,1792,2304,1791,2304,train
20220112_lidar_tile_1792_2432.npy,20220112,1792,2432,1791,2432,train
20220112_lidar_tile_1792_2560.npy,20220112,1792,2560,1791,2560,train
20220112_lidar_tile_1792_2688.npy,20220112,1792,2688,1791,2688,train
20220112_lidar_tile_1792_2816.npy,20220112,1792,2816,1791,2816,train
20220112_lidar_tile_1792_2944.npy,20220112,1792,2944,1791,2944,train
20220112_lidar_tile_1920_768.npy,20220112,1920,768,1919,768,val
20220112_lidar_tile_1920_896.npy,20220112,1920,896,1919,896,val
20220112_lidar_tile_1920_1024.npy,20220112,1920,1024,1919,1024,val
20220112_lidar_tile_1920_1152.npy,20220112,1920,1152,1919,1152,buffer
20220112_lidar_tile_1920_1280.npy,20220112,1920,1280,1919,1280,train
20220112_lidar_tile_1920_1408.npy,20220112,1920,1408,1919,1408,train
20220112_lidar_tile_1920_1536.npy,20220112,1920,1536,1919,1536,train
20220112_lidar_tile_1920_1664.npy,20220112,1920,1664,1919,1664,train
20220112_lidar_tile_1920_1792.npy,20220112,1920,1792,1919,1792,train
20220112_lidar_tile_1920_1920.npy,20220112,1920,1920,1919,1920,train
20220112_lidar_tile_1920_2048.npy,20220112,1920,2048,1919,2048,train
20220112_lidar_tile_1920_2176.npy,20220112,1920,2176,1919,2176,train
20220112_lidar_tile_1920_2304.npy,20220112,1920,2304,1919,2304,train
20220112_lidar_tile_1920_2432.npy,20220112,1920,2432,1919,2432,train
20220112_lidar_tile_1920_2560.npy,20220112,1920,2560,1919,2560,train
20220112_lidar_tile_1920_2688.npy,20220112,1920,2688,1919,2688,train
20220112_lidar_tile_1920_2816.npy,20220112,1920,2816,1919,2816,train
20220112_lidar_tile_2048_768.npy,20220112,2048,768,2047,768,val
20220112_lidar_tile_2048_896.npy,20220112,2048,896,2047,896,val
20220112_lidar_tile_2048_1024.npy,20220112,2048,1024,2047,1024,val
20220112_lidar_tile_2048_1152.npy,20220112,2048,1152,2047,1152,buffer
20220112_lidar_tile_2048_1280.npy,20220112,2048,1280,2047,1280,train
20220112_lidar_tile_2048_1408.npy,20220112,2048,1408,2047,1408,train
20220112_lidar_tile_2048_1536.npy,20220112,2048,1536,2047,1536,train
20220112_lidar_tile_2048_1664.npy,20220112,2048,1664,2047,1664,train
20220112_lidar_tile_2048_1792.npy,20220112,2048,1792,2047,1792,train
20220112_lidar_tile_2048_1920.npy,20220112,2048,1920,2047,1920,train
20220112_lidar_tile_2048_2048.npy,20220112,2048,2048,2047,2048,train
20220112_lidar_tile_2048_2176.npy,20220112,2048,2176,2047,2176,train
20220112_lidar_tile_2048_2304.npy,20220112,2048,2304,2047,2304,train
20220112_lidar_tile_2048_2432.npy,20220112,2048,2432,2047,2432,train
20220112_lidar_tile_2048_2560.npy,20220112,2048,2560,2047,2560,train
20220112_lidar_tile_2048_2688.npy,20220112,2048,2688,2047,2688,train
20220112_lidar_tile_2048_2816.npy,20220112,2048,2816,2047,2816,train
20220112_lidar_tile_2176_1024.npy,20220112,2176,1024,2175,1024,val
20220112_lidar_tile_2176_1152.npy,20220112,2176,1152,2175,1152,buffer
20220112_lidar_tile_2176_1280.npy,20220112,2176,1280,2175,1280,train
20220112_lidar_tile_2176_1408.npy,20220112,2176,1408,2175,1408,train
20220112_lidar_tile_2176_1536.npy,20220112,2176,1536,2175,1536,train
20220112_lidar_tile_2176_1664.npy,20220112,2176,1664,2175,1664,train
20220112_lidar_tile_2176_1792.npy,20220112,2176,1792,2175,1792,train
20220112_lidar_tile_2176_1920.npy,20220112,2176,1920,2175,1920,train
20220112_lidar_tile_2176_2048.npy,20220112,2176,2048,2175,2048,train
20220112_lidar_tile_2176_2176.npy,20220112,2176,2176,2175,2176,train
20220112_lidar_tile_2176_2304.npy,20220112,2176,2304,2175,2304,train
20220112_lidar_tile_2176_2432.npy,20220112,2176,2432,2175,2432,train
20220112_lidar_tile_2176_2560.npy,20220112,2176,2560,2175,2560,train
20220112_lidar_tile_2176_2688.npy,20220112,2176,2688,2175,2688,train
20220112_lidar_tile_2304_1024.npy,20220112,2304,1024,2303,1024,val
20220112_lidar_tile_2304_1152.npy,20220112,2304,1152,2303,1152,buffer
20220112_lidar_tile_2304_1280.npy,20220112,2304,1280,2303,1280,train
20220112_lidar_tile_2304_1408.npy,20220112,2304,1408,2303,1408,train
20220112_lidar_tile_2304_1536.npy,20220112,2304,1536,2303,1536,train
20220112_lidar_tile_2304_1664.npy,20220112,2304,1664,2303,1664,train
20220112_lidar_tile_2304_2176.npy,20220112,2304,2176,2303,2176,train
20220112_lidar_tile_2304_2304.npy,20220112,2304,2304,2303,2304,train
20220112_lidar_tile_2304_2432.npy,20220112,2304,2432,2303,2432,train
20220112_lidar_tile_2304_2560.npy,20220112,2304,2560,2303,2560,train
20220128_lidar_tile_128_256.npy,20220128,128,256,127,334,test
20220128_lidar_tile_128_384.npy,20220128,128,384,127,462,test
20220128_lidar_tile_128_512.npy,20220128,128,512,127,590,test
20220128_lidar_tile_128_640.npy,20220128,128,640,127,718,buffer
20220128_lidar_tile_128_768.npy,20220128,128,768,127,846,val
20220128_lidar_tile_256_128.npy,20220128,256,128,255,206,test
20220128_lidar_tile_256_256.npy,20220128,256,256,255,334,test
20220128_lidar_tile_256_384.npy,20220128,256,384,255,462,test
20220128_lidar_tile_256_512.npy,20220128,256,512,255,590,test
20220128_lidar_tile_256_640.npy,20220128,256,640,255,718,buffer
20220128_lidar_tile_256_768.npy,20220128,256,768,255,846,val
20220128_lidar_tile_256_896.npy,20220128,256,896,255,974,val
20220128_lidar_tile_256_1024.npy,20220128,256,1024,255,1102,val
20220128_lidar_tile_384_128.npy,20220128,384,128,383,206,test
20220128_lidar_tile_384_256.npy,20220128,384,256,383,334,test
20220128_lidar_tile_384_384.npy,20220128,384,384,383,462,test
20220128_lidar_tile_384_512.npy,20220128,384,512,383,590,test
20220128_lidar_tile_384_640.npy,20220128,384,640,383,718,buffer
20220128_lidar_tile_384_768.npy,20220128,384,768,383,846,val
20220128_lidar_tile_384_896.npy,20220128,384,896,383,974,val
20220128_lidar_tile_384_1024.npy,20220128,384,1024,383,1102,val
20220128_lidar_tile_384_1152.npy,20220128,384,1152,383,1230,buffer
20220128_lidar_tile_384_2176.npy,20220128,384,2176,383,2254,train
20220128_lidar_tile_384_2304.npy,20220128,384,2304,383,2382,train
20220128_lidar_tile_512_128.npy,20220128,512,128,511,206,test
20220128_lidar_tile_512_256.npy,20220128,512,256,511,334,test
20220128_lidar_tile_512_384.npy,20220128,512,384,511,462,test
20220128_lidar_tile_512_512.npy,20220128,512,512,511,590,test
20220128_lidar_tile_512_640.npy,20220128,512,640,511,718,buffer
20220128_lidar_tile_512_768.npy,20220128,512,768,511,846,val
20220128_lidar_tile_512_896.npy,20220128,512,896,511,974,val
20220128_lidar_tile_512_1024.npy,20220128,512,1024,511,1102,val
20220128_lidar_tile_512_1152.npy,20220128,512,1152,511,1230,buffer
20220128_lidar_tile_512_1280.npy,20220128,512,1280,511,1358,train
20220128_lidar_tile_512_1408.npy,20220128,512,1408,511,1486,train
20220128_lidar_tile_512_1536.npy,20220128,512,1536,511,1614,train
20220128_lidar_tile_512_1664.npy,20220128,512,1664,511,1742,train
20220128_lidar_tile_512_1792.npy,20220128,512,1792,511,1870,train
20220128_lidar_tile_512_1920.npy,20220128,512,1920,511,1998,train
20220128_lidar_tile_512_2048.npy,20220128,512,2048,511,2126,train
20220128_lidar_tile_512_2176.npy,20220128,512,2176,511,2254,train
20220128_lidar_tile_512_2304.npy,20220128,512,2304,511,2382,train
20220128_lidar_tile_512_2432.npy,20220128,512,2432,511,2510,train
20220128_lidar_tile_512_2560.npy,20220128,512,2560,511,2638,train
20220128_lidar_tile_640_0.npy,20220128,640,0,639,78,test
20220128_lidar_tile_640_128.npy,20220128,640,128,639,206,test
20220128_lidar_tile_640_256.npy,20220128,640,256,639,334,test
20220128_lidar_tile_640_384.npy,20220128,640,384,639,462,test
20220128_lidar_tile_640_512.npy,20220128,640,512,639,590,test
20220128_lidar_tile_640_640.npy,20220128,640,640,639,718,buffer
20220128_lidar_tile_640_768.npy,20220128,640,768,639,846,val
20220128_lidar_tile_640_896.npy,20220128,640,896,639,974,val
20220128_lidar_tile_640_1024.npy,20220128,640,1024,639,1102,val
20220128_lidar_tile_640_1152.npy,20220128,640,1152,639,1230,buffer
20220128_lidar_tile_640_1280.npy,20220128,640,1280,639,1358,train
20220128_lidar_tile_640_1408.npy,20220128,640,1408,639,1486,train
20220128_lidar_tile_640_1536.npy,20220128,640,1536,639,1614,train
20220128_lidar_tile_640_1664.npy,20220128,640,1664,639,1742,train
20220128_lidar_tile_640_1792.npy,20220128,640,1792,639,1870,train
20220128_lidar_tile_640_1920.npy,20220128,640,1920,639,1998,train
20220128_lidar_tile_640_2048.npy,20220128,640,2048,639,2126,train
20220128_lidar_tile_640_2176.npy,20220128,640,2176,639,2254,train
20220128_lidar_tile_640_2304.npy,20220128,640,2304,639,2382,train
20220128_lidar_tile_640_2432.npy,20220128,640,2432,639,2510,train
20220128_lidar_tile_640_2560.npy,20220128,640,2560,639,2638,train
20220128_lidar_tile_768_128.npy,20220128,768,128,767,206,test
20220128_lidar_tile_768_256.npy,20220128,768,256,767,334,test
20220128_lidar_tile_768_384.npy,20220128,768,384,767,462,test
20220128_lidar_tile_768_512.npy,20220128,768,512,767,590,test
20220128_lidar_tile_768_640.npy,20220128,768,640,767,718,buffer
20220128_lidar_tile_768_768.npy,20220128,768,768,767,846,val
20220128_lidar_tile_768_896.npy,20220128,768,896,767,974,val
20220128_lidar_tile_768_1024.npy,20220128,768,1024,767,1102,val
20220128_lidar_tile_768_1152.npy,20220128,768,1152,767,1230,buffer
20220128_lidar_tile_768_1280.npy,20220128,768,1280,767,1358,train
20220128_lidar_tile_768_1408.npy,20220128,768,1408,767,1486,train
20220128_lidar_tile_768_1536.npy,20220128,768,1536,767,1614,train
20220128_lidar_tile_768_1664.npy,20220128,768,1664,767,1742,train
20220128_lidar_tile_768_1792.npy,20220128,768,1792,767,1870,train
20220128_lidar_tile_768_1920.npy,20220128,768,1920,767,1998,train
20220128_lidar_tile_768_2048.npy,20220128,768,2048,767,2126,train
20220128_lidar_tile_768_2176.npy,20220128,768,2176,767,2254,train
20220128_lidar_tile_768_2304.npy,20220128,768,2304,767,2382,train
20220128_lidar_tile_768_2432.npy,20220128,768,2432,767,2510,train
20220128_lidar_tile_768_2560.npy,20220128,768,2560,767,2638,train
20220128_lidar_tile_896_128.npy,20220128,896,128,895,206,test
20220128_lidar_tile_896_256.npy,20220128,896,256,895,334,test
20220128_lidar_tile_896_384.npy,20220128,896,384,895,462,test
20220128_lidar_tile_896_512.npy,20220128,896,512,895,590,test
20220128_lidar_tile_896_640.npy,20220128,896,640,895,718,buffer
20220128_lidar_tile_896_768.npy,20220128,896,768,895,846,val
20220128_lidar_tile_896_896.npy,20220128,896,896,895,974,val
20220128_lidar_tile_896_1024.npy,20220128,896,1024,895,1102,val
20220128_lidar_tile_896_1152.npy,20220128,896,1152,895,1230,buffer
20220128_lidar_tile_896_1280.npy,20220128,896,1280,895,1358,train
20220128_lidar_tile_896_1408.npy,20220128,896,1408,895,1486,train
20220128_lidar_tile_896_1536.npy,20220128,896,1536,895,1614,train
20220128_lidar_tile_896_1664.npy,20220128,896,1664,895,1742,train
20220128_lidar_tile_896_1792.npy,20220128,896,1792,895,1870,train
20220128_lidar_tile_896_2048.npy,20220128,896,2048,895,2126,train
20220128_lidar_tile_896_2176.npy,20220128,896,2176,895,2254,train
20220128_lidar_tile_896_2304.npy,20220128,896,2304,895,2382,train
20220128_lidar_tile_896_2432.npy,20220128,896,2432,895,2510,train
20220128_lidar_tile_896_2560.npy,20220128,896,2560,895,2638,train
20220128_lidar_tile_1024_128.npy,20220128,1024,128,1023,206,test
20220128_lidar_tile_1024_256.npy,20220128,1024,256,1023,334,test
20220128_lidar_tile_1024_384.npy,20220128,1024,384,1023,462,test
20220128_lidar_tile_1024_512.npy,20220128,1024,512,1023,590,test
20220128_lidar_tile_1024_640.npy,20220128,1024,640,1023,718,buffer
20220128_lidar_tile_1024_768.npy,20220128,1024,768,1023,846,val
20220128_lidar_tile_1024_896.npy,20220128,1024,896,1023,974,val
20220128_lidar_tile_1024_1024.npy,20220128,1024,1024,1023,1102,val
20220128_lidar_tile_1024_1152.npy,20220128,1024,1152,1023,1230,buffer
20220128_lidar_tile_1024_1280.npy,20220128,1024,1280,1023,1358,train
20220128_lidar_tile_1024_1408.npy,20220128,1024,1408,1023,1486,train
20220128_lidar_tile_1024_1536.npy,20220128,1024,1536,1023,1614,train
20220128_lidar_tile_1024_1664.npy,20220128,1024,1664,1023,1742,train
20220128_lidar_tile_1024_1792.npy,20220128,1024,1792,1023,1870,train
20220128_lidar_tile_1024_1920.npy,20220128,1024,1920,1023,1998,train
20220128_lidar_tile_1024_2048.npy,20220128,1024,2048,1023,2126,train
20220128_lidar_tile_1024_2176.npy,20220128,1024,2176,1023,2254,train
20220128_lidar_tile_1024_2304.npy,20220128,1024,2304,1023,2382,train
20220128_lidar_tile_1024_2432.npy,20220128,1024,2432,1023,2510,train
20220128_lidar_tile_1024_2560.npy,20220128,1024,2560,1023,2638,train
20220128_lidar_tile_1024_2688.npy,20220128,1024,2688,1023,2766,train
20220128_lidar_tile_1024_2816.npy,20220128,1024,2816,1023,2894,train
20220128_lidar_tile_1152_256.npy,20220128,1152,256,1151,334,test
20220128_lidar_tile_1152_384.npy,20220128,1152,384,1151,462,test
20220128_lidar_tile_1152_512.npy,20220128,1152,512,1151,590,test
20220128_lidar_tile_1152_640.npy,20220128,1152,640,1151,718,buffer
20220128_lidar_tile_1152_768.npy,20220128,1152,768,1151,846,val
20220128_lidar_tile_1152_896.npy,20220128,1152,896,1151,974,val
20220128_lidar_tile_1152_1024.npy,20220128,1152,1024,1151,1102,val
20220128_lidar_tile_1152_1152.npy,20220128,1152,1152,1151,1230,buffer
20220128_lidar_tile_1152_1280.npy,20220128,1152,1280,1151,1358,train
20220128_lidar_tile_1152_1408.npy,20220128,1152,1408,1151,1486,train
20220128_lidar_tile_1152_1536.npy,20220128,1152,1536,1151,1614,train
20220128_lidar_tile_1152_1664.npy,20220128,1152,1664,1151,1742,train
20220128_lidar_tile_1152_1792.npy,20220128,1152,1792,1151,1870,train
20220128_lidar_tile_1152_1920.npy,20220128,1152,1920,1151,1998,train
20220128_lidar_tile_1152_2048.npy,20220128,1152,2048,1151,2126,train
20220128_lidar_tile_1152_2176.npy,20220128,1152,2176,1151,2254,train
20220128_lidar_tile_1152_2304.npy,20220128,1152,2304,1151,2382,train
20220128_lidar_tile_1152_2432.npy,20220128,1152,2432,1151,2510,train
20220128_lidar_tile_1152_2560.npy,20220128,1152,2560,1151,2638,train
20220128_lidar_tile_1152_2688.npy,20220128,1152,2688,1151,2766,train
20220128_lidar_tile_1152_2816.npy,20220128,1152,2816,1151,2894,train
20220128_lidar_tile_1280_256.npy,20220128,1280,256,1279,334,test
20220128_lidar_tile_1280_384.npy,20220128,1280,384,1279,462,test
20220128_lidar_tile_1280_512.npy,20220128,1280,512,1279,590,test
20220128_lidar_tile_1280_640.npy,20220128,1280,640,1279,718,buffer
20220128_lidar_tile_1280_768.npy,20220128,1280,768,1279,846,val
20220128_lidar_tile_1280_896.npy,20220128,1280,896,1279,974,val
20220128_lidar_tile_1280_1024.npy,20220128,1280,1024,1279,1102,val
20220128_lidar_tile_1280_1152.npy,20220128,1280,1152,1279,1230,buffer
20220128_lidar_tile_1280_1280.npy,20220128,1280,1280,1279,1358,train
20220128_lidar_tile_1280_1408.npy,20220128,1280,1408,1279,1486,train
20220128_lidar_tile_1280_1536.npy,20220128,1280,1536,1279,1614,train
20220128_lidar_tile_1280_1664.npy,20220128,1280,1664,1279,1742,train
20220128_lidar_tile_1280_1792.npy,20220128,1280,1792,1279,1870,train
20220128_lidar_tile_1280_1920.npy,20220128,1280,1920,1279,1998,train
20220128_lidar_tile_1280_2048.npy,20220128,1280,2048,1279,2126,train
20220128_lidar_tile_1280_2176.npy,20220128,1280,2176,1279,2254,train
20220128_lidar_tile_1280_2304.npy,20220128,1280,2304,1279,2382,train
20220128_lidar_tile_1280_2432.npy,20220128,1280,2432,1279,2510,train
20220128_lidar_tile_1280_2560.npy,20220128,1280,2560,1279,2638,train
20220128_lidar_tile_1280_2688.npy,20220128,1280,2688,1279,2766,train
20220128_lidar_tile_1280_2816.npy,20220128,1280,2816,1279,2894,train
20220128_lidar_tile_1408_640.npy,20220128,1408,640,1407,718,buffer
20220128_lidar_tile_1408_768.npy,20220128,1408,768,1407,846,val
20220128_lidar_tile_1408_896.npy,20220128,1408,896,1407,974,val
20220128_lidar_tile_1408_1024.npy,20220128,1408,1024,1407,1102,val
20220128_lidar_tile_1408_1152.npy,20220128,1408,1152,1407,1230,buffer
20220128_lidar_tile_1408_1280.npy,20220128,1408,1280,1407,1358,train
20220128_lidar_tile_1408_1408.npy,20220128,1408,1408,1407,1486,train
20220128_lidar_tile_1408_1536.npy,20220128,1408,1536,1407,1614,train
20220128_lidar_tile_1408_1664.npy,20220128,1408,1664,1407,1742,train
20220128_lidar_tile_1408_1792.npy,20220128,1408,1792,1407,1870,train
20220128_lidar_tile_1408_1920.npy,20220128,1408,1920,1407,1998,train
20220128_lidar_tile_1408_2048.npy,20220128,1408,2048,1407,2126,train
20220128_lidar_tile_1408_2176.npy,20220128,1408,2176,1407,2254,train
20220128_lidar_tile_1408_2304.npy,20220128,1408,2304,1407,2382,train
20220128_lidar_tile_1408_2432.npy,20220128,1408,2432,1407,2510,train
20220128_lidar_tile_1408_2560.npy,20220128,1408,2560,1407,2638,train
20220128_lidar_tile_1408_2688.npy,20220128,1408,2688,1407,2766,train
20220128_lidar_tile_1408_2816.npy,20220128,1408,2816,1407,2894,train
20220128_lidar_tile_1408_2944.npy,20220128,1408,2944,1407,3022,train
20220128_lidar_tile_1536_768.npy,20220128,1536,768,1535,846,val
20220128_lidar_tile_1536_896.npy,20220128,1536,896,1535,974,val
20220128_lidar_tile_1536_1024.npy,20220128,1536,1024,1535,1102,val
20220128_lidar_tile_1536_1152.npy,20220128,1536,1152,1535,1230,buffer
20220128_lidar_tile_1536_1280.npy,20220128,1536,1280,1535,1358,train
20220128_lidar_tile_1536_1408.npy,20220128,1536,1408,1535,1486,train
20220128_lidar_tile_1536_1536.npy,20220128,1536,1536,1535,1614,train
20220128_lidar_tile_1536_1664.npy,20220128,1536,1664,1535,1742,train
20220128_lidar_tile_1536_1792.npy,20220128,1536,1792,1535,1870,train
20220128_lidar_tile_1536_1920.npy,20220128,1536,1920,1535,1998,train
20220128_lidar_tile_1536_2048.npy,20220128,1536,2048,1535,2126,train
20220128_lidar_tile_1536_2176.npy,20220128,1536,2176,1535,2254,train
20220128_lidar_tile_1536_2304.npy,20220128,1536,2304,1535,2382,train
20220128_lidar_tile_1536_2432.npy,20220128,1536,2432,1535,2510,train
20220128_lidar_tile_1536_2560.npy,20220128,1536,2560,1535,2638,train
20220128_lidar_tile_1536_2688.npy,20220128,1536,2688,1535,2766,train
20220128_lidar_tile_1536_2816.npy,20220128,1536,2816,1535,2894,train
20220128_lidar_tile_1536_2944.npy,20220128,1536,2944,1535,3022,train
20220128_lidar_tile_1664_768.npy,20220128,1664,768,1663,846,val
20220128_lidar_tile_1664_896.npy,20220128,1664,896,1663,974,val
20220128_lidar_tile_1664_1024.npy,20220128,1664,1024,1663,1102,val
20220128_lidar_tile_1664_1152.npy,20220128,1664,1152,1663,1230,buffer
20220128_lidar_tile_1664_1280.npy,20220128,1664,1280,1663,1358,train
20220128_lidar_tile_1664_1408.npy,20220128,1664,1408,1663,1486,train
20220128_lidar_tile_1664_1536.npy,20220128,1664,1536,1663,1614,train
20220128_lidar_tile_1664_1664.npy,20220128,1664,1664,1663,1742,train
20220128_lidar_tile_1664_1792.npy,20220128,1664,1792,1663,1870,train
20220128_lidar_tile_1664_1920.npy,20220128,1664,1920,1663,1998,train
20220128_lidar_tile_1664_2048.npy,20220128,1664,2048,1663,2126,train
20220128_lidar_tile_1664_2176.npy,20220128,1664,2176,1663,2254,train
20220128_lidar_tile_1664_2304.npy,20220128,1664,2304,1663,2382,train
20220128_lidar_tile_1664_2432.npy,20220128,1664,2432,1663,2510,train
20220128_lidar_tile_1664_2560.npy,20220128,1664,2560,1663,2638,train
20220128_lidar_tile_1664_2688.npy,20220128,1664,2688,1663,2766,train
20220128_lidar_tile_1664_2816.npy,20220128,1664,2816,1663,2894,train
20220128_lidar_tile_1664_2944.npy,20220128,1664,2944,1663,3022,train
20220128_lidar_tile_1792_896.npy,20220128,1792,896,1791,974,val
20220128_lidar_tile_1792_1024.npy,20220128,1792,1024,1791,1102,val
20220128_lidar_tile_1792_1152.npy,20220128,1792,1152,1791,1230,buffer
20220128_lidar_tile_1792_1280.npy,20220128,1792,1280,1791,1358,train
20220128_lidar_tile_1792_1408.npy,20220128,1792,1408,1791,1486,train
20220128_lidar_tile_1792_1536.npy,20220128,1792,1536,1791,1614,train
20220128_lidar_tile_1792_1664.npy,20220128,1792,1664,1791,1742,train
20220128_lidar_tile_1792_1792.npy,20220128,1792,1792,1791,1870,train
20220128_lidar_tile_1792_1920.npy,20220128,1792,1920,1791,1998,train
20220128_lidar_tile_1792_2048.npy,20220128,1792,2048,1791,2126,train
20220128_lidar_tile_1792_2176.npy,20220128,1792,2176,1791,2254,train
20220128_lidar_tile_1792_2304.npy,20220128,1792,2304,1791,2382,train
20220128_lidar_tile_1792_2432.npy,20220128,1792,2432,1791,2510,train
20220128_lidar_tile_1792_2560.npy,20220128,1792,2560,1791,2638,train
20220128_lidar_tile_1792_2688.npy,20220128,1792,2688,1791,2766,train
20220128_lidar_tile_1792_2816.npy,20220128,1792,2816,1791,2894,train
20220128_lidar_tile_1920_1024.npy,20220128,1920,1024,1919,1102,val
20220128_lidar_tile_1920_1152.npy,20220128,1920,1152,1919,1230,buffer
20220128_lidar_tile_1920_1280.npy,20220128,1920,1280,1919,1358,train
20220128_lidar_tile_1920_1408.npy,20220128,1920,1408,1919,1486,train
20220128_lidar_tile_1920_1536.npy,20220128,1920,1536,1919,1614,train
20220128_lidar_tile_1920_1664.npy,20220128,1920,1664,1919,1742,train
20220128_lidar_tile_1920_1792.npy,20220128,1920,1792,1919,1870,train
20220128_lidar_tile_1920_1920.npy,20220128,1920,1920,1919,1998,train
20220128_lidar_tile_1920_2048.npy,20220128,1920,2048,1919,2126,train
20220128_lidar_tile_1920_2176.npy,20220128,1920,2176,1919,2254,train
20220128_lidar_tile_1920_2304.npy,20220128,1920,2304,1919,2382,train
20220128_lidar_tile_1920_2432.npy,20220128,1920,2432,1919,2510,train
20220128_lidar_tile_1920_2560.npy,20220128,1920,2560,1919,2638,train
20220128_lidar_tile_1920_2688.npy,20220128,1920,2688,1919,2766,train
20220128_lidar_tile_2048_1024.npy,20220128,2048,1024,2047,1102,val
20220128_lidar_tile_2048_1152.npy,20220128,2048,1152,2047,1230,buffer
20220128_lidar_tile_2048_1280.npy,20220128,2048,1280,2047,1358,train
20220128_lidar_tile_2048_1408.npy,20220128,2048,1408,2047,1486,train
20220128_lidar_tile_2048_1536.npy,20220128,2048,1536,2047,1614,train
20220128_lidar_tile_2048_1664.npy,20220128,2048,1664,2047,1742,train
20220128_lidar_tile_2048_1792.npy,20220128,2048,1792,2047,1870,train
20220128_lidar_tile_2048_1920.npy,20220128,2048,1920,2047,1998,train
20220128_lidar_tile_2048_2048.npy,20220128,2048,2048,2047,2126,train
20220128_lidar_tile_2048_2176.npy,20220128,2048,2176,2047,2254,train
20220128_lidar_tile_2048_2304.npy,20220128,2048,2304,2047,2382,train
20220128_lidar_tile_2048_2432.npy,20220128,2048,2432,2047,2510,train
20220128_lidar_tile_2176_1152.npy,20220128,2176,1152,2175,1230,buffer
20220128_lidar_tile_2176_1280.npy,20220128,2176,1280,2175,1358,train
20220128_lidar_tile_2176_1408.npy,20220128,2176,1408,2175,1486,train
20220128_lidar_tile_2176_1536.npy,20220128,2176,1536,2175,1614,train
20220128_lidar_tile_2176_1664.npy,20220128,2176,1664,2175,1742,train
20220128_lidar_tile_2176_1792.npy,20220128,2176,1792,2175,1870,train
20220128_lidar_tile_2176_1920.npy,20220128,2176,1920,2175,1998,train
20220128_lidar_tile_2176_2048.npy,20220128,2176,2048,2175,2126,train
20220128_lidar_tile_2176_2176.npy,20220128,2176,2176,2175,2254,train
20220128_lidar_tile_2304_1152.npy,20220128,2304,1152,2303,1230,buffer
20220128_lidar_tile_2304_1280.npy,20220128,2304,1280,2303,1358,train
20220128_lidar_tile_2304_1408.npy,20220128,2304,1408,2303,1486,train
20220128_lidar_tile_2304_1536.npy,20220128,2304,1536,2303,1614,train
20220128_lidar_tile_2304_1664.npy,20220128,2304,1664,2303,1742,train
20220128_lidar_tile_2304_1792.npy,20220128,2304,1792,2303,1870,train
20220218_lidar_tile_128_256.npy,20220218,128,256,128,256,test
20220218_lidar_tile_128_384.npy,20220218,128,384,128,384,test
20220218_lidar_tile_128_512.npy,20220218,128,512,128,512,test
20220218_lidar_tile_128_640.npy,20220218,128,640,128,640,buffer
20220218_lidar_tile_128_768.npy,20220218,128,768,128,768,val
20220218_lidar_tile_128_896.npy,20220218,128,896,128,896,val
20220218_lidar_tile_256_256.npy,20220218,256,256,256,256,test
20220218_lidar_tile_256_384.npy,20220218,256,384,256,384,test
20220218_lidar_tile_256_512.npy,20220218,256,512,256,512,test
20220218_lidar_tile_256_640.npy,20220218,256,640,256,640,buffer
20220218_lidar_tile_256_768.npy,20220218,256,768,256,768,val
20220218_lidar_tile_256_896.npy,20220218,256,896,256,896,val
20220218_lidar_tile_256_1024.npy,20220218,256,1024,256,1024,val
20220218_lidar_tile_256_1152.npy,20220218,256,1152,256,1152,buffer
20220218_lidar_tile_384_128.npy,20220218,384,128,384,128,test
20220218_lidar_tile_384_256.npy,20220218,384,256,384,256,test
20220218_lidar_tile_384_384.npy,20220218,384,384,384,384,test
20220218_lidar_tile_384_512.npy,20220218,384,512,384,512,test
20220218_lidar_tile_384_640.npy,20220218,384,640,384,640,buffer
20220218_lidar_tile_384_768.npy,20220218,384,768,384,768,val
20220218_lidar_tile_384_896.npy,20220218,384,896,384,896,val
20220218_lidar_tile_384_1024.npy,20220218,384,1024,384,1024,val
20220218_lidar_tile_384_1152.npy,20220218,384,1152,384,1152,buffer
20220218_lidar_tile_384_2304.npy,20220218,384,2304,384,2304,train
20220218_lidar_tile_384_2432.npy,20220218,384,2432,384,2432,train
20220218_lidar_tile_512_128.npy,20220218,512,128,512,128,test
20220218_lidar_tile_512_256.npy,20220218,512,256,512,256,test
20220218_lidar_tile_512_384.npy,20220218,512,384,512,384,test
20220218_lidar_tile_512_512.npy,20220218,512,512,512,512,test
20220218_lidar_tile_512_640.npy,20220218,512,640,512,640,buffer
20220218_lidar_tile_512_768.npy,20220218,512,768,512,768,val
20220218_lidar_tile_512_896.npy,20220218,512,896,512,896,val
20220218_lidar_tile_512_1024.npy,20220218,512,1024,512,1024,val
20220218_lidar_tile_512_1152.npy,20220218,512,1152,512,1152,buffer
20220218_lidar_tile_512_1280.npy,20220218,512,1280,512,1280,train
20220218_lidar_tile_512_1408.npy,20220218,512,1408,512,1408,train
20220218_lidar_tile_512_1536.npy,20220218,512,1536,512,1536,train
20220218_lidar_tile_512_1664.npy,20220218,512,1664,512,1664,train
20220218_lidar_tile_512_1792.npy,20220218,512,1792,512,1792,train
20220218_lidar_tile_512_1920.npy,20220218,512,1920,512,1920,train
20220218_lidar_tile_512_2048.npy,20220218,512,2048,512,2048,train
20220218_lidar_tile_512_2176.npy,20220218,512,2176,512,2176,train
20220218_lidar_tile_512_2304.npy,20220218,512,2304,512,2304,train
20220218_lidar_tile_512_2432.npy,20220218,512,2432,512,2432,train
20220218_lidar_tile_512_2560.npy,20220218,512,2560,512,2560,train
20220218_lidar_tile_512_2688.npy,20220218,512,2688,512,2688,train
20220218_lidar_tile_512_2816.npy,20220218,512,2816,512,2816,train
20220218_lidar_tile_640_128.npy,20220218,640,128,640,128,test
20220218_lidar_tile_640_256.npy,20220218,640,256,640,256,test
20220218_lidar_tile_640_384.npy,20220218,640,384,640,384,test
20220218_lidar_tile_640_512.npy,20220218,640,512,640,512,test
20220218_lidar_tile_640_640.npy,20220218,640,640,640,640,buffer
20220218_lidar_tile_640_768.npy,20220218,640,768,640,768,val
20220218_lidar_tile_640_896.npy,20220218,640,896,640,896,val
20220218_lidar_tile_640_1024.npy,20220218,640,1024,640,1024,val
20220218_lidar_tile_640_1152.npy,20220218,640,1152,640,1152,buffer
20220218_lidar_tile_640_1280.npy,20220218,640,1280,640,1280,train
20220218_lidar_tile_640_1408.npy,20220218,640,1408,640,1408,train
20220218_lidar_tile_640_1536.npy,20220218,640,1536,640,1536,train
20220218_lidar_tile_640_1664.npy,20220218,640,1664,640,1664,train
20220218_lidar_tile_640_1792.npy,20220218,640,1792,640,1792,train
20220218_lidar_tile_640_1920.npy,20220218,640,1920,640,1920,train
20220218_lidar_tile_640_2048.npy,20220218,640,2048,640,2048,train
20220218_lidar_tile_640_2176.npy,20220218,640,2176,640,2176,train
20220218_lidar_tile_640_2304.npy,20220218,640,2304,640,2304,train
20220218_lidar_tile_640_2432.npy,20220218,640,2432,640,2432,train
20220218_lidar_tile_640_2560.npy,20220218,640,2560,640,2560,train
20220218_lidar_tile_640_2688.npy,20220218,640,2688,640,2688,train
20220218_lidar_tile_640_2816.npy,20220218,640,2816,640,2816,train
20220218_lidar_tile_640_2944.npy,20220218,640,2944,640,2944,train
20220218_lidar_tile_768_128.npy,20220218,768,128,768,128,test
20220218_lidar_tile_768_256.npy,20220218,768,256,768,256,test
20220218_lidar_tile_768_384.npy,20220218,768,384,768,384,test
20220218_lidar_tile_768_512.npy,20220218,768,512,768,512,test
20220218_lidar_tile_768_640.npy,20220218,768,640,768,640,buffer
20220218_lidar_tile_768_768.npy,20220218,768,768,768,768,val
20220218_lidar_tile_768_896.npy,20220218,768,896,768,896,val
20220218_lidar_tile_768_1024.npy,20220218,768,1024,768,1024,val
20220218_lidar_tile_768_1152.npy,20220218,768,1152,768,1152,buffer
20220218_lidar_tile_768_1280.npy,20220218,768,1280,768,1280,train
20220218_lidar_tile_768_1408.npy,20220218,768,1408,768,1408,train
20220218_lidar_tile_768_1536.npy,20220218,768,1536,768,1536,train
20220218_lidar_tile_768_1664.npy,20220218,768,1664,768,1664,train
20220218_lidar_tile_768_1792.npy,20220218,768,1792,768,1792,train
20220218_lidar_tile_768_1920.npy,20220218,768,1920,768,1920,train
20220218_lidar_tile_768_2048.npy,20220218,768,2048,768,2048,train
20220218_lidar_tile_768_2176.npy,20220218,768,2176,768,2176,train
20220218_lidar_tile_768_2304.npy,20220218,768,2304,768,2304,train
20220218_lidar_tile_768_2432.npy,20220218,768,2432,768,2432,train
20220218_lidar_tile_768_2560.npy,20220218,768,2560,768,2560,train
20220218_lidar_tile_768_2688.npy,20220218,768,2688,768,2688,train
20220218_lidar_tile_768_2816.npy,20220218,768,2816,768,2816,train
20220218_lidar_tile_768_2944.npy,20220218,768,2944,768,2944,train
20220218_lidar_tile_768_3072.npy,20220218,768,3072,768,3072,train
20220218_lidar_tile_896_128.npy,20220218,896,128,896,128,test
20220218_lidar_tile_896_256.npy,20220218,896,256,896,256,test
20220218_lidar_tile_896_384.npy,20220218,896,384,896,384,test
20220218_lidar_tile_896_512.npy,20220218,896,512,896,512,test
20220218_lidar_tile_896_640.npy,20220218,896,640,896,640,buffer
20220218_lidar_tile_896_768.npy,20220218,896,768,896,768,val
20220218_lidar_tile_896_896.npy,20220218,896,896,896,896,val
20220218_lidar_tile_896_1024.npy,20220218,896,1024,896,1024,val
20220218_lidar_tile_896_1152.npy,20220218,896,1152,896,1152,buffer
20220218_lidar_tile_896_1280.npy,20220218,896,1280,896,1280,train
20220218_lidar_tile_896_1408.npy,20220218,896,1408,896,1408,train
20220218_lidar_tile_896_1536.npy,20220218,896,1536,896,1536,train
20220218_lidar_tile_896_1664.npy,20220218,896,1664,896,1664,train
20220218_lidar_tile_896_1792.npy,20220218,896,1792,896,1792,train
20220218_lidar_tile_896_1920.npy,20220218,896,1920,896,1920,train
20220218_lidar_tile_896_2176.npy,20220218,896,2176,896,2176,train
20220218_lidar_tile_896_2304.npy,20220218,896,2304,896,2304,train
20220218_lidar_tile_896_2432.npy,20220218,896,2432,896,2432,train
20220218_lidar_tile_896_2560.npy,20220218,896,2560,896,2560,train
20220218_lidar_tile_896_2688.npy,20220218,896,2688,896,2688,train
20220218_lidar_tile_896_2816.npy,20220218,896,2816,896,2816,train
20220218_lidar_tile_896_2944.npy,20220218,896,2944,896,2944,train
20220218_lidar_tile_896_3072.npy,20220218,896,3072,896,3072,train
20220218_lidar_tile_896_3200.npy,20220218,896,3200,896,3200,train
20220218_lidar_tile_1024_128.npy,20220218,1024,128,1024,128,test
20220218_lidar_tile_1024_256.npy,20220218,1024,256,1024,256,test
20220218_lidar_tile_1024_384.npy,20220218,1024,384,1024,384,test
20220218_lidar_tile_1024_512.npy,20220218,1024,512,1024,512,test
20220218_lidar_tile_1024_640.npy,20220218,1024,640,1024,640,buffer
20220218_lidar_tile_1024_768.npy,20220218,1024,768,1024,768,val
20220218_lidar_tile_1024_896.npy,20220218,1024,896,1024,896,val
20220218_lidar_tile_1024_1024.npy,20220218,1024,1024,1024,1024,val
20220218_lidar_tile_1024_1152.npy,20220218,1024,1152,1024,1152,buffer
20220218_lidar_tile_1024_1280.npy,20220218,1024,1280,1024,1280,train
20220218_lidar_tile_1024_1408.npy,20220218,1024,1408,1024,1408,train
20220218_lidar_tile_1024_1536.npy,20220218,1024,1536,1024,1536,train
20220218_lidar_tile_1024_1664.npy,20220218,1024,1664,1024,1664,train
20220218_lidar_tile_1024_1792.npy,20220218,1024,1792,1024,1792,train
20220218_lidar_tile_1024_1920.npy,20220218,1024,1920,1024,1920,train
20220218_lidar_tile_1024_2048.npy,20220218,1024,2048,1024,2048,train
20220218_lidar_tile_1024_2176.npy,20220218,1024,2176,1024,2176,train
20220218_lidar_tile_1024_2304.npy,20220218,1024,2304,1024,2304,train
20220218_lidar_tile_1024_2432.npy,20220218,1024,2432,1024,2432,train
20220218_lidar_tile_1024_2560.npy,20220218,1024,2560,1024,2560,train
20220218_lidar_tile_1024_2688.npy,20220218,1024,2688,1024,2688,train
20220218_lidar_tile_1024_2816.npy,20220218,1024,2816,1024,2816,train
20220218_lidar_tile_1024_2944.npy,20220218,1024,2944,1024,2944,train
20220218_lidar_tile_1024_3072.npy,20220218,1024,3072,1024,3072,train
20220218_lidar_tile_1024_3200.npy,20220218,1024,3200,1024,3200,train
20220218_lidar_tile_1152_256.npy,20220218,1152,256,1152,256,test
20220218_lidar_tile_1152_384.npy,20220218,1152,384,1152,384,test
20220218_lidar_tile_1152_512.npy,20220218,1152,512,1152,512,test
20220218_lidar_tile_1152_640.npy,20220218,1152,640,1152,640,buffer
20220218_lidar_tile_1152_768.npy,20220218,1152,768,1152,768,val
20220218_lidar_tile_1152_896.npy,20220218,1152,896,1152,896,val
20220218_lidar_tile_1152_1024.npy,20220218,1152,1024,1152,1024,val
20220218_lidar_tile_1152_1152.npy,20220218,1152,1152,1152,1152,buffer
20220218_lidar_tile_1152_1280.npy,20220218,1152,1280,1152,1280,train
20220218_lidar_tile_1152_1408.npy,20220218,1152,1408,1152,1408,train
20220218_lidar_tile_1152_1536.npy,20220218,1152,1536,1152,1536,train
20220218_lidar_tile_1152_1664.npy,20220218,1152,1664,1152,1664,train
20220218_lidar_tile_1152_1792.npy,20220218,1152,1792,1152,1792,train
20220218_lidar_tile_1152_1920.npy,20220218,1152,1920,1152,1920,train
20220218_lidar_tile_1152_2048.npy,20220218,1152,2048,1152,2048,train
20220218_lidar_tile_1152_2176.npy,20220218,1152,2176,1152,2176,train
20220218_lidar_tile_1152_2304.npy,20220218,1152,2304,1152,2304,train
20220218_lidar_tile_1152_2432.npy,20220218,1152,2432,1152,2432,train
20220218_lidar_tile_1152_2560.npy,20220218,1152,2560,1152,2560,train
20220218_lidar_tile_1152_2688.npy,20220218,1152,2688,1152,2688,train
20220218_lidar_tile_1152_2816.npy,20220218,1152,2816,1152,2816,train
20220218_lidar_tile_1152_2944.npy,20220218,1152,2944,1152,2944,train
20220218_lidar_tile_1152_3072.npy,20220218,1152,3072,1152,3072,train
20220218_lidar_tile_1280_384.npy,20220218,1280,384,1280,384,test
20220218_lidar_tile_1280_512.npy,20220218,1280,512,1280,512,test
20220218_lidar_tile_1280_640.npy,20220218,1280,640,1280,640,buffer
20220218_lidar_tile_1280_768.npy,20220218,1280,768,1280,768,val
20220218_lidar_tile_1280_896.npy,20220218,1280,896,1280,896,val
20220218_lidar_tile_1280_1024.npy,20220218,1280,1024,1280,1024,val
20220218_lidar_tile_1280_1152.npy,20220218,1280,1152,1280,1152,buffer
20220218_lidar_tile_1280_1280.npy,20220218,1280,1280,1280,1280,train
20220218_lidar_tile_1280_1408.npy,20220218,1280,1408,1280,1408,train
20220218_lidar_tile_1280_1536.npy,20220218,1280,1536,1280,1536,train
20220218_lidar_tile_1280_1664.npy,20220218,1280,1664,1280,1664,train
20220218_lidar_tile_1280_1792.npy,20220218,1280,1792,1280,1792,train
20220218_lidar_tile_1280_1920.npy,20220218,1280,1920,1280,1920,train
20220218_lidar_tile_1280_2048.npy,20220218,1280,2048,1280,2048,train
20220218_lidar_tile_1280_2176.npy,20220218,1280,2176,1280,2176,train
20220218_lidar_tile_1280_2304.npy,20220218,1280,2304,1280,2304,train
20220218_lidar_tile_1280_2432.npy,20220218,1280,2432,1280,2432,train
20220218_lidar_tile_1280_2560.npy,20220218,1280,2560,1280,2560,train
20220218_lidar_tile_1280_2688.npy,20220218,1280,2688,1280,2688,train
20220218_lidar_tile_1280_2816.npy,20220218,1280,2816,1280,2816,train
20220218_lidar_tile_1280_2944.npy,20220218,1280,2944,1280,2944,train
20220218_lidar_tile_1280_3072.npy,20220218,1280,3072,1280,3072,train
20220218_lidar_tile_1408_768.npy,20220218,1408,768,1408,768,val
20220218_lidar_tile_1408_896.npy,20220218,1408,896,1408,896,val
20220218_lidar_tile_1408_1024.npy,20220218,1408,1024,1408,1024,val
20220218_lidar_tile_1408_1152.npy,20220218,1408,1152,1408,1152,buffer
20220218_lidar_tile_1408_1280.npy,20220218,1408,1280,1408,1280,train
20220218_lidar_tile_1408_1408.npy,20220218,1408,1408,1408,1408,train
20220218_lidar_tile_1408_1536.npy,20220218,1408,1536,1408,1536,train
20220218_lidar_tile_1408_1664.npy,20220218,1408,1664,1408,1664,train
20220218_lidar_tile_1408_1792.npy,20220218,1408,1792,1408,1792,train
20220218_lidar_tile_1408_1920.npy,20220218,1408,1920,1408,1920,train
20220218_lidar_tile_1408_2048.npy,20220218,1408,2048,1408,2048,train
20220218_lidar_tile_1408_2176.npy,20220218,1408,2176,1408,2176,train
20220218_lidar_tile_1408_2304.npy,20220218,1408,2304,1408,2304,train
20220218_lidar_tile_1408_2432.npy,20220218,1408,2432,1408,2432,train
20220218_lidar_tile_1408_2560.npy,20220218,1408,2560,1408,2560,train
20220218_lidar_tile_1408_2688.npy,20220218,1408,2688,1408,2688,train
20220218_lidar_tile_1408_2816.npy,20220218,1408,2816,1408,2816,train
20220218_lidar_tile_1408_2944.npy,20220218,1408,2944,1408,2944,train
20220218_lidar_tile_1408_3072.npy,20220218,1408,3072,1408,3072,train
20220218_lidar_tile_1536_768.npy,20220218,1536,768,1536,768,val
20220218_lidar_tile_1536_896.npy,20220218,1536,896,1536,896,val
20220218_lidar_tile_1536_1024.npy,20220218,1536,1024,1536,1024,val
20220218_lidar_tile_1536_1152.npy,20220218,1536,1152,1536,1152,buffer
20220218_lidar_tile_1536_1280.npy,20220218,1536,1280,1536,1280,train
20220218_lidar_tile_1536_1408.npy,20220218,1536,1408,1536,1408,train
20220218_lidar_tile_1536_1536.npy,20220218,1536,1536,1536,1536,train
20220218_lidar_tile_1536_1664.npy,20220218,1536,1664,1536,1664,train
20220218_lidar_tile_1536_1792.npy,20220218,1536,1792,1536,1792,train
20220218_lidar_tile_1536_1920.npy,20220218,1536,1920,1536,1920,train
20220218_lidar_tile_1536_2048.npy,20220218,1536,2048,1536,2048,train
20220218_lidar_tile_1536_2176.npy,20220218,1536,2176,1536,2176,train
20220218_lidar_tile_1536_2304.npy,20220218,1536,2304,1536,2304,train
20220218_lidar_tile_1536_2432.npy,20220218,1536,2432,1536,2432,train
20220218_lidar_tile_1536_2560.npy,20220218,1536,2560,1536,2560,train
20220218_lidar_tile_1536_2688.npy,20220218,1536,2688,1536,2688,train
20220218_lidar_tile_1536_2816.npy,20220218,1536,2816,1536,2816,train
20220218_lidar_tile_1536_2944.npy,20220218,1536,2944,1536,2944,train
20220218_lidar_tile_1536_3072.npy,20220218,1536,3072,1536,3072,train
20220218_lidar_tile_1664_768.npy,20220218,1664,768,1664,768,val
20220218_lidar_tile_1664_896.npy,20220218,1664,896,1664,896,val
20220218_lidar_tile_1664_1024.npy,20220218,1664,1024,1664,1024,val
20220218_lidar_tile_1664_1152.npy,20220218,1664,1152,1664,1152,buffer
20220218_lidar_tile_1664_1280.npy,20220218,1664,1280,1664,1280,train
20220218_lidar_tile_1664_1408.npy,20220218,1664,1408,1664,1408,train
20220218_lidar_tile_1664_1536.npy,20220218,1664,1536,1664,1536,train
20220218_lidar_tile_1664_1664.npy,20220218,1664,1664,1664,1664,train
20220218_lidar_tile_1664_1792.npy,20220218,1664,1792,1664,1792,train
20220218_lidar_tile_1664_1920.npy,20220218,1664,1920,1664,1920,train
20220218_lidar_tile_1664_2048.npy,20220218,1664,2048,1664,2048,train
20220218_lidar_tile_1664_2176.npy,20220218,1664,2176,1664,2176,train
20220218_lidar_tile_1664_2304.npy,20220218,1664,2304,1664,2304,train
20220218_lidar_tile_1664_2432.npy,20220218,1664,2432,1664,2432,train
20220218_lidar_tile_1664_2560.npy,20220218,1664,2560,1664,2560,train
20220218_lidar_tile_1664_2688.npy,20220218,1664,2688,1664,2688,train
20220218_lidar_tile_1664_2816.npy,20220218,1664,2816,1664,2816,train
20220218_lidar_tile_1664_2944.npy,20220218,1664,2944,1664,2944,train
20220218_lidar_tile_1792_768.npy,20220218,1792,768,1792,768,val
20220218_lidar_tile_1792_896.npy,20220218,1792,896,1792,896,val
20220218_lidar_tile_1792_1024.npy,20220218,1792,1024,1792,1024,val
20220218_lidar_tile_1792_1152.npy,20220218,1792,1152,1792,1152,buffer
20220218_lidar_tile_1792_1280.npy,20220218,1792,1280,1792,1280,train
20220218_lidar_tile_1792_1408.npy,20220218,1792,1408,1792,1408,train
20220218_lidar_tile_1792_1536.npy,20220218,1792,1536,1792,1536,train
20220218_lidar_tile_1792_1664.npy,20220218,1792,1664,1792,1664,train
20220218_lidar_tile_1792_1792.npy,20220218,1792,1792,1792,1792,train
20220218_lidar_tile_1792_1920.npy,20220218,1792,1920,1792,1920,train
20220218_lidar_tile_1792_2048.npy,20220218,1792,2048,1792,2048,train
20220218_lidar_tile_1792_2176.npy,20220218,1792,2176,1792,2176,train
20220218_lidar_tile_1792_2304.npy,20220218,1792,2304,1792,2304,train
20220218_lidar_tile_1792_2432.npy,20220218,1792,2432,1792,2432,train
20220218_lidar_tile_1792_2560.npy,20220218,1792,2560,1792,2560,train
20220218_lidar_tile_1792_2688.npy,20220218,1792,2688,1792,2688,train
20220218_lidar_tile_1792_2816.npy,20220218,1792,2816,1792,2816,train
20220218_lidar_tile_1792_2944.npy,20220218,1792,2944,1792,2944,train
20220218_lidar_tile_1920_768.npy,20220218,1920,768,1920,768,val
20220218_lidar_tile_1920_896.npy,20220218,1920,896,1920,896,val
20220218_lidar_tile_1920_1024.npy,20220218,1920,1024,1920,1024,val
20220218_lidar_tile_1920_1152.npy,20220218,1920,1152,1920,1152,buffer
20220218_lidar_tile_1920_1280.npy,20220218,1920,1280,1920,1280,train
20220218_lidar_tile_1920_1408.npy,20220218,1920,1408,1920,1408,train
20220218_lidar_tile_1920_1536.npy,20220218,1920,1536,1920,1536,train
20220218_lidar_tile_1920_1664.npy,20220218,1920,1664,1920,1664,train
20220218_lidar_tile_1920_1792.npy,20220218,1920,1792,1920,1792,train
20220218_lidar_tile_1920_1920.npy,20220218,1920,1920,1920,1920,train
20220218_lidar_tile_1920_2048.npy,20220218,1920,2048,1920,2048,train
20220218_lidar_tile_1920_2176.npy,20220218,1920,2176,1920,2176,train
20220218_lidar_tile_1920_2304.npy,20220218,1920,2304,1920,2304,train
20220218_lidar_tile_1920_2432.npy,20220218,1920,2432,1920,2432,train
20220218_lidar_tile_1920_2560.npy,20220218,1920,2560,1920,2560,train
20220218_lidar_tile_1920_2688.npy,20220218,1920,2688,1920,2688,train
20220218_lidar_tile_1920_2816.npy,20220218,1920,2816,1920,2816,train
20220218_lidar_tile_2048_768.npy,20220218,2048,768,2048,768,val
20220218_lidar_tile_2048_896.npy,20220218,2048,896,2048,896,val
20220218_lidar_tile_2048_1024.npy,20220218,2048,1024,2048,1024,val
20220218_lidar_tile_2048_1152.npy,20220218,2048,1152,2048,1152,buffer
20220218_lidar_tile_2048_1280.npy,20220218,2048,1280,2048,1280,train
20220218_lidar_tile_2048_1408.npy,20220218,2048,1408,2048,1408,train
20220218_lidar_tile_2048_1536.npy,20220218,2048,1536,2048,1536,train
20220218_lidar_tile_2048_1664.npy,20220218,2048,1664,2048,1664,train
20220218_lidar_tile_2048_1792.npy,20220218,2048,1792,2048,1792,train
20220218_lidar_tile_2048_1920.npy,20220218,2048,1920,2048,1920,train
20220218_lidar_tile_2048_2048.npy,20220218,2048,2048,2048,2048,train
20220218_lidar_tile_2048_2176.npy,20220218,2048,2176,2048,2176,train
20220218_lidar_tile_2048_2304.npy,20220218,2048,2304,2048,2304,train
20220218_lidar_tile_2048_2432.npy,20220218,2048,2432,2048,2432,train
20220218_lidar_tile_2048_2560.npy,20220218,2048,2560,2048,2560,train
20220218_lidar_tile_2048_2688.npy,20220218,2048,2688,2048,2688,train
20220218_lidar_tile_2048_2816.npy,20220218,2048,2816,2048,2816,train
20220218_lidar_tile_2176_768.npy,20220218,2176,768,2176,768,val
20220218_lidar_tile_2176_896.npy,20220218,2176,896,2176,896,val
20220218_lidar_tile_2176_1024.npy,20220218,2176,1024,2176,1024,val
20220218_lidar_tile_2176_1152.npy,20220218,2176,1152,2176,1152,buffer
20220218_lidar_tile_2176_1280.npy,20220218,2176,1280,2176,1280,train
20220218_lidar_tile_2176_1408.npy,20220218,2176,1408,2176,1408,train
20220218_lidar_tile_2176_1536.npy,20220218,2176,1536,2176,1536,train
20220218_lidar_tile_2176_1664.npy,20220218,2176,1664,2176,1664,train
20220218_lidar_tile_2176_1792.npy,20220218,2176,1792,2176,1792,train
20220218_lidar_tile_2176_1920.npy,20220218,2176,1920,2176,1920,train
20220218_lidar_tile_2176_2048.npy,20220218,2176,2048,2176,2048,train
20220218_lidar_tile_2176_2176.npy,20220218,2176,2176,2176,2176,train
20220218_lidar_tile_2176_2304.npy,20220218,2176,2304,2176,2304,train
20220218_lidar_tile_2176_2432.npy,20220218,2176,2432,2176,2432,train
20220218_lidar_tile_2176_2560.npy,20220218,2176,2560,2176,2560,train
20220218_lidar_tile_2176_2688.npy,20220218,2176,2688,2176,2688,train
20220218_lidar_tile_2304_896.npy,20220218,2304,896,2304,896,val
20220218_lidar_tile_2304_1024.npy,20220218,2304,1024,2304,1024,val
20220218_lidar_tile_2304_1152.npy,20220218,2304,1152,2304,1152,buffer
20220218_lidar_tile_2304_1280.npy,20220218,2304,1280,2304,1280,train
20220218_lidar_tile_2304_1408.npy,20220218,2304,1408,2304,1408,train
20220218_lidar_tile_2304_1536.npy,20220218,2304,1536,2304,1536,train
20220218_lidar_tile_2304_1664.npy,20220218,2304,1664,2304,1664,train
20220218_lidar_tile_2304_1792.npy,20220218,2304,1792,2304,1792,train
20220218_lidar_tile_2304_1920.npy,20220218,2304,1920,2304,1920,train
20220218_lidar_tile_2304_2048.npy,20220218,2304,2048,2304,2048,train
20220218_lidar_tile_2304_2176.npy,20220218,2304,2176,2304,2176,train
20220218_lidar_tile_2304_2304.npy,20220218,2304,2304,2304,2304,train
20220218_lidar_tile_2304_2432.npy,20220218,2304,2432,2304,2432,train
20220218_lidar_tile_2304_2560.npy,20220218,2304,2560,2304,2560,train
20220218_lidar_tile_2432_768.npy,20220218,2432,768,2432,768,val
20220218_lidar_tile_2432_896.npy,20220218,2432,896,2432,896,val
20220218_lidar_tile_2432_1024.npy,20220218,2432,1024,2432,1024,val
20220218_lidar_tile_2432_1152.npy,20220218,2432,1152,2432,1152,buffer
20220218_lidar_tile_2432_1280.npy,20220218,2432,1280,2432,1280,train
20220218_lidar_tile_2432_1408.npy,20220218,2432,1408,2432,1408,train
20220218_lidar_tile_2432_1536.npy,20220218,2432,1536,2432,1536,train
20220218_lidar_tile_2432_1664.npy,20220218,2432,1664,2432,1664,train
20220218_lidar_tile_2432_1792.npy,20220218,2432,1792,2432,1792,train
20220218_lidar_tile_2432_1920.npy,20220218,2432,1920,2432,1920,train
20220218_lidar_tile_2432_2048.npy,20220218,2432,2048,2432,2048,train
20220218_lidar_tile_2432_2176.npy,20220218,2432,2176,2432,2176,train
20220218_lidar_tile_2432_2304.npy,20220218,2432,2304,2432,2304,train
20220218_lidar_tile_2432_2432.npy,20220218,2432,2432,2432,2432,train
20220218_lidar_tile_2560_768.npy,20220218,2560,768,2560,768,val
20220218_lidar_tile_2560_896.npy,20220218,2560,896,2560,896,val
20220218_lidar_tile_2560_1024.npy,20220218,2560,1024,2560,1024,val
20220218_lidar_tile_2560_1152.npy,20220218,2560,1152,2560,1152,buffer
20220218_lidar_tile_2560_1280.npy,20220218,2560,1280,2560,1280,train
20220218_lidar_tile_2560_1408.npy,20220218,2560,1408,2560,1408,train
20220218_lidar_tile_2560_1536.npy,20220218,2560,1536,2560,1536,train
20220218_lidar_tile_2560_1664.npy,20220218,2560,1664,2560,1664,train
20220218_lidar_tile_2560_1792.npy,20220218,2560,1792,2560,1792,train
20220218_lidar_tile_2560_1920.npy,20220218,2560,1920,2560,1920,train
20220218_lidar_tile_2560_2048.npy,20220218,2560,2048,2560,2048,train
20220218_lidar_tile_2560_2176.npy,20220218,2560,2176,2560,2176,train
20220218_lidar_tile_2560_2304.npy,20220218,2560,2304,2560,2304,train
20220218_lidar_tile_2560_2432.npy,20220218,2560,2432,2560,2432,train
20220218_lidar_tile_2688_896.npy,20220218,2688,896,2688,896,val
20220218_lidar_tile_2688_1024.npy,20220218,2688,1024,2688,1024,val
20220218_lidar_tile_2688_1152.npy,20220218,2688,1152,2688,1152,buffer
20220218_lidar_tile_2688_1280.npy,20220218,2688,1280,2688,1280,train
20220218_lidar_tile_2688_1408.npy,20220218,2688,1408,2688,1408,train
20220218_lidar_tile_2688_1536.npy,20220218,2688,1536,2688,1536,train
20220218_lidar_tile_2688_1664.npy,20220218,2688,1664,2688,1664,train
20220218_lidar_tile_2688_1792.npy,20220218,2688,1792,2688,1792,train
20220218_lidar_tile_2688_1920.npy,20220218,2688,1920,2688,1920,train
20220218_lidar_tile_2688_2048.npy,20220218,2688,2048,2688,2048,train
20220218_lidar_tile_2688_2176.npy,20220218,2688,2176,2688,2176,train
20220218_lidar_tile_2688_2304.npy,20220218,2688,2304,2688,2304,train
20220218_lidar_tile_2816_1024.npy,20220218,2816,1024,2816,1024,val
20220218_lidar_tile_2816_1152.npy,20220218,2816,1152,2816,1152,buffer
20220218_lidar_tile_2816_1280.npy,20220218,2816,1280,2816,1280,train
20220218_lidar_tile_2816_1408.npy,20220218,2816,1408,2816,1408,train
20220218_lidar_tile_2816_1536.npy,20220218,2816,1536,2816,1536,train
20220218_lidar_tile_2816_1664.npy,20220218,2816,1664,2816,1664,train
20220218_lidar_tile_2816_1792.npy,20220218,2816,1792,2816,1792,train
20220218_lidar_tile_2816_1920.npy,20220218,2816,1920,2816,1920,train
20220218_lidar_tile_2944_1024.npy,20220218,2944,1024,2944,1024,val
20220218_lidar_tile_2944_1152.npy,20220218,2944,1152,2944,1152,buffer
20220218_lidar_tile_2944_1280.npy,20220218,2944,1280,2944,1280,train
20220218_lidar_tile_2944_1408.npy,20220218,2944,1408,2944,1408,train
20220218_lidar_tile_2944_1536.npy,20220218,2944,1536,2944,1536,train
20220417_lidar_tile_128_0.npy,20220417,128,0,128,437,test
20220417_lidar_tile_128_128.npy,20220417,128,128,128,565,test
20220417_lidar_tile_128_256.npy,20220417,128,256,128,693,test
20220417_lidar_tile_128_384.npy,20220417,128,384,128,821,test
20220417_lidar_tile_128_512.npy,20220417,128,512,128,949,test
20220417_lidar_tile_256_0.npy,20220417,256,0,256,437,test
20220417_lidar_tile_256_128.npy,20220417,256,128,256,565,test
20220417_lidar_tile_256_256.npy,20220417,256,256,256,693,test
20220417_lidar_tile_256_384.npy,20220417,256,384,256,821,test
20220417_lidar_tile_256_512.npy,20220417,256,512,256,949,test
20220417_lidar_tile_256_640.npy,20220417,256,640,256,1077,buffer
20220417_lidar_tile_384_0.npy,20220417,384,0,384,437,test
20220417_lidar_tile_384_128.npy,20220417,384,128,384,565,test
20220417_lidar_tile_384_256.npy,20220417,384,256,384,693,test
20220417_lidar_tile_384_384.npy,20220417,384,384,384,821,test
20220417_lidar_tile_384_512.npy,20220417,384,512,384,949,test
20220417_lidar_tile_384_640.npy,20220417,384,640,384,1077,buffer
20220417_lidar_tile_384_768.npy,20220417,384,768,384,1205,val
20220417_lidar_tile_384_1792.npy,20220417,384,1792,384,2229,train
20220417_lidar_tile_384_1920.npy,20220417,384,1920,384,2357,train
20220417_lidar_tile_512_0.npy,20220417,512,0,512,437,test
20220417_lidar_tile_512_128.npy,20220417,512,128,512,565,test
20220417_lidar_tile_512_256.npy,20220417,512,256,512,693,test
20220417_lidar_tile_512_384.npy,20220417,512,384,512,821,test
20220417_lidar_tile_512_512.npy,20220417,512,512,512,949,test
20220417_lidar_tile_512_640.npy,20220417,512,640,512,1077,buffer
20220417_lidar_tile_512_768.npy,20220417,512,768,512,1205,val
20220417_lidar_tile_512_896.npy,20220417,512,896,512,1333,val
20220417_lidar_tile_512_1024.npy,20220417,512,1024,512,1461,val
20220417_lidar_tile_512_1152.npy,20220417,512,1152,512,1589,buffer
20220417_lidar_tile_512_1280.npy,20220417,512,1280,512,1717,train
20220417_lidar_tile_512_1408.npy,20220417,512,1408,512,1845,train
20220417_lidar_tile_512_1536.npy,20220417,512,1536,512,1973,train
20220417_lidar_tile_512_1664.npy,20220417,512,1664,512,2101,train
20220417_lidar_tile_512_1792.npy,20220417,512,1792,512,2229,train
20220417_lidar_tile_512_1920.npy,20220417,512,1920,512,2357,train
20220417_lidar_tile_512_2048.npy,20220417,512,2048,512,2485,train
20220417_lidar_tile_512_2176.npy,20220417,512,2176,512,2613,train
20220417_lidar_tile_512_2304.npy,20220417,512,2304,512,2741,train
20220417_lidar_tile_640_0.npy,20220417,640,0,640,437,test
20220417_lidar_tile_640_128.npy,20220417,640,128,640,565,test
20220417_lidar_tile_640_256.npy,20220417,640,256,640,693,test
20220417_lidar_tile_640_384.npy,20220417,640,384,640,821,test
20220417_lidar_tile_640_512.npy,20220417,640,512,640,949,test
20220417_lidar_tile_640_640.npy,20220417,640,640,640,1077,buffer
20220417_lidar_tile_640_768.npy,20220417,640,768,640,1205,val
20220417_lidar_tile_640_896.npy,20220417,640,896,640,1333,val
20220417_lidar_tile_640_1024.npy,20220417,640,1024,640,1461,val
20220417_lidar_tile_640_1152.npy,20220417,640,1152,640,1589,buffer
20220417_lidar_tile_640_1280.npy,20220417,640,1280,640,1717,train
20220417_lidar_tile_640_1408.npy,20220417,640,1408,640,1845,train
20220417_lidar_tile_640_1536.npy,20220417,640,1536,640,1973,train
20220417_lidar_tile_640_1664.npy,20220417,640,1664,640,2101,train
20220417_lidar_tile_640_1792.npy,20220417,640,1792,640,2229,train
20220417_lidar_tile_640_1920.npy,20220417,640,1920,640,2357,train
20220417_lidar_tile_640_2048.npy,20220417,640,2048,640,2485,train
20220417_lidar_tile_640_2176.npy,20220417,640,2176,640,2613,train
20220417_lidar_tile_640_2304.npy,20220417,640,2304,640,2741,train
20220417_lidar_tile_640_2432.npy,20220417,640,2432,640,2869,train
20220417_lidar_tile_640_2560.npy,20220417,640,2560,640,2997,train
20220417_lidar_tile_768_0.npy,20220417,768,0,768,437,test
20220417_lidar_tile_768_128.npy,20220417,768,128,768,565,test
20220417_lidar_tile_768_256.npy,20220417,768,256,768,693,test
20220417_lidar_tile_768_384.npy,20220417,768,384,768,821,test
20220417_lidar_tile_768_512.npy,20220417,768,512,768,949,test
20220417_lidar_tile_768_640.npy,20220417,768,640,768,1077,buffer
20220417_lidar_tile_768_768.npy,20220417,768,768,768,1205,val
20220417_lidar_tile_768_896.npy,20220417,768,896,768,1333,val
20220417_lidar_tile_768_1024.npy,20220417,768,1024,768,1461,val
20220417_lidar_tile_768_1152.npy,20220417,768,1152,768,1589,buffer
20220417_lidar_tile_768_1280.npy,20220417,768,1280,768,1717,train
20220417_lidar_tile_768_1408.npy,20220417,768,1408,768,1845,train
20220417_lidar_tile_768_1536.npy,20220417,768,1536,768,1973,train
20220417_lidar_tile_768_1664.npy,20220417,768,1664,768,2101,train
20220417_lidar_tile_768_1792.npy,20220417,768,1792,768,2229,train
20220417_lidar_tile_768_1920.npy,20220417,768,1920,768,2357,train
20220417_lidar_tile_768_2048.npy,20220417,768,2048,768,2485,train
20220417_lidar_tile_768_2176.npy,20220417,768,2176,768,2613,train
20220417_lidar_tile_768_2304.npy,20220417,768,2304,768,2741,train
20220417_lidar_tile_768_2432.npy,20220417,768,2432,768,2869,train
20220417_lidar_tile_768_2560.npy,20220417,768,2560,768,2997,train
20220417_lidar_tile_768_2688.npy,20220417,768,2688,768,3125,train
20220417_lidar_tile_896_0.npy,20220417,896,0,896,437,test
20220417_lidar_tile_896_128.npy,20220417,896,128,896,565,test
20220417_lidar_tile_896_256.npy,20220417,896,256,896,693,test
20220417_lidar_tile_896_384.npy,20220417,896,384,896,821,test
20220417_lidar_tile_896_512.npy,20220417,896,512,896,949,test
20220417_lidar_tile_896_640.npy,20220417,896,640,896,1077,buffer
20220417_lidar_tile_896_768.npy,20220417,896,768,896,1205,val
20220417_lidar_tile_896_896.npy,20220417,896,896,896,1333,val
20220417_lidar_tile_896_1024.npy,20220417,896,1024,896,1461,val
20220417_lidar_tile_896_1152.npy,20220417,896,1152,896,1589,buffer
20220417_lidar_tile_896_1280.npy,20220417,896,1280,896,1717,train
20220417_lidar_tile_896_1408.npy,20220417,896,1408,896,1845,train
20220417_lidar_tile_896_1792.npy,20220417,896,1792,896,2229,train
20220417_lidar_tile_896_1920.npy,20220417,896,1920,896,2357,train
20220417_lidar_tile_896_2048.npy,20220417,896,2048,896,2485,train
20220417_lidar_tile_896_2176.npy,20220417,896,2176,896,2613,train
20220417_lidar_tile_896_2304.npy,20220417,896,2304,896,2741,train
20220417_lidar_tile_896_2432.npy,20220417,896,2432,896,2869,train
20220417_lidar_tile_896_2560.npy,20220417,896,2560,896,2997,train
20220417_lidar_tile_896_2688.npy,20220417,896,2688,896,3125,train
20220417_lidar_tile_896_2816.npy,20220417,896,2816,896,3253,train
20220417_lidar_tile_1024_0.npy,20220417,1024,0,1024,437,test
20220417_lidar_tile_1024_128.npy,20220417,1024,128,1024,565,test
20220417_lidar_tile_1024_256.npy,20220417,1024,256,1024,693,test
20220417_lidar_tile_1024_384.npy,20220417,1024,384,1024,821,test
20220417_lidar_tile_1024_512.npy,20220417,1024,512,1024,949,test
20220417_lidar_tile_1024_640.npy,20220417,1024,640,1024,1077,buffer
20220417_lidar_tile_1024_768.npy,20220417,1024,768,1024,1205,val
20220417_lidar_tile_1024_896.npy,20220417,1024,896,1024,1333,val
20220417_lidar_tile_1024_1024.npy,20220417,1024,1024,1024,1461,val
20220417_lidar_tile_1024_1152.npy,20220417,1024,1152,1024,1589,buffer
20220417_lidar_tile_1024_1280.npy,20220417,1024,1280,1024,1717,train
20220417_lidar_tile_1024_1408.npy,20220417,1024,1408,1024,1845,train
20220417_lidar_tile_1024_1536.npy,20220417,1024,1536,1024,1973,train
20220417_lidar_tile_1024_1664.npy,20220417,1024,1664,1024,2101,train
20220417_lidar_tile_1024_1792.npy,20220417,1024,1792,1024,2229,train
20220417_lidar_tile_1024_1920.npy,20220417,1024,1920,1024,2357,train
20220417_lidar_tile_1024_2048.npy,20220417,1024,2048,1024,2485,train
20220417_lidar_tile_1024_2176.npy,20220417,1024,2176,1024,2613,train
20220417_lidar_tile_1024_2304.npy,20220417,1024,2304,1024,2741,train
20220417_lidar_tile_1024_2432.npy,20220417,1024,2432,1024,2869,train
20220417_lidar_tile_1024_2560.npy,20220417,1024,2560,1024,2997,train
20220417_lidar_tile_1024_2688.npy,20220417,1024,2688,1024,3125,train
20220417_lidar_tile_1152_0.npy,20220417,1152,0,1152,437,test
20220417_lidar_tile_1152_128.npy,20220417,1152,128,1152,565,test
20220417_lidar_tile_1152_256.npy,20220417,1152,256,1152,693,test
20220417_lidar_tile_1152_384.npy,20220417,1152,384,1152,821,test
20220417_lidar_tile_1152_512.npy,20220417,1152,512,1152,949,test
20220417_lidar_tile_1152_640.npy,20220417,1152,640,1152,1077,buffer
20220417_lidar_tile_1152_768.npy,20220417,1152,768,1152,1205,val
20220417_lidar_tile_1152_896.npy,20220417,1152,896,1152,1333,val
20220417_lidar_tile_1152_1024.npy,20220417,1152,1024,1152,1461,val
20220417_lidar_tile_1152_1152.npy,20220417,1152,1152,1152,1589,buffer
20220417_lidar_tile_1152_1280.npy,20220417,1152,1280,1152,1717,train
20220417_lidar_tile_1152_1408.npy,20220417,1152,1408,1152,1845,train
20220417_lidar_tile_1152_1536.npy,20220417,1152,1536,1152,1973,train
20220417_lidar_tile_1152_1664.npy,20220417,1152,1664,1152,2101,train
20220417_lidar_tile_1152_1792.npy,20220417,1152,1792,1152,2229,train
20220417_lidar_tile_1152_1920.npy,20220417,1152,1920,1152,2357,train
20220417_lidar_tile_1152_2048.npy,20220417,1152,2048,1152,2485,train
20220417_lidar_tile_1152_2176.npy,20220417,1152,2176,1152,2613,train
20220417_lidar_tile_1152_2304.npy,20220417,1152,2304,1152,2741,train
20220417_lidar_tile_1152_2432.npy,20220417,1152,2432,1152,2869,train
20220417_lidar_tile_1152_2560.npy,20220417,1152,2560,1152,2997,train
20220417_lidar_tile_1152_2688.npy,20220417,1152,2688,1152,3125,train
20220417_lidar_tile_1280_0.npy,20220417,1280,0,1280,437,test
20220417_lidar_tile_1280_128.npy,20220417,1280,128,1280,565,test
20220417_lidar_tile_1280_256.npy,20220417,1280,256,1280,693,test
20220417_lidar_tile_1280_384.npy,20220417,1280,384,1280,821,test
20220417_lidar_tile_1280_512.npy,20220417,1280,512,1280,949,test
20220417_lidar_tile_1280_640.npy,20220417,1280,640,1280,1077,buffer
20220417_lidar_tile_1280_768.npy,20220417,1280,768,1280,1205,val
20220417_lidar_tile_1280_896.npy,20220417,1280,896,1280,1333,val
20220417_lidar_tile_1280_1024.npy,20220417,1280,1024,1280,1461,val
20220417_lidar_tile_1280_1152.npy,20220417,1280,1152,1280,1589,buffer
20220417_lidar_tile_1280_1280.npy,20220417,1280,1280,1280,1717,train
20220417_lidar_tile_1280_1408.npy,20220417,1280,1408,1280,1845,train
20220417_lidar_tile_1280_1536.npy,20220417,1280,1536,1280,1973,train
20220417_lidar_tile_1280_1664.npy,20220417,1280,1664,1280,2101,train
20220417_lidar_tile_1280_1792.npy,20220417,1280,1792,1280,2229,train
20220417_lidar_tile_1280_1920.npy,20220417,1280,1920,1280,2357,train
20220417_lidar_tile_1280_2048.npy,20220417,1280,2048,1280,2485,train
20220417_lidar_tile_1280_2176.npy,20220417,1280,2176,1280,2613,train
20220417_lidar_tile_1280_2304.npy,20220417,1280,2304,1280,2741,train
20220417_lidar_tile_1280_2432.npy,20220417,1280,2432,1280,2869,train
20220417_lidar_tile_1280_2560.npy,20220417,1280,2560,1280,2997,train
20220417_lidar_tile_1280_2688.npy,20220417,1280,2688,1280,3125,train
20220417_lidar_tile_1408_384.npy,20220417,1408,384,1408,821,test
20220417_lidar_tile_1408_512.npy,20220417,1408,512,1408,949,test
20220417_lidar_tile_1408_640.npy,20220417,1408,640,1408,1077,buffer
20220417_lidar_tile_1408_768.npy,20220417,1408,768,1408,1205,val
20220417_lidar_tile_1408_896.npy,20220417,1408,896,1408,1333,val
20220417_lidar_tile_1408_1024.npy,20220417,1408,1024,1408,1461,val
20220417_lidar_tile_1408_1152.npy,20220417,1408,1152,1408,1589,buffer
20220417_lidar_tile_1408_1280.npy,20220417,1408,1280,1408,1717,train
20220417_lidar_tile_1408_1408.npy,20220417,1408,1408,1408,1845,train
20220417_lidar_tile_1408_1536.npy,20220417,1408,1536,1408,1973,train
20220417_lidar_tile_1408_1664.npy,20220417,1408,1664,1408,2101,train
20220417_lidar_tile_1408_1792.npy,20220417,1408,1792,1408,2229,train
20220417_lidar_tile_1408_1920.npy,20220417,1408,1920,1408,2357,train
20220417_lidar_tile_1408_2048.npy,20220417,1408,2048,1408,2485,train
20220417_lidar_tile_1408_2176.npy,20220417,1408,2176,1408,2613,train
20220417_lidar_tile_1408_2304.npy,20220417,1408,2304,1408,2741,train
20220417_lidar_tile_1408_2432.npy,20220417,1408,2432,1408,2869,train
20220417_lidar_tile_1408_2560.npy,20220417,1408,2560,1408,2997,train
20220417_lidar_tile_1408_2688.npy,20220417,1408,2688,1408,3125,train
20220417_lidar_tile_1536_384.npy,20220417,1536,384,1536,821,test
20220417_lidar_tile_1536_512.npy,20220417,1536,512,1536,949,test
20220417_lidar_tile_1536_640.npy,20220417,1536,640,1536,1077,buffer
20220417_lidar_tile_1536_768.npy,20220417,1536,768,1536,1205,val
20220417_lidar_tile_1536_896.npy,20220417,1536,896,1536,1333,val
20220417_lidar_tile_1536_1024.npy,20220417,1536,1024,1536,1461,val
20220417_lidar_tile_1536_1152.npy,20220417,1536,1152,1536,1589,buffer
20220417_lidar_tile_1536_1280.npy,20220417,1536,1280,1536,1717,train
20220417_lidar_tile_1536_1408.npy,20220417,1536,1408,1536,1845,train
20220417_lidar_tile_1536_1536.npy,20220417,1536,1536,1536,1973,train
20220417_lidar_tile_1536_1664.npy,20220417,1536,1664,1536,2101,train
20220417_lidar_tile_1536_1792.npy,20220417,1536,1792,1536,2229,train
20220417_lidar_tile_1536_1920.npy,20220417,1536,1920,1536,2357,train
20220417_lidar_tile_1536_2048.npy,20220417,1536,2048,1536,2485,train
20220417_lidar_tile_1536_2176.npy,20220417,1536,2176,1536,2613,train
20220417_lidar_tile_1536_2304.npy,20220417,1536,2304,1536,2741,train
20220417_lidar_tile_1536_2432.npy,20220417,1536,2432,1536,2869,train
20220417_lidar_tile_1536_2560.npy,20220417,1536,2560,1536,2997,train
20220417_lidar_tile_1536_2688.npy,20220417,1536,2688,1536,3125,train
20220417_lidar_tile_1664_512.npy,20220417,1664,512,1664,949,test
20220417_lidar_tile_1664_640.npy,20220417,1664,640,1664,1077,buffer
20220417_lidar_tile_1664_768.npy,20220417,1664,768,1664,1205,val
20220417_lidar_tile_1664_896.npy,20220417,1664,896,1664,1333,val
20220417_lidar_tile_1664_1024.npy,20220417,1664,1024,1664,1461,val
20220417_lidar_tile_1664_1152.npy,20220417,1664,1152,1664,1589,buffer
20220417_lidar_tile_1664_1280.npy,20220417,1664,1280,1664,1717,train
20220417_lidar_tile_1664_1408.npy,20220417,1664,1408,1664,1845,train
20220417_lidar_tile_1664_1536.npy,20220417,1664,1536,1664,1973,train
20220417_lidar_tile_1664_1664.npy,20220417,1664,1664,1664,2101,train
20220417_lidar_tile_1664_1792.npy,20220417,1664,1792,1664,2229,train
20220417_lidar_tile_1664_1920.npy,20220417,1664,1920,1664,2357,train
20220417_lidar_tile_1664_2048.npy,20220417,1664,2048,1664,2485,train
20220417_lidar_tile_1664_2176.npy,20220417,1664,2176,1664,2613,train
20220417_lidar_tile_1664_2304.npy,20220417,1664,2304,1664,2741,train
20220417_lidar_tile_1664_2432.npy,20220417,1664,2432,1664,2869,train
20220417_lidar_tile_1664_2560.npy,20220417,1664,2560,1664,2997,train
20220417_lidar_tile_1792_768.npy,20220417,1792,768,1792,1205,val
20220417_lidar_tile_1792_896.npy,20220417,1792,896,1792,1333,val
20220417_lidar_tile_1792_1024.npy,20220417,1792,1024,1792,1461,val
20220417_lidar_tile_1792_1152.npy,20220417,1792,1152,1792,1589,buffer
20220417_lidar_tile_1792_1280.npy,20220417,1792,1280,1792,1717,train
20220417_lidar_tile_1792_1408.npy,20220417,1792,1408,1792,1845,train
20220417_lidar_tile_1792_1536.npy,20220417,1792,1536,1792,1973,train
20220417_lidar_tile_1792_1664.npy,20220417,1792,1664,1792,2101,train
20220417_lidar_tile_1792_1792.npy,20220417,1792,1792,1792,2229,train
20220417_lidar_tile_1792_1920.npy,20220417,1792,1920,1792,2357,train
20220417_lidar_tile_1792_2048.npy,20220417,1792,2048,1792,2485,train
20220417_lidar_tile_1792_2176.npy,20220417,1792,2176,1792,2613,train
20220417_lidar_tile_1792_2304.npy,20220417,1792,2304,1792,2741,train
20220417_lidar_tile_1792_2432.npy,20220417,1792,2432,1792,2869,train
20220417_lidar_tile_1920_1024.npy,20220417,1920,1024,1920,1461,val
20220417_lidar_tile_1920_1152.npy,20220417,1920,1152,1920,1589,buffer
20220417_lidar_tile_1920_1280.npy,20220417,1920,1280,1920,1717,train
20220417_lidar_tile_1920_1408.npy,20220417,1920,1408,1920,1845,train
20220417_lidar_tile_1920_1536.npy,20220417,1920,1536,1920,1973,train
20220417_lidar_tile_1920_1664.npy,20220417,1920,1664,1920,2101,train
20220417_lidar_tile_1920_1792.npy,20220417,1920,1792,1920,2229,train
20220417_lidar_tile_1920_1920.npy,20220417,1920,1920,1920,2357,train
20220417_lidar_tile_1920_2048.npy,20220417,1920,2048,1920,2485,train
20220417_lidar_tile_1920_2176.npy,20220417,1920,2176,1920,2613,train
20220417_lidar_tile_1920_2304.npy,20220417,1920,2304,1920,2741,train
20220417_lidar_tile_1920_2432.npy,20220417,1920,2432,1920,2869,train
20220417_lidar_tile_2048_1280.npy,20220417,2048,1280,2048,1717,train
20220417_lidar_tile_2048_1408.npy,20220417,2048,1408,2048,1845,train
20220417_lidar_tile_2048_1536.npy,20220417,2048,1536,2048,1973,train
20220417_lidar_tile_2048_1664.npy,20220417,2048,1664,2048,2101,train
20220417_lidar_tile_2048_1792.npy,20220417,2048,1792,2048,2229,train
20220417_lidar_tile_2048_1920.npy,20220417,2048,1920,2048,2357,train
20220417_lidar_tile_2048_2048.npy,20220417,2048,2048,2048,2485,train
20220417_lidar_tile_2048_2176.npy,20220417,2048,2176,2048,2613,train
20220417_lidar_tile_2048_2304.npy,20220417,2048,2304,2048,2741,train
20220417_lidar_tile_2176_1408.npy,20220417,2176,1408,2176,1845,train
20220417_lidar_tile_2176_1536.npy,20220417,2176,1536,2176,1973,train
20220417_lidar_tile_2176_1664.npy,20220417,2176,1664,2176,2101,train
20220417_lidar_tile_2176_1792.npy,20220417,2176,1792,2176,2229,train
20220417_lidar_tile_2176_1920.npy,20220417,2176,1920,2176,2357,train
20220417_lidar_tile_2176_2048.npy,20220417,2176,2048,2176,2485,train
20220417_lidar_tile_2176_2176.npy,20220417,2176,2176,2176,2613,train
20220417_lidar_tile_2176_2304.npy,20220417,2176,2304,2176,2741,train
20220417_lidar_tile_2304_1792.npy,20220417,2304,1792,2304,2229,train
20220417_lidar_tile_2304_1920.npy,20220417,2304,1920,2304,2357,train
20220417_lidar_tile_2304_2048.npy,20220417,2304,2048,2304,2485,train
20220516_lidar_tile_128_256.npy,20220516,128,256,128,256,test
20220516_lidar_tile_128_384.npy,20220516,128,384,128,384,test
20220516_lidar_tile_128_512.npy,20220516,128,512,128,512,test
20220516_lidar_tile_128_640.npy,20220516,128,640,128,640,buffer
20220516_lidar_tile_128_768.npy,20220516,128,768,128,768,val
20220516_lidar_tile_128_896.npy,20220516,128,896,128,896,val
20220516_lidar_tile_256_256.npy,20220516,256,256,256,256,test
20220516_lidar_tile_256_384.npy,20220516,256,384,256,384,test
20220516_lidar_tile_256_512.npy,20220516,256,512,256,512,test
20220516_lidar_tile_256_640.npy,20220516,256,640,256,640,buffer
20220516_lidar_tile_256_768.npy,20220516,256,768,256,768,val
20220516_lidar_tile_256_896.npy,20220516,256,896,256,896,val
20220516_lidar_tile_256_1024.npy,20220516,256,1024,256,1024,val
20220516_lidar_tile_256_1152.npy,20220516,256,1152,256,1152,buffer
20220516_lidar_tile_384_128.npy,20220516,384,128,384,128,test
20220516_lidar_tile_384_256.npy,20220516,384,256,384,256,test
20220516_lidar_tile_384_384.npy,20220516,384,384,384,384,test
20220516_lidar_tile_384_512.npy,20220516,384,512,384,512,test
20220516_lidar_tile_384_640.npy,20220516,384,640,384,640,buffer
20220516_lidar_tile_384_768.npy,20220516,384,768,384,768,val
20220516_lidar_tile_384_896.npy,20220516,384,896,384,896,val
20220516_lidar_tile_384_1024.npy,20220516,384,1024,384,1024,val
20220516_lidar_tile_384_1152.npy,20220516,384,1152,384,1152,buffer
20220516_lidar_tile_384_2304.npy,20220516,384,2304,384,2304,train
20220516_lidar_tile_512_128.npy,20220516,512,128,512,128,test
20220516_lidar_tile_512_256.npy,20220516,512,256,512,256,test
20220516_lidar_tile_512_384.npy,20220516,512,384,512,384,test
20220516_lidar_tile_512_512.npy,20220516,512,512,512,512,test
20220516_lidar_tile_512_640.npy,20220516,512,640,512,640,buffer
20220516_lidar_tile_512_768.npy,20220516,512,768,512,768,val
20220516_lidar_tile_512_896.npy,20220516,512,896,512,896,val
20220516_lidar_tile_512_1024.npy,20220516,512,1024,512,1024,val
20220516_lidar_tile_512_1152.npy,20220516,512,1152,512,1152,buffer
20220516_lidar_tile_512_1280.npy,20220516,512,1280,512,1280,train
20220516_lidar_tile_512_1408.npy,20220516,512,1408,512,1408,train
20220516_lidar_tile_512_1536.npy,20220516,512,1536,512,1536,train
20220516_lidar_tile_512_1664.npy,20220516,512,1664,512,1664,train
20220516_lidar_tile_512_1792.npy,20220516,512,1792,512,1792,train
20220516_lidar_tile_512_1920.npy,20220516,512,1920,512,1920,train
20220516_lidar_tile_512_2048.npy,20220516,512,2048,512,2048,train
20220516_lidar_tile_512_2176.npy,20220516,512,2176,512,2176,train
20220516_lidar_tile_512_2304.npy,20220516,512,2304,512,2304,train
20220516_lidar_tile_512_2432.npy,20220516,512,2432,512,2432,train
20220516_lidar_tile_640_128.npy,20220516,640,128,640,128,test
20220516_lidar_tile_640_256.npy,20220516,640,256,640,256,test
20220516_lidar_tile_640_384.npy,20220516,640,384,640,384,test
20220516_lidar_tile_640_512.npy,20220516,640,512,640,512,test
20220516_lidar_tile_640_640.npy,20220516,640,640,640,640,buffer
20220516_lidar_tile_640_768.npy,20220516,640,768,640,768,val
20220516_lidar_tile_640_896.npy,20220516,640,896,640,896,val
20220516_lidar_tile_640_1024.npy,20220516,640,1024,640,1024,val
20220516_lidar_tile_640_1152.npy,20220516,640,1152,640,1152,buffer
20220516_lidar_tile_640_1280.npy,20220516,640,1280,640,1280,train
20220516_lidar_tile_640_1408.npy,20220516,640,1408,640,1408,train
20220516_lidar_tile_640_1536.npy,20220516,640,1536,640,1536,train
20220516_lidar_tile_640_1664.npy,20220516,640,1664,640,1664,train
20220516_lidar_tile_640_1792.npy,20220516,640,1792,640,1792,train
20220516_lidar_tile_640_1920.npy,20220516,640,1920,640,1920,train
20220516_lidar_tile_640_2048.npy,20220516,640,2048,640,2048,train
20220516_lidar_tile_640_2176.npy,20220516,640,2176,640,2176,train
20220516_lidar_tile_640_2304.npy,20220516,640,2304,640,2304,train
20220516_lidar_tile_640_2432.npy,20220516,640,2432,640,2432,train
20220516_lidar_tile_768_128.npy,20220516,768,128,768,128,test
20220516_lidar_tile_768_256.npy,20220516,768,256,768,256,test
20220516_lidar_tile_768_384.npy,20220516,768,384,768,384,test
20220516_lidar_tile_768_512.npy,20220516,768,512,768,512,test
20220516_lidar_tile_768_640.npy,20220516,768,640,768,640,buffer
20220516_lidar_tile_768_768.npy,20220516,768,768,768,768,val
20220516_lidar_tile_768_896.npy,20220516,768,896,768,896,val
20220516_lidar_tile_768_1024.npy,20220516,768,1024,768,1024,val
20220516_lidar_tile_768_1152.npy,20220516,768,1152,768,1152,buffer
20220516_lidar_tile_768_1280.npy,20220516,768,1280,768,1280,train
20220516_lidar_tile_768_1408.npy,20220516,768,1408,768,1408,train
20220516_lidar_tile_768_1536.npy,20220516,768,1536,768,1536,train
20220516_lidar_tile_768_1664.npy,20220516,768,1664,768,1664,train
20220516_lidar_tile_768_1792.npy,20220516,768,1792,768,1792,train
20220516_lidar_tile_768_1920.npy,20220516,768,1920,768,1920,train
20220516_lidar_tile_768_2048.npy,20220516,768,2048,768,2048,train
20220516_lidar_tile_768_2176.npy,20220516,768,2176,768,2176,train
20220516_lidar_tile_768_2304.npy,20220516,768,2304,768,2304,train
20220516_lidar_tile_768_2432.npy,20220516,768,2432,768,2432,train
20220516_lidar_tile_896_128.npy,20220516,896,128,896,128,test
20220516_lidar_tile_896_256.npy,20220516,896,256,896,256,test
20220516_lidar_tile_896_384.npy,20220516,896,384,896,384,test
20220516_lidar_tile_896_512.npy,20220516,896,512,896,512,test
20220516_lidar_tile_896_640.npy,20220516,896,640,896,640,buffer
20220516_lidar_tile_896_768.npy,20220516,896,768,896,768,val
20220516_lidar_tile_896_896.npy,20220516,896,896,896,896,val
20220516_lidar_tile_896_1024.npy,20220516,896,1024,896,1024,val
20220516_lidar_tile_896_1152.npy,20220516,896,1152,896,1152,buffer
20220516_lidar_tile_896_1280.npy,20220516,896,1280,896,1280,train
20220516_lidar_tile_896_1408.npy,20220516,896,1408,896,1408,train
20220516_lidar_tile_896_1536.npy,20220516,896,1536,896,1536,train
20220516_lidar_tile_896_1664.npy,20220516,896,1664,896,1664,train
20220516_lidar_tile_896_1792.npy,20220516,896,1792,896,1792,train
20220516_lidar_tile_896_1920.npy,20220516,896,1920,896,1920,train
20220516_lidar_tile_896_2176.npy,20220516,896,2176,896,2176,train
20220516_lidar_tile_896_2304.npy,20220516,896,2304,896,2304,train
20220516_lidar_tile_896_2432.npy,20220516,896,2432,896,2432,train
20220516_lidar_tile_1024_128.npy,20220516,1024,128,1024,128,test
20220516_lidar_tile_1024_256.npy,20220516,1024,256,1024,256,test
20220516_lidar_tile_1024_384.npy,20220516,1024,384,1024,384,test
20220516_lidar_tile_1024_512.npy,20220516,1024,512,1024,512,test
20220516_lidar_tile_1024_640.npy,20220516,1024,640,1024,640,buffer
20220516_lidar_tile_1024_768.npy,20220516,1024,768,1024,768,val
20220516_lidar_tile_1024_896.npy,20220516,1024,896,1024,896,val
20220516_lidar_tile_1024_1024.npy,20220516,1024,1024,1024,1024,val
20220516_lidar_tile_1024_1152.npy,20220516,1024,1152,1024,1152,buffer
20220516_lidar_tile_1024_1280.npy,20220516,1024,1280,1024,1280,train
20220516_lidar_tile_1024_1408.npy,20220516,1024,1408,1024,1408,train
20220516_lidar_tile_1024_1536.npy,20220516,1024,1536,1024,1536,train
20220516_lidar_tile_1024_1664.npy,20220516,1024,1664,1024,1664,train
20220516_lidar_tile_1024_1792.npy,20220516,1024,1792,1024,1792,train
20220516_lidar_tile_1024_1920.npy,20220516,1024,1920,1024,1920,train
20220516_lidar_tile_1024_2048.npy,20220516,1024,2048,1024,2048,train
20220516_lidar_tile_1024_2176.npy,20220516,1024,2176,1024,2176,train
20220516_lidar_tile_1024_2304.npy,20220516,1024,2304,1024,2304,train
20220516_lidar_tile_1024_2432.npy,20220516,1024,2432,1024,2432,train
20220516_lidar_tile_1152_256.npy,20220516,1152,256,1152,256,test
20220516_lidar_tile_1152_384.npy,20220516,1152,384,1152,384,test
20220516_lidar_tile_1152_512.npy,20220516,1152,512,1152,512,test
20220516_lidar_tile_1152_640.npy,20220516,1152,640,1152,640,buffer
20220516_lidar_tile_1152_768.npy,20220516,1152,768,1152,768,val
20220516_lidar_tile_1152_896.npy,20220516,1152,896,1152,896,val
20220516_lidar_tile_1152_1024.npy,20220516,1152,1024,1152,1024,val
20220516_lidar_tile_1152_1152.npy,20220516,1152,1152,1152,1152,buffer
20220516_lidar_tile_1152_1280.npy,20220516,1152,1280,1152,1280,train
20220516_lidar_tile_1152_1408.npy,20220516,1152,1408,1152,1408,train
20220516_lidar_tile_1152_1536.npy,20220516,1152,1536,1152,1536,train
20220516_lidar_tile_1152_1664.npy,20220516,1152,1664,1152,1664,train
20220516_lidar_tile_1152_1792.npy,20220516,1152,1792,1152,1792,train
20220516_lidar_tile_1152_1920.npy,20220516,1152,1920,1152,1920,train
20220516_lidar_tile_1152_2048.npy,20220516,1152,2048,1152,2048,train
20220516_lidar_tile_1152_2176.npy,20220516,1152,2176,1152,2176,train
20220516_lidar_tile_1152_2304.npy,20220516,1152,2304,1152,2304,train
20220516_lidar_tile_1152_2432.npy,20220516,1152,2432,1152,2432,train
20220516_lidar_tile_1280_384.npy,20220516,1280,384,1280,384,test
20220516_lidar_tile_1280_512.npy,20220516,1280,512,1280,512,test
20220516_lidar_tile_1280_640.npy,20220516,1280,640,1280,640,buffer
20220516_lidar_tile_1280_768.npy,20220516,1280,768,1280,768,val
20220516_lidar_tile_1280_896.npy,20220516,1280,896,1280,896,val
20220516_lidar_tile_1280_1024.npy,20220516,1280,1024,1280,1024,val
20220516_lidar_tile_1280_1152.npy,20220516,1280,1152,1280,1152,buffer
20220516_lidar_tile_1280_1280.npy,20220516,1280,1280,1280,1280,train
20220516_lidar_tile_1280_1408.npy,20220516,1280,1408,1280,1408,train
20220516_lidar_tile_1280_1536.npy,20220516,1280,1536,1280,1536,train
20220516_lidar_tile_1280_1664.npy,20220516,1280,1664,1280,1664,train
20220516_lidar_tile_1280_1792.npy,20220516,1280,1792,1280,1792,train
20220516_lidar_tile_1280_1920.npy,20220516,1280,1920,1280,1920,train
20220516_lidar_tile_1280_2048.npy,20220516,1280,2048,1280,2048,train
20220516_lidar_tile_1280_2176.npy,20220516,1280,2176,1280,2176,train
20220516_lidar_tile_1280_2304.npy,20220516,1280,2304,1280,2304,train
20220516_lidar_tile_1280_2432.npy,20220516,1280,2432,1280,2432,train
20220516_lidar_tile_1408_768.npy,20220516,1408,768,1408,768,val
20220516_lidar_tile_1408_896.npy,20220516,1408,896,1408,896,val
20220516_lidar_tile_1408_1024.npy,20220516,1408,1024,1408,1024,val
20220516_lidar_tile_1408_1152.npy,20220516,1408,1152,1408,1152,buffer
20220516_lidar_tile_1408_1280.npy,20220516,1408,1280,1408,1280,train
20220516_lidar_tile_1408_1408.npy,20220516,1408,1408,1408,1408,train
20220516_lidar_tile_1408_1536.npy,20220516,1408,1536,1408,1536,train
20220516_lidar_tile_1408_1664.npy,20220516,1408,1664,1408,1664,train
20220516_lidar_tile_1408_1792.npy,20220516,1408,1792,1408,1792,train
20220516_lidar_tile_1408_1920.npy,20220516,1408,1920,1408,1920,train
20220516_lidar_tile_1408_2048.npy,20220516,1408,2048,1408,2048,train
20220516_lidar_tile_1408_2176.npy,20220516,1408,2176,1408,2176,train
20220516_lidar_tile_1408_2304.npy,20220516,1408,2304,1408,2304,train
20220516_lidar_tile_1408_2432.npy,20220516,1408,2432,1408,2432,train
20220516_lidar_tile_1408_2560.npy,20220516,1408,2560,1408,2560,train
20220516_lidar_tile_1408_2688.npy,20220516,1408,2688,1408,2688,train
20220516_lidar_tile_1536_768.npy,20220516,1536,768,1536,768,val
20220516_lidar_tile_1536_896.npy,20220516,1536,896,1536,896,val
20220516_lidar_tile_1536_1024.npy,20220516,1536,1024,1536,1024,val
20220516_lidar_tile_1536_1152.npy,20220516,1536,1152,1536,1152,buffer
20220516_lidar_tile_1536_1280.npy,20220516,1536,1280,1536,1280,train
20220516_lidar_tile_1536_1408.npy,20220516,1536,1408,1536,1408,train
20220516_lidar_tile_1536_1536.npy,20220516,1536,1536,1536,1536,train
20220516_lidar_tile_1536_1664.npy,20220516,1536,1664,1536,1664,train
20220516_lidar_tile_1536_1792.npy,20220516,1536,1792,1536,1792,train
20220516_lidar_tile_1536_1920.npy,20220516,1536,1920,1536,1920,train
20220516_lidar_tile_1536_2048.npy,20220516,1536,2048,1536,2048,train
20220516_lidar_tile_1536_2176.npy,20220516,1536,2176,1536,2176,train
20220516_lidar_tile_1536_2304.npy,20220516,1536,2304,1536,2304,train
20220516_lidar_tile_1536_2432.npy,20220516,1536,2432,1536,2432,train
20220516_lidar_tile_1536_2560.npy,20220516,1536,2560,1536,2560,train
20220516_lidar_tile_1536_2688.npy,20220516,1536,2688,1536,2688,train
20220516_lidar_tile_1664_768.npy,20220516,1664,768,1664,768,val
20220516_lidar_tile_1664_896.npy,20220516,1664,896,1664,896,val
20220516_lidar_tile_1664_1024.npy,20220516,1664,1024,1664,1024,val
20220516_lidar_tile_1664_1152.npy,20220516,1664,1152,1664,1152,buffer
20220516_lidar_tile_1664_1280.npy,20220516,1664,1280,1664,1280,train
20220516_lidar_tile_1664_1408.npy,20220516,1664,1408,1664,1408,train
20220516_lidar_tile_1664_1536.npy,20220516,1664,1536,1664,1536,train
20220516_lidar_tile_1664_1664.npy,20220516,1664,1664,1664,1664,train
20220516_lidar_tile_1664_1792.npy,20220516,1664,1792,1664,1792,train
20220516_lidar_tile_1664_1920.npy,20220516,1664,1920,1664,1920,train
20220516_lidar_tile_1664_2048.npy,20220516,1664,2048,1664,2048,train
20220516_lidar_tile_1664_2176.npy,20220516,1664,2176,1664,2176,train
20220516_lidar_tile_1664_2304.npy,20220516,1664,2304,1664,2304,train
20220516_lidar_tile_1664_2432.npy,20220516,1664,2432,1664,2432,train
20220516_lidar_tile_1664_2560.npy,20220516,1664,2560,1664,2560,train
20220516_lidar_tile_1792_768.npy,20220516,1792,768,1792,768,val
20220516_lidar_tile_1792_896.npy,20220516,1792,896,1792,896,val
20220516_lidar_tile_1792_1024.npy,20220516,1792,1024,1792,1024,val
20220516_lidar_tile_1792_1152.npy,20220516,1792,1152,1792,1152,buffer
20220516_lidar_tile_1792_1280.npy,20220516,1792,1280,1792,1280,train
20220516_lidar_tile_1792_1408.npy,20220516,1792,1408,1792,1408,train
20220516_lidar_tile_1792_1792.npy,20220516,1792,1792,1792,1792,train
20220516_lidar_tile_1792_1920.npy,20220516,1792,1920,1792,1920,train
20220516_lidar_tile_1792_2048.npy,20220516,1792,2048,1792,2048,train
20220516_lidar_tile_1792_2176.npy,20220516,1792,2176,1792,2176,train
20220516_lidar_tile_1792_2304.npy,20220516,1792,2304,1792,2304,train
20220516_lidar_tile_1792_2432.npy,20220516,1792,2432,1792,2432,train
20220516_lidar_tile_1920_1920.npy,20220516,1920,1920,1920,1920,train
20220516_lidar_tile_1920_2048.npy,20220516,1920,2048,1920,2048,train
20220516_lidar_tile_1920_2176.npy,20220516,1920,2176,1920,2176,train
20220516_lidar_tile_1920_2304.npy,20220516,1920,2304,1920,2304,train
20220516_lidar_tile_1920_2432.npy,20220516,1920,2432,1920,2432,train
20220516_lidar_tile_2048_1920.npy,20220516,2048,1920,2048,1920,train
20220516_lidar_tile_2048_2048.npy,20220516,2048,2048,2048,2048,train
20221201_lidar_tile_128_256.npy,20221201,128,256,128,313,test
20221201_lidar_tile_128_384.npy,20221201,128,384,128,441,test
20221201_lidar_tile_128_512.npy,20221201,128,512,128,569,test
20221201_lidar_tile_128_640.npy,20221201,128,640,128,697,buffer
20221201_lidar_tile_128_768.npy,20221201,128,768,128,825,val
20221201_lidar_tile_256_128.npy,20221201,256,128,256,185,test
20221201_lidar_tile_256_256.npy,20221201,256,256,256,313,test
20221201_lidar_tile_256_384.npy,20221201,256,384,256,441,test
20221201_lidar_tile_256_512.npy,20221201,256,512,256,569,test
20221201_lidar_tile_256_640.npy,20221201,256,640,256,697,buffer
20221201_lidar_tile_256_768.npy,20221201,256,768,256,825,val
20221201_lidar_tile_256_896.npy,20221201,256,896,256,953,val
20221201_lidar_tile_256_1024.npy,20221201,256,1024,256,1081,val
20221201_lidar_tile_384_128.npy,20221201,384,128,384,185,test
20221201_lidar_tile_384_256.npy,20221201,384,256,384,313,test
20221201_lidar_tile_384_384.npy,20221201,384,384,384,441,test
20221201_lidar_tile_384_512.npy,20221201,384,512,384,569,test
20221201_lidar_tile_384_640.npy,20221201,384,640,384,697,buffer
20221201_lidar_tile_384_768.npy,20221201,384,768,384,825,val
20221201_lidar_tile_384_896.npy,20221201,384,896,384,953,val
20221201_lidar_tile_384_1024.npy,20221201,384,1024,384,1081,val
20221201_lidar_tile_384_1152.npy,20221201,384,1152,384,1209,buffer
20221201_lidar_tile_384_2176.npy,20221201,384,2176,384,2233,train
20221201_lidar_tile_384_2304.npy,20221201,384,2304,384,2361,train
20221201_lidar_tile_512_128.npy,20221201,512,128,512,185,test
20221201_lidar_tile_512_256.npy,20221201,512,256,512,313,test
20221201_lidar_tile_512_384.npy,20221201,512,384,512,441,test
20221201_lidar_tile_512_512.npy,20221201,512,512,512,569,test
20221201_lidar_tile_512_640.npy,20221201,512,640,512,697,buffer
20221201_lidar_tile_512_768.npy,20221201,512,768,512,825,val
20221201_lidar_tile_512_896.npy,20221201,512,896,512,953,val
20221201_lidar_tile_512_1024.npy,20221201,512,1024,512,1081,val
20221201_lidar_tile_512_1152.npy,20221201,512,1152,512,1209,buffer
20221201_lidar_tile_512_1280.npy,20221201,512,1280,512,1337,train
20221201_lidar_tile_512_1408.npy,20221201,512,1408,512,1465,train
20221201_lidar_tile_512_1536.npy,20221201,512,1536,512,1593,train
20221201_lidar_tile_512_1664.npy,20221201,512,1664,512,1721,train
20221201_lidar_tile_512_1792.npy,20221201,512,1792,512,1849,train
20221201_lidar_tile_512_1920.npy,20221201,512,1920,512,1977,train
20221201_lidar_tile_512_2048.npy,20221201,512,2048,512,2105,train
20221201_lidar_tile_512_2176.npy,20221201,512,2176,512,2233,train
20221201_lidar_tile_512_2304.npy,20221201,512,2304,512,2361,train
20221201_lidar_tile_512_2432.npy,20221201,512,2432,512,2489,train
20221201_lidar_tile_512_2560.npy,20221201,512,2560,512,2617,train
20221201_lidar_tile_512_2688.npy,20221201,512,2688,512,2745,train
20221201_lidar_tile_640_128.npy,20221201,640,128,640,185,test
20221201_lidar_tile_640_256.npy,20221201,640,256,640,313,test
20221201_lidar_tile_640_384.npy,20221201,640,384,640,441,test
20221201_lidar_tile_640_512.npy,20221201,640,512,640,569,test
20221201_lidar_tile_640_640.npy,20221201,640,640,640,697,buffer
20221201_lidar_tile_640_768.npy,20221201,640,768,640,825,val
20221201_lidar_tile_640_896.npy,20221201,640,896,640,953,val
20221201_lidar_tile_640_1024.npy,20221201,640,1024,640,1081,val
20221201_lidar_tile_640_1152.npy,20221201,640,1152,640,1209,buffer
20221201_lidar_tile_640_1280.npy,20221201,640,1280,640,1337,train
20221201_lidar_tile_640_1408.npy,20221201,640,1408,640,1465,train
20221201_lidar_tile_640_1536.npy,20221201,640,1536,640,1593,train
20221201_lidar_tile_640_1664.npy,20221201,640,1664,640,1721,train
20221201_lidar_tile_640_1792.npy,20221201,640,1792,640,1849,train
20221201_lidar_tile_640_1920.npy,20221201,640,1920,640,1977,train
20221201_lidar_tile_640_2048.npy,20221201,640,2048,640,2105,train
20221201_lidar_tile_640_2176.npy,20221201,640,2176,640,2233,train
20221201_lidar_tile_640_2304.npy,20221201,640,2304,640,2361,train
20221201_lidar_tile_640_2432.npy,20221201,640,2432,640,2489,train
20221201_lidar_tile_640_2560.npy,20221201,640,2560,640,2617,train
20221201_lidar_tile_640_2688.npy,20221201,640,2688,640,2745,train
20221201_lidar_tile_640_2816.npy,20221201,640,2816,640,2873,train
20221201_lidar_tile_640_2944.npy,20221201,640,2944,640,3001,train
20221201_lidar_tile_768_0.npy,20221201,768,0,768,57,test
20221201_lidar_tile_768_128.npy,20221201,768,128,768,185,test
20221201_lidar_tile_768_256.npy,20221201,768,256,768,313,test
20221201_lidar_tile_768_384.npy,20221201,768,384,768,441,test
20221201_lidar_tile_768_512.npy,20221201,768,512,768,569,test
20221201_lidar_tile_768_640.npy,20221201,768,640,768,697,buffer
20221201_lidar_tile_768_768.npy,20221201,768,768,768,825,val
20221201_lidar_tile_768_896.npy,20221201,768,896,768,953,val
20221201_lidar_tile_768_1024.npy,20221201,768,1024,768,1081,val
20221201_lidar_tile_768_1152.npy,20221201,768,1152,768,1209,buffer
20221201_lidar_tile_768_1280.npy,20221201,768,1280,768,1337,train
20221201_lidar_tile_768_1408.npy,20221201,768,1408,768,1465,train
20221201_lidar_tile_768_1536.npy,20221201,768,1536,768,1593,train
20221201_lidar_tile_768_1664.npy,20221201,768,1664,768,1721,train
20221201_lidar_tile_768_1792.npy,20221201,768,1792,768,1849,train
20221201_lidar_tile_768_1920.npy,20221201,768,1920,768,1977,train
20221201_lidar_tile_768_2048.npy,20221201,768,2048,768,2105,train
20221201_lidar_tile_768_2176.npy,20221201,768,2176,768,2233,train
20221201_lidar_tile_768_2304.npy,20221201,768,2304,768,2361,train
20221201_lidar_tile_768_2432.npy,20221201,768,2432,768,2489,train
20221201_lidar_tile_768_2560.npy,20221201,768,2560,768,2617,train
20221201_lidar_tile_768_2688.npy,20221201,768,2688,768,2745,train
20221201_lidar_tile_768_2816.npy,20221201,768,2816,768,2873,train
20221201_lidar_tile_768_2944.npy,20221201,768,2944,768,3001,train
20221201_lidar_tile_768_3072.npy,20221201,768,3072,768,3129,train
20221201_lidar_tile_896_0.npy,20221201,896,0,896,57,test
20221201_lidar_tile_896_128.npy,20221201,896,128,896,185,test
20221201_lidar_tile_896_256.npy,20221201,896,256,896,313,test
20221201_lidar_tile_896_384.npy,20221201,896,384,896,441,test
20221201_lidar_tile_896_512.npy,20221201,896,512,896,569,test
20221201_lidar_tile_896_640.npy,20221201,896,640,896,697,buffer
20221201_lidar_tile_896_768.npy,20221201,896,768,896,825,val
20221201_lidar_tile_896_896.npy,20221201,896,896,896,953,val
20221201_lidar_tile_896_1024.npy,20221201,896,1024,896,1081,val
20221201_lidar_tile_896_1152.npy,20221201,896,1152,896,1209,buffer
20221201_lidar_tile_896_1280.npy,20221201,896,1280,896,1337,train
20221201_lidar_tile_896_1408.npy,20221201,896,1408,896,1465,train
20221201_lidar_tile_896_1536.npy,20221201,896,1536,896,1593,train
20221201_lidar_tile_896_1664.npy,20221201,896,1664,896,1721,train
20221201_lidar_tile_896_1792.npy,20221201,896,1792,896,1849,train
20221201_lidar_tile_896_2176.npy,20221201,896,2176,896,2233,train
20221201_lidar_tile_896_2304.npy,20221201,896,2304,896,2361,train
20221201_lidar_tile_896_2432.npy,20221201,896,2432,896,2489,train
20221201_lidar_tile_896_2560.npy,20221201,896,2560,896,2617,train
20221201_lidar_tile_896_2688.npy,20221201,896,2688,896,2745,train
20221201_lidar_tile_896_2816.npy,20221201,896,2816,896,2873,train
20221201_lidar_tile_896_2944.npy,20221201,896,2944,896,3001,train
20221201_lidar_tile_896_3072.npy,20221201,896,3072,896,3129,train
20221201_lidar_tile_896_3200.npy,20221201,896,3200,896,3257,train
20221201_lidar_tile_1024_128.npy,20221201,1024,128,1024,185,test
20221201_lidar_tile_1024_256.npy,20221201,1024,256,1024,313,test
20221201_lidar_tile_1024_384.npy,20221201,1024,384,1024,441,test
20221201_lidar_tile_1024_512.npy,20221201,1024,512,1024,569,test
20221201_lidar_tile_1024_640.npy,20221201,1024,640,1024,697,buffer
20221201_lidar_tile_1024_768.npy,20221201,1024,768,1024,825,val
20221201_lidar_tile_1024_896.npy,20221201,1024,896,1024,953,val
20221201_lidar_tile_1024_1024.npy,20221201,1024,1024,1024,1081,val
20221201_lidar_tile_1024_1152.npy,20221201,1024,1152,1024,1209,buffer
20221201_lidar_tile_1024_1280.npy,20221201,1024,1280,1024,1337,train
20221201_lidar_tile_1024_1408.npy,20221201,1024,1408,1024,1465,train
20221201_lidar_tile_1024_1536.npy,20221201,1024,1536,1024,1593,train
20221201_lidar_tile_1024_1664.npy,20221201,1024,1664,1024,1721,train
20221201_lidar_tile_1024_1792.npy,20221201,1024,1792,1024,1849,train
20221201_lidar_tile_1024_1920.npy,20221201,1024,1920,1024,1977,train
20221201_lidar_tile_1024_2048.npy,20221201,1024,2048,1024,2105,train
20221201_lidar_tile_1024_2176.npy,20221201,1024,2176,1024,2233,train
20221201_lidar_tile_1024_2304.npy,20221201,1024,2304,1024,2361,train
20221201_lidar_tile_1024_2432.npy,20221201,1024,2432,1024,2489,train
20221201_lidar_tile_1024_2560.npy,20221201,1024,2560,1024,2617,train
20221201_lidar_tile_1024_2688.npy,20221201,1024,2688,1024,2745,train
20221201_lidar_tile_1024_2816.npy,20221201,1024,2816,1024,2873,train
20221201_lidar_tile_1024_2944.npy,20221201,1024,2944,1024,3001,train
20221201_lidar_tile_1024_3072.npy,20221201,1024,3072,1024,3129,train
20221201_lidar_tile_1152_256.npy,20221201,1152,256,1152,313,test
20221201_lidar_tile_1152_384.npy,20221201,1152,384,1152,441,test
20221201_lidar_tile_1152_512.npy,20221201,1152,512,1152,569,test
20221201_lidar_tile_1152_640.npy,20221201,1152,640,1152,697,buffer
20221201_lidar_tile_1152_768.npy,20221201,1152,768,1152,825,val
20221201_lidar_tile_1152_896.npy,20221201,1152,896,1152,953,val
20221201_lidar_tile_1152_1024.npy,20221201,1152,1024,1152,1081,val
20221201_lidar_tile_1152_1152.npy,20221201,1152,1152,1152,1209,buffer
20221201_lidar_tile_1152_1280.npy,20221201,1152,1280,1152,1337,train
20221201_lidar_tile_1152_1408.npy,20221201,1152,1408,1152,1465,train
20221201_lidar_tile_1152_1536.npy,20221201,1152,1536,1152,1593,train
20221201_lidar_tile_1152_1664.npy,20221201,1152,1664,1152,1721,train
20221201_lidar_tile_1152_1792.npy,20221201,1152,1792,1152,1849,train
20221201_lidar_tile_1152_1920.npy,20221201,1152,1920,1152,1977,train
20221201_lidar_tile_1152_2048.npy,20221201,1152,2048,1152,2105,train
20221201_lidar_tile_1152_2176.npy,20221201,1152,2176,1152,2233,train
20221201_lidar_tile_1152_2304.npy,20221201,1152,2304,1152,2361,train
20221201_lidar_tile_1152_2432.npy,20221201,1152,2432,1152,2489,train
20221201_lidar_tile_1152_2560.npy,20221201,1152,2560,1152,2617,train
20221201_lidar_tile_1152_2688.npy,20221201,1152,2688,1152,2745,train
20221201_lidar_tile_1152_2816.npy,20221201,1152,2816,1152,2873,train
20221201_lidar_tile_1152_2944.npy,20221201,1152,2944,1152,3001,train
20221201_lidar_tile_1152_3072.npy,20221201,1152,3072,1152,3129,train
20221201_lidar_tile_1280_384.npy,20221201,1280,384,1280,441,test
20221201_lidar_tile_1280_512.npy,20221201,1280,512,1280,569,test
20221201_lidar_tile_1280_640.npy,20221201,1280,640,1280,697,buffer
20221201_lidar_tile_1280_768.npy,20221201,1280,768,1280,825,val
20221201_lidar_tile_1280_896.npy,20221201,1280,896,1280,953,val
20221201_lidar_tile_1280_1024.npy,20221201,1280,1024,1280,1081,val
20221201_lidar_tile_1280_1152.npy,20221201,1280,1152,1280,1209,buffer
20221201_lidar_tile_1280_1280.npy,20221201,1280,1280,1280,1337,train
20221201_lidar_tile_1280_1408.npy,20221201,1280,1408,1280,1465,train
20221201_lidar_tile_1280_1536.npy,20221201,1280,1536,1280,1593,train
20221201_lidar_tile_1280_1664.npy,20221201,1280,1664,1280,1721,train
20221201_lidar_tile_1280_1792.npy,20221201,1280,1792,1280,1849,train
20221201_lidar_tile_1280_1920.npy,20221201,1280,1920,1280,1977,train
20221201_lidar_tile_1280_2048.npy,20221201,1280,2048,1280,2105,train
20221201_lidar_tile_1280_2176.npy,20221201,1280,2176,1280,2233,train
20221201_lidar_tile_1280_2304.npy,20221201,1280,2304,1280,2361,train
20221201_lidar_tile_1280_2432.npy,20221201,1280,2432,1280,2489,train
20221201_lidar_tile_1280_2560.npy,20221201,1280,2560,1280,2617,train
20221201_lidar_tile_1280_2688.npy,20221201,1280,2688,1280,2745,train
20221201_lidar_tile_1280_2816.npy,20221201,1280,2816,1280,2873,train
20221201_lidar_tile_1280_2944.npy,20221201,1280,2944,1280,3001,train
20221201_lidar_tile_1280_3072.npy,20221201,1280,3072,1280,3129,train
20221201_lidar_tile_1408_768.npy,20221201,1408,768,1408,825,val
20221201_lidar_tile_1408_896.npy,20221201,1408,896,1408,953,val
20221201_lidar_tile_1408_1024.npy,20221201,1408,1024,1408,1081,val
20221201_lidar_tile_1408_1152.npy,20221201,1408,1152,1408,1209,buffer
20221201_lidar_tile_1408_1280.npy,20221201,1408,1280,1408,1337,train
20221201_lidar_tile_1408_1408.npy,20221201,1408,1408,1408,1465,train
20221201_lidar_tile_1408_1536.npy,20221201,1408,1536,1408,1593,train
20221201_lidar_tile_1408_1664.npy,20221201,1408,1664,1408,1721,train
20221201_lidar_tile_1408_1792.npy,20221201,1408,1792,1408,1849,train
20221201_lidar_tile_1408_1920.npy,20221201,1408,1920,1408,1977,train
20221201_lidar_tile_1408_2048.npy,20221201,1408,2048,1408,2105,train
20221201_lidar_tile_1408_2176.npy,20221201,1408,2176,1408,2233,train
20221201_lidar_tile_1408_2304.npy,20221201,1408,2304,1408,2361,train
20221201_lidar_tile_1408_2432.npy,20221201,1408,2432,1408,2489,train
20221201_lidar_tile_1408_2560.npy,20221201,1408,2560,1408,2617,train
20221201_lidar_tile_1408_2688.npy,20221201,1408,2688,1408,2745,train
20221201_lidar_tile_1408_2816.npy,20221201,1408,2816,1408,2873,train
20221201_lidar_tile_1408_2944.npy,20221201,1408,2944,1408,3001,train
20221201_lidar_tile_1408_3072.npy,20221201,1408,3072,1408,3129,train
20221201_lidar_tile_1536_768.npy,20221201,1536,768,1536,825,val
20221201_lidar_tile_1536_896.npy,20221201,1536,896,1536,953,val
20221201_lidar_tile_1536_1024.npy,20221201,1536,1024,1536,1081,val
20221201_lidar_tile_1536_1152.npy,20221201,1536,1152,1536,1209,buffer
20221201_lidar_tile_1536_1280.npy,20221201,1536,1280,1536,1337,train
20221201_lidar_tile_1536_1408.npy,20221201,1536,1408,1536,1465,train
20221201_lidar_tile_1536_1536.npy,20221201,1536,1536,1536,1593,train
20221201_lidar_tile_1536_1664.npy,20221201,1536,1664,1536,1721,train
20221201_lidar_tile_1536_1792.npy,20221201,1536,1792,1536,1849,train
20221201_lidar_tile_1536_1920.npy,20221201,1536,1920,1536,1977,train
20221201_lidar_tile_1536_2048.npy,20221201,1536,2048,1536,2105,train
20221201_lidar_tile_1536_2176.npy,20221201,1536,2176,1536,2233,train
20221201_lidar_tile_1536_2304.npy,20221201,1536,2304,1536,2361,train
20221201_lidar_tile_1536_2432.npy,20221201,1536,2432,1536,2489,train
20221201_lidar_tile_1536_2560.npy,20221201,1536,2560,1536,2617,train
20221201_lidar_tile_1536_2688.npy,20221201,1536,2688,1536,2745,train
20221201_lidar_tile_1536_2816.npy,20221201,1536,2816,1536,2873,train
20221201_lidar_tile_1536_2944.npy,20221201,1536,2944,1536,3001,train
20221201_lidar_tile_1664_768.npy,20221201,1664,768,1664,825,val
20221201_lidar_tile_1664_896.npy,20221201,1664,896,1664,953,val
20221201_lidar_tile_1664_1024.npy,20221201,1664,1024,1664,1081,val
20221201_lidar_tile_1664_1152.npy,20221201,1664,1152,1664,1209,buffer
20221201_lidar_tile_1664_1280.npy,20221201,1664,1280,1664,1337,train
20221201_lidar_tile_1664_1408.npy,20221201,1664,1408,1664,1465,train
20221201_lidar_tile_1664_1536.npy,20221201,1664,1536,1664,1593,train
20221201_lidar_tile_1664_1664.npy,20221201,1664,1664,1664,1721,train
20221201_lidar_tile_1664_1792.npy,20221201,1664,1792,1664,1849,train
20221201_lidar_tile_1664_1920.npy,20221201,1664,1920,1664,1977,train
20221201_lidar_tile_1664_2048.npy,20221201,1664,2048,1664,2105,train
20221201_lidar_tile_1664_2176.npy,20221201,1664,2176,1664,2233,train
20221201_lidar_tile_1664_2304.npy,20221201,1664,2304,1664,2361,train
20221201_lidar_tile_1664_2432.npy,20221201,1664,2432,1664,2489,train
20221201_lidar_tile_1664_2560.npy,20221201,1664,2560,1664,2617,train
20221201_lidar_tile_1664_2688.npy,20221201,1664,2688,1664,2745,train
20221201_lidar_tile_1664_2816.npy,20221201,1664,2816,1664,2873,train
20221201_lidar_tile_1664_2944.npy,20221201,1664,2944,1664,3001,train
20221201_lidar_tile_1792_768.npy,20221201,1792,768,1792,825,val
20221201_lidar_tile_1792_896.npy,20221201,1792,896,1792,953,val
20221201_lidar_tile_1792_1024.npy,20221201,1792,1024,1792,1081,val
20221201_lidar_tile_1792_1152.npy,20221201,1792,1152,1792,1209,buffer
20221201_lidar_tile_1792_1280.npy,20221201,1792,1280,1792,1337,train
20221201_lidar_tile_1792_1408.npy,20221201,1792,1408,1792,1465,train
20221201_lidar_tile_1792_1536.npy,20221201,1792,1536,1792,1593,train
20221201_lidar_tile_1792_1664.npy,20221201,1792,1664,1792,1721,train
20221201_lidar_tile_1792_1792.npy,20221201,1792,1792,1792,1849,train
20221201_lidar_tile_1792_1920.npy,20221201,1792,1920,1792,1977,train
20221201_lidar_tile_1792_2048.npy,20221201,1792,2048,1792,2105,train
20221201_lidar_tile_1792_2176.npy,20221201,1792,2176,1792,2233,train
20221201_lidar_tile_1792_2304.npy,20221201,1792,2304,1792,2361,train
20221201_lidar_tile_1792_2432.npy,20221201,1792,2432,1792,2489,train
20221201_lidar_tile_1792_2560.npy,20221201,1792,2560,1792,2617,train
20221201_lidar_tile_1792_2688.npy,20221201,1792,2688,1792,2745,train
20221201_lidar_tile_1792_2816.npy,20221201,1792,2816,1792,2873,train
20221201_lidar_tile_1920_768.npy,20221201,1920,768,1920,825,val
20221201_lidar_tile_1920_896.npy,20221201,1920,896,1920,953,val
20221201_lidar_tile_1920_1024.npy,20221201,1920,1024,1920,1081,val
20221201_lidar_tile_1920_1152.npy,20221201,1920,1152,1920,1209,buffer
20221201_lidar_tile_1920_1280.npy,20221201,1920,1280,1920,1337,train
20221201_lidar_tile_1920_1408.npy,20221201,1920,1408,1920,1465,train
20221201_lidar_tile_1920_1536.npy,20221201,1920,1536,1920,1593,train
20221201_lidar_tile_1920_1664.npy,20221201,1920,1664,1920,1721,train
20221201_lidar_tile_1920_1792.npy,20221201,1920,1792,1920,1849,train
20221201_lidar_tile_1920_1920.npy,20221201,1920,1920,1920,1977,train
20221201_lidar_tile_1920_2048.npy,20221201,1920,2048,1920,2105,train
20221201_lidar_tile_1920_2176.npy,20221201,1920,2176,1920,2233,train
20221201_lidar_tile_1920_2304.npy,20221201,1920,2304,1920,2361,train
20221201_lidar_tile_1920_2432.npy,20221201,1920,2432,1920,2489,train
20221201_lidar_tile_1920_2560.npy,20221201,1920,2560,1920,2617,train
20221201_lidar_tile_1920_2688.npy,20221201,1920,2688,1920,2745,train
20221201_lidar_tile_2048_896.npy,20221201,2048,896,2048,953,val
20221201_lidar_tile_2048_1024.npy,20221201,2048,1024,2048,1081,val
20221201_lidar_tile_2048_1152.npy,20221201,2048,1152,2048,1209,buffer
20221201_lidar_tile_2048_1280.npy,20221201,2048,1280,2048,1337,train
20221201_lidar_tile_2048_1408.npy,20221201,2048,1408,2048,1465,train
20221201_lidar_tile_2048_1536.npy,20221201,2048,1536,2048,1593,train
20221201_lidar_tile_2048_1664.npy,20221201,2048,1664,2048,1721,train
20221201_lidar_tile_2048_1792.npy,20221201,2048,1792,2048,1849,train
20221201_lidar_tile_2048_1920.npy,20221201,2048,1920,2048,1977,train
20221201_lidar_tile_2048_2048.npy,20221201,2048,2048,2048,2105,train
20221201_lidar_tile_2048_2176.npy,20221201,2048,2176,2048,2233,train
20221201_lidar_tile_2048_2304.npy,20221201,2048,2304,2048,2361,train
20221201_lidar_tile_2048_2432.npy,20221201,2048,2432,2048,2489,train
20221201_lidar_tile_2048_2560.npy,20221201,2048,2560,2048,2617,train
20221201_lidar_tile_2048_2688.npy,20221201,2048,2688,2048,2745,train
20221201_lidar_tile_2176_896.npy,20221201,2176,896,2176,953,val
20221201_lidar_tile_2176_1024.npy,20221201,2176,1024,2176,1081,val
20221201_lidar_tile_2176_1152.npy,20221201,2176,1152,2176,1209,buffer
20221201_lidar_tile_2176_1280.npy,20221201,2176,1280,2176,1337,train
20221201_lidar_tile_2176_1408.npy,20221201,2176,1408,2176,1465,train
20221201_lidar_tile_2176_1536.npy,20221201,2176,1536,2176,1593,train
20221201_lidar_tile_2176_1664.npy,20221201,2176,1664,2176,1721,train
20221201_lidar_tile_2176_1792.npy,20221201,2176,1792,2176,1849,train
20221201_lidar_tile_2176_1920.npy,20221201,2176,1920,2176,1977,train
20221201_lidar_tile_2176_2048.npy,20221201,2176,2048,2176,2105,train
20221201_lidar_tile_2176_2176.npy,20221201,2176,2176,2176,2233,train
20221201_lidar_tile_2176_2304.npy,20221201,2176,2304,2176,2361,train
20221201_lidar_tile_2176_2432.npy,20221201,2176,2432,2176,2489,train
20221201_lidar_tile_2176_2560.npy,20221201,2176,2560,2176,2617,train
20221201_lidar_tile_2304_1024.npy,20221201,2304,1024,2304,1081,val
20221201_lidar_tile_2304_1152.npy,20221201,2304,1152,2304,1209,buffer
20221201_lidar_tile_2304_1280.npy,20221201,2304,1280,2304,1337,train
20221201_lidar_tile_2304_1408.npy,20221201,2304,1408,2304,1465,train
20221201_lidar_tile_2304_1536.npy,20221201,2304,1536,2304,1593,train
20221201_lidar_tile_2304_1664.npy,20221201,2304,1664,2304,1721,train
20221201_lidar_tile_2304_1792.npy,20221201,2304,1792,2304,1849,train
20221201_lidar_tile_2304_1920.npy,20221201,2304,1920,2304,1977,train
20221201_lidar_tile_2304_2048.npy,20221201,2304,2048,2304,2105,train
20221201_lidar_tile_2304_2176.npy,20221201,2304,2176,2304,2233,train
20221201_lidar_tile_2304_2304.npy,20221201,2304,2304,2304,2361,train
20221201_lidar_tile_2304_2432.npy,20221201,2304,2432,2304,2489,train
20221201_lidar_tile_2432_1152.npy,20221201,2432,1152,2432,1209,buffer
20221201_lidar_tile_2432_1280.npy,20221201,2432,1280,2432,1337,train
20221201_lidar_tile_2432_1408.npy,20221201,2432,1408,2432,1465,train
20221201_lidar_tile_2432_1536.npy,20221201,2432,1536,2432,1593,train
20221201_lidar_tile_2432_1664.npy,20221201,2432,1664,2432,1721,train
20221201_lidar_tile_2432_1792.npy,20221201,2432,1792,2432,1849,train
20221201_lidar_tile_2432_1920.npy,20221201,2432,1920,2432,1977,train
20221201_lidar_tile_2432_2048.npy,20221201,2432,2048,2432,2105,train
20221201_lidar_tile_2432_2176.npy,20221201,2432,2176,2432,2233,train
20221201_lidar_tile_2432_2304.npy,20221201,2432,2304,2432,2361,train
20221201_lidar_tile_2432_2432.npy,20221201,2432,2432,2432,2489,train
20221201_lidar_tile_2560_1280.npy,20221201,2560,1280,2560,1337,train
20221201_lidar_tile_2560_1408.npy,20221201,2560,1408,2560,1465,train
20221201_lidar_tile_2560_1536.npy,20221201,2560,1536,2560,1593,train
20221201_lidar_tile_2560_1664.npy,20221201,2560,1664,2560,1721,train
20221201_lidar_tile_2560_1792.npy,20221201,2560,1792,2560,1849,train
20221201_lidar_tile_2560_1920.npy,20221201,2560,1920,2560,1977,train
20221201_lidar_tile_2560_2048.npy,20221201,2560,2048,2560,2105,train
20221201_lidar_tile_2560_2176.npy,20221201,2560,2176,2560,2233,train
20221201_lidar_tile_2560_2304.npy,20221201,2560,2304,2560,2361,train
20230213_lidar_tile_0_384.npy,20230213,0,384,72,441,test
20230213_lidar_tile_0_512.npy,20230213,0,512,72,569,test
20230213_lidar_tile_0_640.npy,20230213,0,640,72,697,buffer
20230213_lidar_tile_128_256.npy,20230213,128,256,200,313,test
20230213_lidar_tile_128_384.npy,20230213,128,384,200,441,test
20230213_lidar_tile_128_512.npy,20230213,128,512,200,569,test
20230213_lidar_tile_128_640.npy,20230213,128,640,200,697,buffer
20230213_lidar_tile_128_768.npy,20230213,128,768,200,825,val
20230213_lidar_tile_128_896.npy,20230213,128,896,200,953,val
20230213_lidar_tile_128_1024.npy,20230213,128,1024,200,1081,val
20230213_lidar_tile_256_256.npy,20230213,256,256,328,313,test
20230213_lidar_tile_256_384.npy,20230213,256,384,328,441,test
20230213_lidar_tile_256_512.npy,20230213,256,512,328,569,test
20230213_lidar_tile_256_640.npy,20230213,256,640,328,697,buffer
20230213_lidar_tile_256_768.npy,20230213,256,768,328,825,val
20230213_lidar_tile_256_896.npy,20230213,256,896,328,953,val
20230213_lidar_tile_256_1024.npy,20230213,256,1024,328,1081,val
20230213_lidar_tile_256_1152.npy,20230213,256,1152,328,1209,buffer
20230213_lidar_tile_384_256.npy,20230213,384,256,456,313,test
20230213_lidar_tile_384_384.npy,20230213,384,384,456,441,test
20230213_lidar_tile_384_512.npy,20230213,384,512,456,569,test
20230213_lidar_tile_384_640.npy,20230213,384,640,456,697,buffer
20230213_lidar_tile_384_768.npy,20230213,384,768,456,825,val
20230213_lidar_tile_384_896.npy,20230213,384,896,456,953,val
20230213_lidar_tile_384_1024.npy,20230213,384,1024,456,1081,val
20230213_lidar_tile_384_1152.npy,20230213,384,1152,456,1209,buffer
20230213_lidar_tile_384_1280.npy,20230213,384,1280,456,1337,train
20230213_lidar_tile_384_1408.npy,20230213,384,1408,456,1465,train
20230213_lidar_tile_384_2048.npy,20230213,384,2048,456,2105,train
20230213_lidar_tile_384_2176.npy,20230213,384,2176,456,2233,train
20230213_lidar_tile_384_2304.npy,20230213,384,2304,456,2361,train
20230213_lidar_tile_384_2432.npy,20230213,384,2432,456,2489,train
20230213_lidar_tile_384_2560.npy,20230213,384,2560,456,2617,train
20230213_lidar_tile_384_2688.npy,20230213,384,2688,456,2745,train
20230213_lidar_tile_512_128.npy,20230213,512,128,584,185,test
20230213_lidar_tile_512_256.npy,20230213,512,256,584,313,test
20230213_lidar_tile_512_384.npy,20230213,512,384,584,441,test
20230213_lidar_tile_512_512.npy,20230213,512,512,584,569,test
20230213_lidar_tile_512_640.npy,20230213,512,640,584,697,buffer
20230213_lidar_tile_512_768.npy,20230213,512,768,584,825,val
20230213_lidar_tile_512_896.npy,20230213,512,896,584,953,val
20230213_lidar_tile_512_1024.npy,20230213,512,1024,584,1081,val
20230213_lidar_tile_512_1152.npy,20230213,512,1152,584,1209,buffer
20230213_lidar_tile_512_1280.npy,20230213,512,1280,584,1337,train
20230213_lidar_tile_512_1408.npy,20230213,512,1408,584,1465,train
20230213_lidar_tile_512_1536.npy,20230213,512,1536,584,1593,train
20230213_lidar_tile_512_1664.npy,20230213,512,1664,584,1721,train
20230213_lidar_tile_512_1792.npy,20230213,512,1792,584,1849,train
20230213_lidar_tile_512_1920.npy,20230213,512,1920,584,1977,train
20230213_lidar_tile_512_2048.npy,20230213,512,2048,584,2105,train
20230213_lidar_tile_512_2176.npy,20230213,512,2176,584,2233,train
20230213_lidar_tile_512_2304.npy,20230213,512,2304,584,2361,train
20230213_lidar_tile_512_2432.npy,20230213,512,2432,584,2489,train
20230213_lidar_tile_512_2560.npy,20230213,512,2560,584,2617,train
20230213_lidar_tile_512_2688.npy,20230213,512,2688,584,2745,train
20230213_lidar_tile_512_2816.npy,20230213,512,2816,584,2873,train
20230213_lidar_tile_640_128.npy,20230213,640,128,712,185,test
20230213_lidar_tile_640_256.npy,20230213,640,256,712,313,test
20230213_lidar_tile_640_384.npy,20230213,640,384,712,441,test
20230213_lidar_tile_640_512.npy,20230213,640,512,712,569,test
20230213_lidar_tile_640_640.npy,20230213,640,640,712,697,buffer
20230213_lidar_tile_640_768.npy,20230213,640,768,712,825,val
20230213_lidar_tile_640_896.npy,20230213,640,896,712,953,val
20230213_lidar_tile_640_1024.npy,20230213,640,1024,712,1081,val
20230213_lidar_tile_640_1152.npy,20230213,640,1152,712,1209,buffer
20230213_lidar_tile_640_1280.npy,20230213,640,1280,712,1337,train
20230213_lidar_tile_640_1408.npy,20230213,640,1408,712,1465,train
20230213_lidar_tile_640_1536.npy,20230213,640,1536,712,1593,train
20230213_lidar_tile_640_1664.npy,20230213,640,1664,712,1721,train
20230213_lidar_tile_640_1792.npy,20230213,640,1792,712,1849,train
20230213_lidar_tile_640_1920.npy,20230213,640,1920,712,1977,train
20230213_lidar_tile_640_2048.npy,20230213,640,2048,712,2105,train
20230213_lidar_tile_640_2176.npy,20230213,640,2176,712,2233,train
20230213_lidar_tile_640_2304.npy,20230213,640,2304,712,2361,train
20230213_lidar_tile_640_2432.npy,20230213,640,2432,712,2489,train
20230213_lidar_tile_640_2560.npy,20230213,640,2560,712,2617,train
20230213_lidar_tile_640_2688.npy,20230213,640,2688,712,2745,train
20230213_lidar_tile_640_2816.npy,20230213,640,2816,712,2873,train
20230213_lidar_tile_640_2944.npy,20230213,640,2944,712,3001,train
20230213_lidar_tile_768_0.npy,20230213,768,0,840,57,test
20230213_lidar_tile_768_128.npy,20230213,768,128,840,185,test
20230213_lidar_tile_768_256.npy,20230213,768,256,840,313,test
20230213_lidar_tile_768_384.npy,20230213,768,384,840,441,test
20230213_lidar_tile_768_512.npy,20230213,768,512,840,569,test
20230213_lidar_tile_768_640.npy,20230213,768,640,840,697,buffer
20230213_lidar_tile_768_768.npy,20230213,768,768,840,825,val
20230213_lidar_tile_768_896.npy,20230213,768,896,840,953,val
20230213_lidar_tile_768_1024.npy,20230213,768,1024,840,1081,val
20230213_lidar_tile_768_1152.npy,20230213,768,1152,840,1209,buffer
20230213_lidar_tile_768_1280.npy,20230213,768,1280,840,1337,train
20230213_lidar_tile_768_1408.npy,20230213,768,1408,840,1465,train
20230213_lidar_tile_768_1536.npy,20230213,768,1536,840,1593,train
20230213_lidar_tile_768_1664.npy,20230213,768,1664,840,1721,train
20230213_lidar_tile_768_1792.npy,20230213,768,1792,840,1849,train
20230213_lidar_tile_768_2176.npy,20230213,768,2176,840,2233,train
20230213_lidar_tile_768_2304.npy,20230213,768,2304,840,2361,train
20230213_lidar_tile_768_2432.npy,20230213,768,2432,840,2489,train
20230213_lidar_tile_768_2560.npy,20230213,768,2560,840,2617,train
20230213_lidar_tile_768_2688.npy,20230213,768,2688,840,2745,train
20230213_lidar_tile_768_2816.npy,20230213,768,2816,840,2873,train
20230213_lidar_tile_768_2944.npy,20230213,768,2944,840,3001,train
20230213_lidar_tile_768_3072.npy,20230213,768,3072,840,3129,train
20230213_lidar_tile_768_3200.npy,20230213,768,3200,840,3257,train
20230213_lidar_tile_896_128.npy,20230213,896,128,968,185,test
20230213_lidar_tile_896_256.npy,20230213,896,256,968,313,test
20230213_lidar_tile_896_384.npy,20230213,896,384,968,441,test
20230213_lidar_tile_896_512.npy,20230213,896,512,968,569,test
20230213_lidar_tile_896_640.npy,20230213,896,640,968,697,buffer
20230213_lidar_tile_896_768.npy,20230213,896,768,968,825,val
20230213_lidar_tile_896_896.npy,20230213,896,896,968,953,val
20230213_lidar_tile_896_1024.npy,20230213,896,1024,968,1081,val
20230213_lidar_tile_896_1152.npy,20230213,896,1152,968,1209,buffer
20230213_lidar_tile_896_1280.npy,20230213,896,1280,968,1337,train
20230213_lidar_tile_896_1408.npy,20230213,896,1408,968,1465,train
20230213_lidar_tile_896_1536.npy,20230213,896,1536,968,1593,train
20230213_lidar_tile_896_1664.npy,20230213,896,1664,968,1721,train
20230213_lidar_tile_896_1792.npy,20230213,896,1792,968,1849,train
20230213_lidar_tile_896_2176.npy,20230213,896,2176,968,2233,train
20230213_lidar_tile_896_2304.npy,20230213,896,2304,968,2361,train
20230213_lidar_tile_896_2432.npy,20230213,896,2432,968,2489,train
20230213_lidar_tile_896_2560.npy,20230213,896,2560,968,2617,train
20230213_lidar_tile_896_2688.npy,20230213,896,2688,968,2745,train
20230213_lidar_tile_896_2816.npy,20230213,896,2816,968,2873,train
20230213_lidar_tile_896_2944.npy,20230213,896,2944,968,3001,train
20230213_lidar_tile_896_3072.npy,20230213,896,3072,968,3129,train
20230213_lidar_tile_896_3200.npy,20230213,896,3200,968,3257,train
20230213_lidar_tile_1024_128.npy,20230213,1024,128,1096,185,test
20230213_lidar_tile_1024_256.npy,20230213,1024,256,1096,313,test
20230213_lidar_tile_1024_384.npy,20230213,1024,384,1096,441,test
20230213_lidar_tile_1024_512.npy,20230213,1024,512,1096,569,test
20230213_lidar_tile_1024_640.npy,20230213,1024,640,1096,697,buffer
20230213_lidar_tile_1024_768.npy,20230213,1024,768,1096,825,val
20230213_lidar_tile_1024_896.npy,20230213,1024,896,1096,953,val
20230213_lidar_tile_1024_1024.npy,20230213,1024,1024,1096,1081,val
20230213_lidar_tile_1024_1152.npy,20230213,1024,1152,1096,1209,buffer
20230213_lidar_tile_1024_1280.npy,20230213,1024,1280,1096,1337,train
20230213_lidar_tile_1024_1408.npy,20230213,1024,1408,1096,1465,train
20230213_lidar_tile_1024_1536.npy,20230213,1024,1536,1096,1593,train
20230213_lidar_tile_1024_1664.npy,20230213,1024,1664,1096,1721,train
20230213_lidar_tile_1024_1792.npy,20230213,1024,1792,1096,1849,train
20230213_lidar_tile_1024_1920.npy,20230213,1024,1920,1096,1977,train
20230213_lidar_tile_1024_2048.npy,20230213,1024,2048,1096,2105,train
20230213_lidar_tile_1024_2176.npy,20230213,1024,2176,1096,2233,train
20230213_lidar_tile_1024_2304.npy,20230213,1024,2304,1096,2361,train
20230213_lidar_tile_1024_2432.npy,20230213,1024,2432,1096,2489,train
20230213_lidar_tile_1024_2560.npy,20230213,1024,2560,1096,2617,train
20230213_lidar_tile_1024_2688.npy,20230213,1024,2688,1096,2745,train
20230213_lidar_tile_1024_2816.npy,20230213,1024,2816,1096,2873,train
20230213_lidar_tile_1024_2944.npy,20230213,1024,2944,1096,3001,train
20230213_lidar_tile_1024_3072.npy,20230213,1024,3072,1096,3129,train
20230213_lidar_tile_1152_256.npy,20230213,1152,256,1224,313,test
20230213_lidar_tile_1152_384.npy,20230213,1152,384,1224,441,test
20230213_lidar_tile_1152_512.npy,20230213,1152,512,1224,569,test
20230213_lidar_tile_1152_640.npy,20230213,1152,640,1224,697,buffer
20230213_lidar_tile_1152_768.npy,20230213,1152,768,1224,825,val
20230213_lidar_tile_1152_896.npy,20230213,1152,896,1224,953,val
20230213_lidar_tile_1152_1024.npy,20230213,1152,1024,1224,1081,val
20230213_lidar_tile_1152_1152.npy,20230213,1152,1152,1224,1209,buffer
20230213_lidar_tile_1152_1280.npy,20230213,1152,1280,1224,1337,train
20230213_lidar_tile_1152_1408.npy,20230213,1152,1408,1224,1465,train
20230213_lidar_tile_1152_1536.npy,20230213,1152,1536,1224,1593,train
20230213_lidar_tile_1152_1664.npy,20230213,1152,1664,1224,1721,train
20230213_lidar_tile_1152_1792.npy,20230213,1152,1792,1224,1849,train
20230213_lidar_tile_1152_1920.npy,20230213,1152,1920,1224,1977,train
20230213_lidar_tile_1152_2048.npy,20230213,1152,2048,1224,2105,train
20230213_lidar_tile_1152_2176.npy,20230213,1152,2176,1224,2233,train
20230213_lidar_tile_1152_2304.npy,20230213,1152,2304,1224,2361,train
20230213_lidar_tile_1152_2432.npy,20230213,1152,2432,1224,2489,train
20230213_lidar_tile_1152_2560.npy,20230213,1152,2560,1224,2617,train
20230213_lidar_tile_1152_2688.npy,20230213,1152,2688,1224,2745,train
20230213_lidar_tile_1152_2816.npy,20230213,1152,2816,1224,2873,train
20230213_lidar_tile_1152_2944.npy,20230213,1152,2944,1224,3001,train
20230213_lidar_tile_1152_3072.npy,20230213,1152,3072,1224,3129,train
20230213_lidar_tile_1280_640.npy,20230213,1280,640,1352,697,buffer
20230213_lidar_tile_1280_768.npy,20230213,1280,768,1352,825,val
20230213_lidar_tile_1280_896.npy,20230213,1280,896,1352,953,val
20230213_lidar_tile_1280_1024.npy,20230213,1280,1024,1352,1081,val
20230213_lidar_tile_1280_1152.npy,20230213,1280,1152,1352,1209,buffer
20230213_lidar_tile_1280_1280.npy,20230213,1280,1280,1352,1337,train
20230213_lidar_tile_1280_1408.npy,20230213,1280,1408,1352,1465,train
20230213_lidar_tile_1280_1536.npy,20230213,1280,1536,1352,1593,train
20230213_lidar_tile_1280_1664.npy,20230213,1280,1664,1352,1721,train
20230213_lidar_tile_1280_1792.npy,20230213,1280,1792,1352,1849,train
20230213_lidar_tile_1280_1920.npy,20230213,1280,1920,1352,1977,train
20230213_lidar_tile_1280_2048.npy,20230213,1280,2048,1352,2105,train
20230213_lidar_tile_1280_2176.npy,20230213,1280,2176,1352,2233,train
20230213_lidar_tile_1280_2304.npy,20230213,1280,2304,1352,2361,train
20230213_lidar_tile_1280_2432.npy,20230213,1280,2432,1352,2489,train
20230213_lidar_tile_1280_2560.npy,20230213,1280,2560,1352,2617,train
20230213_lidar_tile_1280_2688.npy,20230213,1280,2688,1352,2745,train
20230213_lidar_tile_1280_2816.npy,20230213,1280,2816,1352,2873,train
20230213_lidar_tile_1280_2944.npy,20230213,1280,2944,1352,3001,train
20230213_lidar_tile_1280_3072.npy,20230213,1280,3072,1352,3129,train
20230213_lidar_tile_1408_768.npy,20230213,1408,768,1480,825,val
20230213_lidar_tile_1408_896.npy,20230213,1408,896,1480,953,val
20230213_lidar_tile_1408_1024.npy,20230213,1408,1024,1480,1081,val
20230213_lidar_tile_1408_1152.npy,20230213,1408,1152,1480,1209,buffer
20230213_lidar_tile_1408_1280.npy,20230213,1408,1280,1480,1337,train
20230213_lidar_tile_1408_1408.npy,20230213,1408,1408,1480,1465,train
20230213_lidar_tile_1408_1536.npy,20230213,1408,1536,1480,1593,train
20230213_lidar_tile_1408_1664.npy,20230213,1408,1664,1480,1721,train
20230213_lidar_tile_1408_1792.npy,20230213,1408,1792,1480,1849,train
20230213_lidar_tile_1408_1920.npy,20230213,1408,1920,1480,1977,train
20230213_lidar_tile_1408_2048.npy,20230213,1408,2048,1480,2105,train
20230213_lidar_tile_1408_2176.npy,20230213,1408,2176,1480,2233,train
20230213_lidar_tile_1408_2304.npy,20230213,1408,2304,1480,2361,train
20230213_lidar_tile_1408_2432.npy,20230213,1408,2432,1480,2489,train
20230213_lidar_tile_1408_2560.npy,20230213,1408,2560,1480,2617,train
20230213_lidar_tile_1408_2688.npy,20230213,1408,2688,1480,2745,train
20230213_lidar_tile_1408_2816.npy,20230213,1408,2816,1480,2873,train
20230213_lidar_tile_1408_2944.npy,20230213,1408,2944,1480,3001,train
20230213_lidar_tile_1408_3072.npy,20230213,1408,3072,1480,3129,train
20230213_lidar_tile_1536_896.npy,20230213,1536,896,1608,953,val
20230213_lidar_tile_1536_1024.npy,20230213,1536,1024,1608,1081,val
20230213_lidar_tile_1536_1152.npy,20230213,1536,1152,1608,1209,buffer
20230213_lidar_tile_1536_1280.npy,20230213,1536,1280,1608,1337,train
20230213_lidar_tile_1536_1408.npy,20230213,1536,1408,1608,1465,train
20230213_lidar_tile_1536_1536.npy,20230213,1536,1536,1608,1593,train
20230213_lidar_tile_1536_1664.npy,20230213,1536,1664,1608,1721,train
20230213_lidar_tile_1536_1792.npy,20230213,1536,1792,1608,1849,train
20230213_lidar_tile_1536_1920.npy,20230213,1536,1920,1608,1977,train
20230213_lidar_tile_1536_2048.npy,20230213,1536,2048,1608,2105,train
20230213_lidar_tile_1536_2176.npy,20230213,1536,2176,1608,2233,train
20230213_lidar_tile_1536_2304.npy,20230213,1536,2304,1608,2361,train
20230213_lidar_tile_1536_2432.npy,20230213,1536,2432,1608,2489,train
20230213_lidar_tile_1536_2560.npy,20230213,1536,2560,1608,2617,train
20230213_lidar_tile_1536_2688.npy,20230213,1536,2688,1608,2745,train
20230213_lidar_tile_1536_2816.npy,20230213,1536,2816,1608,2873,train
20230213_lidar_tile_1536_2944.npy,20230213,1536,2944,1608,3001,train
20230213_lidar_tile_1664_896.npy,20230213,1664,896,1736,953,val
20230213_lidar_tile_1664_1024.npy,20230213,1664,1024,1736,1081,val
20230213_lidar_tile_1664_1152.npy,20230213,1664,1152,1736,1209,buffer
20230213_lidar_tile_1664_1280.npy,20230213,1664,1280,1736,1337,train
20230213_lidar_tile_1664_1408.npy,20230213,1664,1408,1736,1465,train
20230213_lidar_tile_1664_1536.npy,20230213,1664,1536,1736,1593,train
20230213_lidar_tile_1664_1664.npy,20230213,1664,1664,1736,1721,train
20230213_lidar_tile_1664_1792.npy,20230213,1664,1792,1736,1849,train
20230213_lidar_tile_1664_1920.npy,20230213,1664,1920,1736,1977,train
20230213_lidar_tile_1664_2048.npy,20230213,1664,2048,1736,2105,train
20230213_lidar_tile_1664_2176.npy,20230213,1664,2176,1736,2233,train
20230213_lidar_tile_1664_2304.npy,20230213,1664,2304,1736,2361,train
20230213_lidar_tile_1664_2432.npy,20230213,1664,2432,1736,2489,train
20230213_lidar_tile_1664_2560.npy,20230213,1664,2560,1736,2617,train
20230213_lidar_tile_1664_2688.npy,20230213,1664,2688,1736,2745,train
20230213_lidar_tile_1664_2816.npy,20230213,1664,2816,1736,2873,train
20230213_lidar_tile_1664_2944.npy,20230213,1664,2944,1736,3001,train
20230213_lidar_tile_1792_768.npy,20230213,1792,768,1864,825,val
20230213_lidar_tile_1792_896.npy,20230213,1792,896,1864,953,val
20230213_lidar_tile_1792_1024.npy,20230213,1792,1024,1864,1081,val
20230213_lidar_tile_1792_1152.npy,20230213,1792,1152,1864,1209,buffer
20230213_lidar_tile_1792_1280.npy,20230213,1792,1280,1864,1337,train
20230213_lidar_tile_1792_1408.npy,20230213,1792,1408,1864,1465,train
20230213_lidar_tile_1792_1536.npy,20230213,1792,1536,1864,1593,train
20230213_lidar_tile_1792_1664.npy,20230213,1792,1664,1864,1721,train
20230213_lidar_tile_1792_1792.npy,20230213,1792,1792,1864,1849,train
20230213_lidar_tile_1792_1920.npy,20230213,1792,1920,1864,1977,train
20230213_lidar_tile_1792_2048.npy,20230213,1792,2048,1864,2105,train
20230213_lidar_tile_1792_2176.npy,20230213,1792,2176,1864,2233,train
20230213_lidar_tile_1792_2304.npy,20230213,1792,2304,1864,2361,train
20230213_lidar_tile_1792_2432.npy,20230213,1792,2432,1864,2489,train
20230213_lidar_tile_1792_2560.npy,20230213,1792,2560,1864,2617,train
20230213_lidar_tile_1792_2688.npy,20230213,1792,2688,1864,2745,train
20230213_lidar_tile_1792_2816.npy,20230213,1792,2816,1864,2873,train
20230213_lidar_tile_1920_768.npy,20230213,1920,768,1992,825,val
20230213_lidar_tile_1920_896.npy,20230213,1920,896,1992,953,val
20230213_lidar_tile_1920_1024.npy,20230213,1920,1024,1992,1081,val
20230213_lidar_tile_1920_1152.npy,20230213,1920,1152,1992,1209,buffer
20230213_lidar_tile_1920_1280.npy,20230213,1920,1280,1992,1337,train
20230213_lidar_tile_1920_1408.npy,20230213,1920,1408,1992,1465,train
20230213_lidar_tile_1920_1536.npy,20230213,1920,1536,1992,1593,train
20230213_lidar_tile_1920_1664.npy,20230213,1920,1664,1992,1721,train
20230213_lidar_tile_1920_1792.npy,20230213,1920,1792,1992,1849,train
20230213_lidar_tile_1920_1920.npy,20230213,1920,1920,1992,1977,train
20230213_lidar_tile_1920_2048.npy,20230213,1920,2048,1992,2105,train
20230213_lidar_tile_1920_2176.npy,20230213,1920,2176,1992,2233,train
20230213_lidar_tile_1920_2304.npy,20230213,1920,2304,1992,2361,train
20230213_lidar_tile_1920_2432.npy,20230213,1920,2432,1992,2489,train
20230213_lidar_tile_1920_2560.npy,20230213,1920,2560,1992,2617,train
20230213_lidar_tile_1920_2688.npy,20230213,1920,2688,1992,2745,train
20230213_lidar_tile_2048_768.npy,20230213,2048,768,2120,825,val
20230213_lidar_tile_2048_896.npy,20230213,2048,896,2120,953,val
20230213_lidar_tile_2048_1024.npy,20230213,2048,1024,2120,1081,val
20230213_lidar_tile_2048_1152.npy,20230213,2048,1152,2120,1209,buffer
20230213_lidar_tile_2048_1280.npy,20230213,2048,1280,2120,1337,train
20230213_lidar_tile_2048_1408.npy,20230213,2048,1408,2120,1465,train
20230213_lidar_tile_2048_1536.npy,20230213,2048,1536,2120,1593,train
20230213_lidar_tile_2048_1664.npy,20230213,2048,1664,2120,1721,train
20230213_lidar_tile_2048_1792.npy,20230213,2048,1792,2120,1849,train
20230213_lidar_tile_2048_1920.npy,20230213,2048,1920,2120,1977,train
20230213_lidar_tile_2048_2048.npy,20230213,2048,2048,2120,2105,train
20230213_lidar_tile_2048_2176.npy,20230213,2048,2176,2120,2233,train
20230213_lidar_tile_2048_2304.npy,20230213,2048,2304,2120,2361,train
20230213_lidar_tile_2048_2432.npy,20230213,2048,2432,2120,2489,train
20230213_lidar_tile_2048_2560.npy,20230213,2048,2560,2120,2617,train
20230213_lidar_tile_2048_2688.npy,20230213,2048,2688,2120,2745,train
20230213_lidar_tile_2176_768.npy,20230213,2176,768,2248,825,val
20230213_lidar_tile_2176_896.npy,20230213,2176,896,2248,953,val
20230213_lidar_tile_2176_1024.npy,20230213,2176,1024,2248,1081,val
20230213_lidar_tile_2176_1152.npy,20230213,2176,1152,2248,1209,buffer
20230213_lidar_tile_2176_1280.npy,20230213,2176,1280,2248,1337,train
20230213_lidar_tile_2176_1408.npy,20230213,2176,1408,2248,1465,train
20230213_lidar_tile_2176_1536.npy,20230213,2176,1536,2248,1593,train
20230213_lidar_tile_2176_1664.npy,20230213,2176,1664,2248,1721,train
20230213_lidar_tile_2176_1792.npy,20230213,2176,1792,2248,1849,train
20230213_lidar_tile_2176_1920.npy,20230213,2176,1920,2248,1977,train
20230213_lidar_tile_2176_2048.npy,20230213,2176,2048,2248,2105,train
20230213_lidar_tile_2176_2176.npy,20230213,2176,2176,2248,2233,train
20230213_lidar_tile_2176_2304.npy,20230213,2176,2304,2248,2361,train
20230213_lidar_tile_2176_2432.npy,20230213,2176,2432,2248,2489,train
20230213_lidar_tile_2176_2560.npy,20230213,2176,2560,2248,2617,train
20230213_lidar_tile_2304_768.npy,20230213,2304,768,2376,825,val
20230213_lidar_tile_2304_896.npy,20230213,2304,896,2376,953,val
20230213_lidar_tile_2304_1024.npy,20230213,2304,1024,2376,1081,val
20230213_lidar_tile_2304_1152.npy,20230213,2304,1152,2376,1209,buffer
20230213_lidar_tile_2304_1280.npy,20230213,2304,1280,2376,1337,train
20230213_lidar_tile_2304_1408.npy,20230213,2304,1408,2376,1465,train
20230213_lidar_tile_2304_1536.npy,20230213,2304,1536,2376,1593,train
20230213_lidar_tile_2304_1664.npy,20230213,2304,1664,2376,1721,train
20230213_lidar_tile_2304_1792.npy,20230213,2304,1792,2376,1849,train
20230213_lidar_tile_2304_1920.npy,20230213,2304,1920,2376,1977,train
20230213_lidar_tile_2304_2048.npy,20230213,2304,2048,2376,2105,train
20230213_lidar_tile_2304_2176.npy,20230213,2304,2176,2376,2233,train
20230213_lidar_tile_2304_2304.npy,20230213,2304,2304,2376,2361,train
20230213_lidar_tile_2304_2432.npy,20230213,2304,2432,2376,2489,train
20230213_lidar_tile_2432_768.npy,20230213,2432,768,2504,825,val
20230213_lidar_tile_2432_896.npy,20230213,2432,896,2504,953,val
20230213_lidar_tile_2432_1024.npy,20230213,2432,1024,2504,1081,val
20230213_lidar_tile_2432_1152.npy,20230213,2432,1152,2504,1209,buffer
20230213_lidar_tile_2432_1280.npy,20230213,2432,1280,2504,1337,train
20230213_lidar_tile_2432_1408.npy,20230213,2432,1408,2504,1465,train
20230213_lidar_tile_2432_1536.npy,20230213,2432,1536,2504,1593,train
20230213_lidar_tile_2432_1664.npy,20230213,2432,1664,2504,1721,train
20230213_lidar_tile_2432_1792.npy,20230213,2432,1792,2504,1849,train
20230213_lidar_tile_2432_1920.npy,20230213,2432,1920,2504,1977,train
20230213_lidar_tile_2432_2048.npy,20230213,2432,2048,2504,2105,train
20230213_lidar_tile_2432_2176.npy,20230213,2432,2176,2504,2233,train
20230213_lidar_tile_2432_2304.npy,20230213,2432,2304,2504,2361,train
20230213_lidar_tile_2432_2432.npy,20230213,2432,2432,2504,2489,train
20230213_lidar_tile_2560_768.npy,20230213,2560,768,2632,825,val
20230213_lidar_tile_2560_896.npy,20230213,2560,896,2632,953,val
20230213_lidar_tile_2560_1024.npy,20230213,2560,1024,2632,1081,val
20230213_lidar_tile_2560_1152.npy,20230213,2560,1152,2632,1209,buffer
20230213_lidar_tile_2560_1280.npy,20230213,2560,1280,2632,1337,train
20230213_lidar_tile_2560_1408.npy,20230213,2560,1408,2632,1465,train
20230213_lidar_tile_2560_1536.npy,20230213,2560,1536,2632,1593,train
20230213_lidar_tile_2560_1664.npy,20230213,2560,1664,2632,1721,train
20230213_lidar_tile_2560_1792.npy,20230213,2560,1792,2632,1849,train
20230213_lidar_tile_2560_1920.npy,20230213,2560,1920,2632,1977,train
20230213_lidar_tile_2560_2048.npy,20230213,2560,2048,2632,2105,train
20230213_lidar_tile_2560_2176.npy,20230213,2560,2176,2632,2233,train
20230213_lidar_tile_2560_2304.npy,20230213,2560,2304,2632,2361,train
20230213_lidar_tile_2688_896.npy,20230213,2688,896,2760,953,val
20230213_lidar_tile_2688_1024.npy,20230213,2688,1024,2760,1081,val
20230213_lidar_tile_2688_1152.npy,20230213,2688,1152,2760,1209,buffer
20230213_lidar_tile_2688_1280.npy,20230213,2688,1280,2760,1337,train
20230213_lidar_tile_2688_1408.npy,20230213,2688,1408,2760,1465,train
20230213_lidar_tile_2688_1536.npy,20230213,2688,1536,2760,1593,train
20230213_lidar_tile_2688_1664.npy,20230213,2688,1664,2760,1721,train
20230213_lidar_tile_2688_1792.npy,20230213,2688,1792,2760,1849,train
20230213_lidar_tile_2688_1920.npy,20230213,2688,1920,2760,1977,train
20230213_lidar_tile_2688_2048.npy,20230213,2688,2048,2760,2105,train
20230213_lidar_tile_2816_1024.npy,20230213,2816,1024,2888,1081,val
20230213_lidar_tile_2816_1152.npy,20230213,2816,1152,2888,1209,buffer
20230213_lidar_tile_2816_1280.npy,20230213,2816,1280,2888,1337,train
20230213_lidar_tile_2816_1408.npy,20230213,2816,1408,2888,1465,train
20230213_lidar_tile_2816_1536.npy,20230213,2816,1536,2888,1593,train
20230213_lidar_tile_2816_1664.npy,20230213,2816,1664,2888,1721,train
20230316_lidar_tile_128_128.npy,20230316,128,128,133,267,test
20230316_lidar_tile_128_256.npy,20230316,128,256,133,395,test
20230316_lidar_tile_128_384.npy,20230316,128,384,133,523,test
20230316_lidar_tile_128_512.npy,20230316,128,512,133,651,test
20230316_lidar_tile_128_640.npy,20230316,128,640,133,779,buffer
20230316_lidar_tile_128_768.npy,20230316,128,768,133,907,val
20230316_lidar_tile_256_128.npy,20230316,256,128,261,267,test
20230316_lidar_tile_256_256.npy,20230316,256,256,261,395,test
20230316_lidar_tile_256_384.npy,20230316,256,384,261,523,test
20230316_lidar_tile_256_512.npy,20230316,256,512,261,651,test
20230316_lidar_tile_256_640.npy,20230316,256,640,261,779,buffer
20230316_lidar_tile_256_768.npy,20230316,256,768,261,907,val
20230316_lidar_tile_256_896.npy,20230316,256,896,261,1035,val
20230316_lidar_tile_256_1024.npy,20230316,256,1024,261,1163,val
20230316_lidar_tile_384_0.npy,20230316,384,0,389,139,test
20230316_lidar_tile_384_128.npy,20230316,384,128,389,267,test
20230316_lidar_tile_384_256.npy,20230316,384,256,389,395,test
20230316_lidar_tile_384_384.npy,20230316,384,384,389,523,test
20230316_lidar_tile_384_512.npy,20230316,384,512,389,651,test
20230316_lidar_tile_384_640.npy,20230316,384,640,389,779,buffer
20230316_lidar_tile_384_768.npy,20230316,384,768,389,907,val
20230316_lidar_tile_384_896.npy,20230316,384,896,389,1035,val
20230316_lidar_tile_384_1024.npy,20230316,384,1024,389,1163,val
20230316_lidar_tile_384_2048.npy,20230316,384,2048,389,2187,train
20230316_lidar_tile_384_2176.npy,20230316,384,2176,389,2315,train
20230316_lidar_tile_384_2304.npy,20230316,384,2304,389,2443,train
20230316_lidar_tile_512_0.npy,20230316,512,0,517,139,test
20230316_lidar_tile_512_128.npy,20230316,512,128,517,267,test
20230316_lidar_tile_512_256.npy,20230316,512,256,517,395,test
20230316_lidar_tile_512_384.npy,20230316,512,384,517,523,test
20230316_lidar_tile_512_512.npy,20230316,512,512,517,651,test
20230316_lidar_tile_512_640.npy,20230316,512,640,517,779,buffer
20230316_lidar_tile_512_768.npy,20230316,512,768,517,907,val
20230316_lidar_tile_512_896.npy,20230316,512,896,517,1035,val
20230316_lidar_tile_512_1024.npy,20230316,512,1024,517,1163,val
20230316_lidar_tile_512_1152.npy,20230316,512,1152,517,1291,buffer
20230316_lidar_tile_512_1280.npy,20230316,512,1280,517,1419,train
20230316_lidar_tile_512_1408.npy,20230316,512,1408,517,1547,train
20230316_lidar_tile_512_1536.npy,20230316,512,1536,517,1675,train
20230316_lidar_tile_512_1664.npy,20230316,512,1664,517,1803,train
20230316_lidar_tile_512_1792.npy,20230316,512,1792,517,1931,train
20230316_lidar_tile_512_1920.npy,20230316,512,1920,517,2059,train
20230316_lidar_tile_512_2048.npy,20230316,512,2048,517,2187,train
20230316_lidar_tile_512_2176.npy,20230316,512,2176,517,2315,train
20230316_lidar_tile_512_2304.npy,20230316,512,2304,517,2443,train
20230316_lidar_tile_512_2432.npy,20230316,512,2432,517,2571,train
20230316_lidar_tile_512_2560.npy,20230316,512,2560,517,2699,train
20230316_lidar_tile_512_2688.npy,20230316,512,2688,517,2827,train
20230316_lidar_tile_640_0.npy,20230316,640,0,645,139,test
20230316_lidar_tile_640_128.npy,20230316,640,128,645,267,test
20230316_lidar_tile_640_256.npy,20230316,640,256,645,395,test
20230316_lidar_tile_640_384.npy,20230316,640,384,645,523,test
20230316_lidar_tile_640_512.npy,20230316,640,512,645,651,test
20230316_lidar_tile_640_640.npy,20230316,640,640,645,779,buffer
20230316_lidar_tile_640_768.npy,20230316,640,768,645,907,val
20230316_lidar_tile_640_896.npy,20230316,640,896,645,1035,val
20230316_lidar_tile_640_1024.npy,20230316,640,1024,645,1163,val
20230316_lidar_tile_640_1152.npy,20230316,640,1152,645,1291,buffer
20230316_lidar_tile_640_1280.npy,20230316,640,1280,645,1419,train
20230316_lidar_tile_640_1408.npy,20230316,640,1408,645,1547,train
20230316_lidar_tile_640_1536.npy,20230316,640,1536,645,1675,train
20230316_lidar_tile_640_1664.npy,20230316,640,1664,645,1803,train
20230316_lidar_tile_640_1792.npy,20230316,640,1792,645,1931,train
20230316_lidar_tile_640_1920.npy,20230316,640,1920,645,2059,train
20230316_lidar_tile_640_2048.npy,20230316,640,2048,645,2187,train
20230316_lidar_tile_640_2176.npy,20230316,640,2176,645,2315,train
20230316_lidar_tile_640_2304.npy,20230316,640,2304,645,2443,train
20230316_lidar_tile_640_2432.npy,20230316,640,2432,645,2571,train
20230316_lidar_tile_640_2560.npy,20230316,640,2560,645,2699,train
20230316_lidar_tile_640_2688.npy,20230316,640,2688,645,2827,train
20230316_lidar_tile_640_2816.npy,20230316,640,2816,645,2955,train
20230316_lidar_tile_768_0.npy,20230316,768,0,773,139,test
20230316_lidar_tile_768_128.npy,20230316,768,128,773,267,test
20230316_lidar_tile_768_256.npy,20230316,768,256,773,395,test
20230316_lidar_tile_768_384.npy,20230316,768,384,773,523,test
20230316_lidar_tile_768_512.npy,20230316,768,512,773,651,test
20230316_lidar_tile_768_640.npy,20230316,768,640,773,779,buffer
20230316_lidar_tile_768_768.npy,20230316,768,768,773,907,val
20230316_lidar_tile_768_896.npy,20230316,768,896,773,1035,val
20230316_lidar_tile_768_1024.npy,20230316,768,1024,773,1163,val
20230316_lidar_tile_768_1152.npy,20230316,768,1152,773,1291,buffer
20230316_lidar_tile_768_1280.npy,20230316,768,1280,773,1419,train
20230316_lidar_tile_768_1408.npy,20230316,768,1408,773,1547,train
20230316_lidar_tile_768_1536.npy,20230316,768,1536,773,1675,train
20230316_lidar_tile_768_1664.npy,20230316,768,1664,773,1803,train
20230316_lidar_tile_768_1792.npy,20230316,768,1792,773,1931,train
20230316_lidar_tile_768_1920.npy,20230316,768,1920,773,2059,train
20230316_lidar_tile_768_2048.npy,20230316,768,2048,773,2187,train
20230316_lidar_tile_768_2176.npy,20230316,768,2176,773,2315,train
20230316_lidar_tile_768_2304.npy,20230316,768,2304,773,2443,train
20230316_lidar_tile_768_2432.npy,20230316,768,2432,773,2571,train
20230316_lidar_tile_768_2560.npy,20230316,768,2560,773,2699,train
20230316_lidar_tile_768_2688.npy,20230316,768,2688,773,2827,train
20230316_lidar_tile_768_2816.npy,20230316,768,2816,773,2955,train
20230316_lidar_tile_768_2944.npy,20230316,768,2944,773,3083,train
20230316_lidar_tile_896_0.npy,20230316,896,0,901,139,test
20230316_lidar_tile_896_128.npy,20230316,896,128,901,267,test
20230316_lidar_tile_896_256.npy,20230316,896,256,901,395,test
20230316_lidar_tile_896_384.npy,20230316,896,384,901,523,test
20230316_lidar_tile_896_512.npy,20230316,896,512,901,651,test
20230316_lidar_tile_896_640.npy,20230316,896,640,901,779,buffer
20230316_lidar_tile_896_768.npy,20230316,896,768,901,907,val
20230316_lidar_tile_896_896.npy,20230316,896,896,901,1035,val
20230316_lidar_tile_896_1024.npy,20230316,896,1024,901,1163,val
20230316_lidar_tile_896_1152.npy,20230316,896,1152,901,1291,buffer
20230316_lidar_tile_896_1280.npy,20230316,896,1280,901,1419,train
20230316_lidar_tile_896_1408.npy,20230316,896,1408,901,1547,train
20230316_lidar_tile_896_1536.npy,20230316,896,1536,901,1675,train
20230316_lidar_tile_896_1664.npy,20230316,896,1664,901,1803,train
20230316_lidar_tile_896_1792.npy,20230316,896,1792,901,1931,train
20230316_lidar_tile_896_2048.npy,20230316,896,2048,901,2187,train
20230316_lidar_tile_896_2176.npy,20230316,896,2176,901,2315,train
20230316_lidar_tile_896_2304.npy,20230316,896,2304,901,2443,train
20230316_lidar_tile_896_2432.npy,20230316,896,2432,901,2571,train
20230316_lidar_tile_896_2560.npy,20230316,896,2560,901,2699,train
20230316_lidar_tile_896_2688.npy,20230316,896,2688,901,2827,train
20230316_lidar_tile_896_2816.npy,20230316,896,2816,901,2955,train
20230316_lidar_tile_896_2944.npy,20230316,896,2944,901,3083,train
20230316_lidar_tile_896_3072.npy,20230316,896,3072,901,3211,train
20230316_lidar_tile_1024_0.npy,20230316,1024,0,1029,139,test
20230316_lidar_tile_1024_128.npy,20230316,1024,128,1029,267,test
20230316_lidar_tile_1024_256.npy,20230316,1024,256,1029,395,test
20230316_lidar_tile_1024_384.npy,20230316,1024,384,1029,523,test
20230316_lidar_tile_1024_512.npy,20230316,1024,512,1029,651,test
20230316_lidar_tile_1024_640.npy,20230316,1024,640,1029,779,buffer
20230316_lidar_tile_1024_768.npy,20230316,1024,768,1029,907,val
20230316_lidar_tile_1024_896.npy,20230316,1024,896,1029,1035,val
20230316_lidar_tile_1024_1024.npy,20230316,1024,1024,1029,1163,val
20230316_lidar_tile_1024_1152.npy,20230316,1024,1152,1029,1291,buffer
20230316_lidar_tile_1024_1280.npy,20230316,1024,1280,1029,1419,train
20230316_lidar_tile_1024_1408.npy,20230316,1024,1408,1029,1547,train
20230316_lidar_tile_1024_1536.npy,20230316,1024,1536,1029,1675,train
20230316_lidar_tile_1024_1664.npy,20230316,1024,1664,1029,1803,train
20230316_lidar_tile_1024_1792.npy,20230316,1024,1792,1029,1931,train
20230316_lidar_tile_1024_1920.npy,20230316,1024,1920,1029,2059,train
20230316_lidar_tile_1024_2048.npy,20230316,1024,2048,1029,2187,train
20230316_lidar_tile_1024_2176.npy,20230316,1024,2176,1029,2315,train
20230316_lidar_tile_1024_2304.npy,20230316,1024,2304,1029,2443,train
20230316_lidar_tile_1024_2432.npy,20230316,1024,2432,1029,2571,train
20230316_lidar_tile_1024_2560.npy,20230316,1024,2560,1029,2699,train
20230316_lidar_tile_1024_2688.npy,20230316,1024,2688,1029,2827,train
20230316_lidar_tile_1024_2816.npy,20230316,1024,2816,1029,2955,train
20230316_lidar_tile_1024_2944.npy,20230316,1024,2944,1029,3083,train
20230316_lidar_tile_1024_3072.npy,20230316,1024,3072,1029,3211,train
20230316_lidar_tile_1152_128.npy,20230316,1152,128,1157,267,test
20230316_lidar_tile_1152_256.npy,20230316,1152,256,1157,395,test
20230316_lidar_tile_1152_384.npy,20230316,1152,384,1157,523,test
20230316_lidar_tile_1152_512.npy,20230316,1152,512,1157,651,test
20230316_lidar_tile_1152_640.npy,20230316,1152,640,1157,779,buffer
20230316_lidar_tile_1152_768.npy,20230316,1152,768,1157,907,val
20230316_lidar_tile_1152_896.npy,20230316,1152,896,1157,1035,val
20230316_lidar_tile_1152_1024.npy,20230316,1152,1024,1157,1163,val
20230316_lidar_tile_1152_1152.npy,20230316,1152,1152,1157,1291,buffer
20230316_lidar_tile_1152_1280.npy,20230316,1152,1280,1157,1419,train
20230316_lidar_tile_1152_1408.npy,20230316,1152,1408,1157,1547,train
20230316_lidar_tile_1152_1536.npy,20230316,1152,1536,1157,1675,train
20230316_lidar_tile_1152_1664.npy,20230316,1152,1664,1157,1803,train
20230316_lidar_tile_1152_1792.npy,20230316,1152,1792,1157,1931,train
20230316_lidar_tile_1152_1920.npy,20230316,1152,1920,1157,2059,train
20230316_lidar_tile_1152_2048.npy,20230316,1152,2048,1157,2187,train
20230316_lidar_tile_1152_2176.npy,20230316,1152,2176,1157,2315,train
20230316_lidar_tile_1152_2304.npy,20230316,1152,2304,1157,2443,train
20230316_lidar_tile_1152_2432.npy,20230316,1152,2432,1157,2571,train
20230316_lidar_tile_1152_2560.npy,20230316,1152,2560,1157,2699,train
20230316_lidar_tile_1152_2688.npy,20230316,1152,2688,1157,2827,train
20230316_lidar_tile_1152_2816.npy,20230316,1152,2816,1157,2955,train
20230316_lidar_tile_1152_2944.npy,20230316,1152,2944,1157,3083,train
20230316_lidar_tile_1280_256.npy,20230316,1280,256,1285,395,test
20230316_lidar_tile_1280_384.npy,20230316,1280,384,1285,523,test
20230316_lidar_tile_1280_512.npy,20230316,1280,512,1285,651,test
20230316_lidar_tile_1280_640.npy,20230316,1280,640,1285,779,buffer
20230316_lidar_tile_1280_768.npy,20230316,1280,768,1285,907,val
20230316_lidar_tile_1280_896.npy,20230316,1280,896,1285,1035,val
20230316_lidar_tile_1280_1024.npy,20230316,1280,1024,1285,1163,val
20230316_lidar_tile_1280_1152.npy,20230316,1280,1152,1285,1291,buffer
20230316_lidar_tile_1280_1280.npy,20230316,1280,1280,1285,1419,train
20230316_lidar_tile_1280_1408.npy,20230316,1280,1408,1285,1547,train
20230316_lidar_tile_1280_1536.npy,20230316,1280,1536,1285,1675,train
20230316_lidar_tile_1280_1664.npy,20230316,1280,1664,1285,1803,train
20230316_lidar_tile_1280_1792.npy,20230316,1280,1792,1285,1931,train
20230316_lidar_tile_1280_1920.npy,20230316,1280,1920,1285,2059,train
20230316_lidar_tile_1280_2048.npy,20230316,1280,2048,1285,2187,train
20230316_lidar_tile_1280_2176.npy,20230316,1280,2176,1285,2315,train
20230316_lidar_tile_1280_2304.npy,20230316,1280,2304,1285,2443,train
20230316_lidar_tile_1280_2432.npy,20230316,1280,2432,1285,2571,train
20230316_lidar_tile_1280_2560.npy,20230316,1280,2560,1285,2699,train
20230316_lidar_tile_1280_2688.npy,20230316,1280,2688,1285,2827,train
20230316_lidar_tile_1280_2816.npy,20230316,1280,2816,1285,2955,train
20230316_lidar_tile_1280_2944.npy,20230316,1280,2944,1285,3083,train
20230316_lidar_tile_1408_640.npy,20230316,1408,640,1413,779,buffer
20230316_lidar_tile_1408_768.npy,20230316,1408,768,1413,907,val
20230316_lidar_tile_1408_896.npy,20230316,1408,896,1413,1035,val
20230316_lidar_tile_1408_1024.npy,20230316,1408,1024,1413,1163,val
20230316_lidar_tile_1408_1152.npy,20230316,1408,1152,1413,1291,buffer
20230316_lidar_tile_1408_1280.npy,20230316,1408,1280,1413,1419,train
20230316_lidar_tile_1408_1408.npy,20230316,1408,1408,1413,1547,train
20230316_lidar_tile_1408_1536.npy,20230316,1408,1536,1413,1675,train
20230316_lidar_tile_1408_1664.npy,20230316,1408,1664,1413,1803,train
20230316_lidar_tile_1408_1792.npy,20230316,1408,1792,1413,1931,train
20230316_lidar_tile_1408_1920.npy,20230316,1408,1920,1413,2059,train
20230316_lidar_tile_1408_2048.npy,20230316,1408,2048,1413,2187,train
20230316_lidar_tile_1408_2176.npy,20230316,1408,2176,1413,2315,train
20230316_lidar_tile_1408_2304.npy,20230316,1408,2304,1413,2443,train
20230316_lidar_tile_1408_2432.npy,20230316,1408,2432,1413,2571,train
20230316_lidar_tile_1408_2560.npy,20230316,1408,2560,1413,2699,train
20230316_lidar_tile_1408_2688.npy,20230316,1408,2688,1413,2827,train
20230316_lidar_tile_1408_2816.npy,20230316,1408,2816,1413,2955,train
20230316_lidar_tile_1408_2944.npy,20230316,1408,2944,1413,3083,train
20230316_lidar_tile_1536_640.npy,20230316,1536,640,1541,779,buffer
20230316_lidar_tile_1536_768.npy,20230316,1536,768,1541,907,val
20230316_lidar_tile_1536_896.npy,20230316,1536,896,1541,1035,val
20230316_lidar_tile_1536_1024.npy,20230316,1536,1024,1541,1163,val
20230316_lidar_tile_1536_1152.npy,20230316,1536,1152,1541,1291,buffer
20230316_lidar_tile_1536_1280.npy,20230316,1536,1280,1541,1419,train
20230316_lidar_tile_1536_1408.npy,20230316,1536,1408,1541,1547,train
20230316_lidar_tile_1536_1536.npy,20230316,1536,1536,1541,1675,train
20230316_lidar_tile_1536_1664.npy,20230316,1536,1664,1541,1803,train
20230316_lidar_tile_1536_1792.npy,20230316,1536,1792,1541,1931,train
20230316_lidar_tile_1536_1920.npy,20230316,1536,1920,1541,2059,train
20230316_lidar_tile_1536_2048.npy,20230316,1536,2048,1541,2187,train
20230316_lidar_tile_1536_2176.npy,20230316,1536,2176,1541,2315,train
20230316_lidar_tile_1536_2304.npy,20230316,1536,2304,1541,2443,train
20230316_lidar_tile_1536_2432.npy,20230316,1536,2432,1541,2571,train
20230316_lidar_tile_1536_2560.npy,20230316,1536,2560,1541,2699,train
20230316_lidar_tile_1536_2688.npy,20230316,1536,2688,1541,2827,train
20230316_lidar_tile_1536_2816.npy,20230316,1536,2816,1541,2955,train
20230316_lidar_tile_1536_2944.npy,20230316,1536,2944,1541,3083,train
20230316_lidar_tile_1664_768.npy,20230316,1664,768,1669,907,val
20230316_lidar_tile_1664_896.npy,20230316,1664,896,1669,1035,val
20230316_lidar_tile_1664_1024.npy,20230316,1664,1024,1669,1163,val
20230316_lidar_tile_1664_1152.npy,20230316,1664,1152,1669,1291,buffer
20230316_lidar_tile_1664_1280.npy,20230316,1664,1280,1669,1419,train
20230316_lidar_tile_1664_1408.npy,20230316,1664,1408,1669,1547,train
20230316_lidar_tile_1664_1536.npy,20230316,1664,1536,1669,1675,train
20230316_lidar_tile_1664_1664.npy,20230316,1664,1664,1669,1803,train
20230316_lidar_tile_1664_1792.npy,20230316,1664,1792,1669,1931,train
20230316_lidar_tile_1664_1920.npy,20230316,1664,1920,1669,2059,train
20230316_lidar_tile_1664_2048.npy,20230316,1664,2048,1669,2187,train
20230316_lidar_tile_1664_2176.npy,20230316,1664,2176,1669,2315,train
20230316_lidar_tile_1664_2304.npy,20230316,1664,2304,1669,2443,train
20230316_lidar_tile_1664_2432.npy,20230316,1664,2432,1669,2571,train
20230316_lidar_tile_1664_2560.npy,20230316,1664,2560,1669,2699,train
20230316_lidar_tile_1664_2688.npy,20230316,1664,2688,1669,2827,train
20230316_lidar_tile_1664_2816.npy,20230316,1664,2816,1669,2955,train
20230316_lidar_tile_1792_768.npy,20230316,1792,768,1797,907,val
20230316_lidar_tile_1792_896.npy,20230316,1792,896,1797,1035,val
20230316_lidar_tile_1792_1024.npy,20230316,1792,1024,1797,1163,val
20230316_lidar_tile_1792_1152.npy,20230316,1792,1152,1797,1291,buffer
20230316_lidar_tile_1792_1280.npy,20230316,1792,1280,1797,1419,train
20230316_lidar_tile_1792_1408.npy,20230316,1792,1408,1797,1547,train
20230316_lidar_tile_1792_1536.npy,20230316,1792,1536,1797,1675,train
20230316_lidar_tile_1792_1664.npy,20230316,1792,1664,1797,1803,train
20230316_lidar_tile_1792_1792.npy,20230316,1792,1792,1797,1931,train
20230316_lidar_tile_1792_1920.npy,20230316,1792,1920,1797,2059,train
20230316_lidar_tile_1792_2048.npy,20230316,1792,2048,1797,2187,train
20230316_lidar_tile_1792_2176.npy,20230316,1792,2176,1797,2315,train
20230316_lidar_tile_1792_2304.npy,20230316,1792,2304,1797,2443,train
20230316_lidar_tile_1792_2432.npy,20230316,1792,2432,1797,2571,train
20230316_lidar_tile_1792_2560.npy,20230316,1792,2560,1797,2699,train
20230316_lidar_tile_1792_2688.npy,20230316,1792,2688,1797,2827,train
20230316_lidar_tile_1792_2816.npy,20230316,1792,2816,1797,2955,train
20230316_lidar_tile_1920_768.npy,20230316,1920,768,1925,907,val
20230316_lidar_tile_1920_896.npy,20230316,1920,896,1925,1035,val
20230316_lidar_tile_1920_1024.npy,20230316,1920,1024,1925,1163,val
20230316_lidar_tile_1920_1152.npy,20230316,1920,1152,1925,1291,buffer
20230316_lidar_tile_1920_1280.npy,20230316,1920,1280,1925,1419,train
20230316_lidar_tile_1920_1408.npy,20230316,1920,1408,1925,1547,train
20230316_lidar_tile_1920_1536.npy,20230316,1920,1536,1925,1675,train
20230316_lidar_tile_1920_1664.npy,20230316,1920,1664,1925,1803,train
20230316_lidar_tile_1920_1792.npy,20230316,1920,1792,1925,1931,train
20230316_lidar_tile_1920_1920.npy,20230316,1920,1920,1925,2059,train
20230316_lidar_tile_1920_2048.npy,20230316,1920,2048,1925,2187,train
20230316_lidar_tile_1920_2176.npy,20230316,1920,2176,1925,2315,train
20230316_lidar_tile_1920_2304.npy,20230316,1920,2304,1925,2443,train
20230316_lidar_tile_1920_2432.npy,20230316,1920,2432,1925,2571,train
20230316_lidar_tile_1920_2560.npy,20230316,1920,2560,1925,2699,train
20230316_lidar_tile_1920_2688.npy,20230316,1920,2688,1925,2827,train
20230316_lidar_tile_2048_768.npy,20230316,2048,768,2053,907,val
20230316_lidar_tile_2048_896.npy,20230316,2048,896,2053,1035,val
20230316_lidar_tile_2048_1024.npy,20230316,2048,1024,2053,1163,val
20230316_lidar_tile_2048_1152.npy,20230316,2048,1152,2053,1291,buffer
20230316_lidar_tile_2048_1280.npy,20230316,2048,1280,2053,1419,train
20230316_lidar_tile_2048_1408.npy,20230316,2048,1408,2053,1547,train
20230316_lidar_tile_2048_1536.npy,20230316,2048,1536,2053,1675,train
20230316_lidar_tile_2048_1664.npy,20230316,2048,1664,2053,1803,train
20230316_lidar_tile_2048_1792.npy,20230316,2048,1792,2053,1931,train
20230316_lidar_tile_2048_1920.npy,20230316,2048,1920,2053,2059,train
20230316_lidar_tile_2048_2048.npy,20230316,2048,2048,2053,2187,train
20230316_lidar_tile_2048_2176.npy,20230316,2048,2176,2053,2315,train
20230316_lidar_tile_2048_2304.npy,20230316,2048,2304,2053,2443,train
20230316_lidar_tile_2048_2432.npy,20230316,2048,2432,2053,2571,train
20230316_lidar_tile_2048_2560.npy,20230316,2048,2560,2053,2699,train
20230316_lidar_tile_2176_768.npy,20230316,2176,768,2181,907,val
20230316_lidar_tile_2176_896.npy,20230316,2176,896,2181,1035,val
20230316_lidar_tile_2176_1024.npy,20230316,2176,1024,2181,1163,val
20230316_lidar_tile_2176_1152.npy,20230316,2176,1152,2181,1291,buffer
20230316_lidar_tile_2176_1280.npy,20230316,2176,1280,2181,1419,train
20230316_lidar_tile_2176_1408.npy,20230316,2176,1408,2181,1547,train
20230316_lidar_tile_2176_1536.npy,20230316,2176,1536,2181,1675,train
20230316_lidar_tile_2176_1664.npy,20230316,2176,1664,2181,1803,train
20230316_lidar_tile_2176_1792.npy,20230316,2176,1792,2181,1931,train
20230316_lidar_tile_2176_1920.npy,20230316,2176,1920,2181,2059,train
20230316_lidar_tile_2176_2048.npy,20230316,2176,2048,2181,2187,train
20230316_lidar_tile_2176_2176.npy,20230316,2176,2176,2181,2315,train
20230316_lidar_tile_2176_2304.npy,20230316,2176,2304,2181,2443,train
20230316_lidar_tile_2176_2432.npy,20230316,2176,2432,2181,2571,train
20230316_lidar_tile_2176_2560.npy,20230316,2176,2560,2181,2699,train
20230316_lidar_tile_2304_768.npy,20230316,2304,768,2309,907,val
20230316_lidar_tile_2304_896.npy,20230316,2304,896,2309,1035,val
20230316_lidar_tile_2304_1024.npy,20230316,2304,1024,2309,1163,val
20230316_lidar_tile_2304_1152.npy,20230316,2304,1152,2309,1291,buffer
20230316_lidar_tile_2304_1280.npy,20230316,2304,1280,2309,1419,train
20230316_lidar_tile_2304_1408.npy,20230316,2304,1408,2309,1547,train
20230316_lidar_tile_2304_1536.npy,20230316,2304,1536,2309,1675,train
20230316_lidar_tile_2304_1664.npy,20230316,2304,1664,2309,1803,train
20230316_lidar_tile_2304_1792.npy,20230316,2304,1792,2309,1931,train
20230316_lidar_tile_2304_1920.npy,20230316,2304,1920,2309,2059,train
20230316_lidar_tile_2304_2048.npy,20230316,2304,2048,2309,2187,train
20230316_lidar_tile_2304_2176.npy,20230316,2304,2176,2309,2315,train
20230316_lidar_tile_2304_2304.npy,20230316,2304,2304,2309,2443,train
20230316_lidar_tile_2304_2432.npy,20230316,2304,2432,2309,2571,train
20230316_lidar_tile_2432_768.npy,20230316,2432,768,2437,907,val
20230316_lidar_tile_2432_896.npy,20230316,2432,896,2437,1035,val
20230316_lidar_tile_2432_1024.npy,20230316,2432,1024,2437,1163,val
20230316_lidar_tile_2432_1152.npy,20230316,2432,1152,2437,1291,buffer
20230316_lidar_tile_2432_1280.npy,20230316,2432,1280,2437,1419,train
20230316_lidar_tile_2432_1408.npy,20230316,2432,1408,2437,1547,train
20230316_lidar_tile_2432_1536.npy,20230316,2432,1536,2437,1675,train
20230316_lidar_tile_2432_1664.npy,20230316,2432,1664,2437,1803,train
20230316_lidar_tile_2432_1792.npy,20230316,2432,1792,2437,1931,train
20230316_lidar_tile_2432_1920.npy,20230316,2432,1920,2437,2059,train
20230316_lidar_tile_2432_2048.npy,20230316,2432,2048,2437,2187,train
20230316_lidar_tile_2432_2176.npy,20230316,2432,2176,2437,2315,train
20230316_lidar_tile_2432_2304.npy,20230316,2432,2304,2437,2443,train
20230316_lidar_tile_2560_768.npy,20230316,2560,768,2565,907,val
20230316_lidar_tile_2560_896.npy,20230316,2560,896,2565,1035,val
20230316_lidar_tile_2560_1024.npy,20230316,2560,1024,2565,1163,val
20230316_lidar_tile_2560_1152.npy,20230316,2560,1152,2565,1291,buffer
20230316_lidar_tile_2560_1280.npy,20230316,2560,1280,2565,1419,train
20230316_lidar_tile_2560_1408.npy,20230316,2560,1408,2565,1547,train
20230316_lidar_tile_2560_1536.npy,20230316,2560,1536,2565,1675,train
20230316_lidar_tile_2560_1664.npy,20230316,2560,1664,2565,1803,train
20230316_lidar_tile_2560_1792.npy,20230316,2560,1792,2565,1931,train
20230316_lidar_tile_2560_1920.npy,20230316,2560,1920,2565,2059,train
20230316_lidar_tile_2560_2048.npy,20230316,2560,2048,2565,2187,train
20230316_lidar_tile_2688_768.npy,20230316,2688,768,2693,907,val
20230316_lidar_tile_2688_896.npy,20230316,2688,896,2693,1035,val
20230316_lidar_tile_2688_1024.npy,20230316,2688,1024,2693,1163,val
20230316_lidar_tile_2688_1152.npy,20230316,2688,1152,2693,1291,buffer
20230316_lidar_tile_2688_1280.npy,20230316,2688,1280,2693,1419,train
20230316_lidar_tile_2688_1408.npy,20230316,2688,1408,2693,1547,train
20230316_lidar_tile_2688_1536.npy,20230316,2688,1536,2693,1675,train
20230316_lidar_tile_2688_1664.npy,20230316,2688,1664,2693,1803,train
20230316_lidar_tile_2688_1792.npy,20230316,2688,1792,2693,1931,train
20230316_lidar_tile_2688_1920.npy,20230316,2688,1920,2693,2059,train
20230316_lidar_tile_2816_896.npy,20230316,2816,896,2821,1035,val
20230316_lidar_tile_2816_1024.npy,20230316,2816,1024,2821,1163,val
20230316_lidar_tile_2816_1152.npy,20230316,2816,1152,2821,1291,buffer
20230316_lidar_tile_2816_1280.npy,20230316,2816,1280,2821,1419,train
20230316_lidar_tile_2816_1408.npy,20230316,2816,1408,2821,1547,train
20230316_lidar_tile_2816_1536.npy,20230316,2816,1536,2821,1675,train
20230316_lidar_tile_2816_1664.npy,20230316,2816,1664,2821,1803,train
20230316_lidar_tile_2816_1792.npy,20230316,2816,1792,2821,1931,train
20230328_lidar_tile_128_128.npy,20230328,128,128,128,267,test
20230328_lidar_tile_128_256.npy,20230328,128,256,128,395,test
20230328_lidar_tile_128_384.npy,20230328,128,384,128,523,test
20230328_lidar_tile_128_512.npy,20230328,128,512,128,651,test
20230328_lidar_tile_128_640.npy,20230328,128,640,128,779,buffer
20230328_lidar_tile_128_768.npy,20230328,128,768,128,907,val
20230328_lidar_tile_256_128.npy,20230328,256,128,256,267,test
20230328_lidar_tile_256_256.npy,20230328,256,256,256,395,test
20230328_lidar_tile_256_384.npy,20230328,256,384,256,523,test
20230328_lidar_tile_256_512.npy,20230328,256,512,256,651,test
20230328_lidar_tile_256_640.npy,20230328,256,640,256,779,buffer
20230328_lidar_tile_256_768.npy,20230328,256,768,256,907,val
20230328_lidar_tile_256_896.npy,20230328,256,896,256,1035,val
20230328_lidar_tile_256_1024.npy,20230328,256,1024,256,1163,val
20230328_lidar_tile_384_0.npy,20230328,384,0,384,139,test
20230328_lidar_tile_384_128.npy,20230328,384,128,384,267,test
20230328_lidar_tile_384_256.npy,20230328,384,256,384,395,test
20230328_lidar_tile_384_384.npy,20230328,384,384,384,523,test
20230328_lidar_tile_384_512.npy,20230328,384,512,384,651,test
20230328_lidar_tile_384_640.npy,20230328,384,640,384,779,buffer
20230328_lidar_tile_384_768.npy,20230328,384,768,384,907,val
20230328_lidar_tile_384_896.npy,20230328,384,896,384,1035,val
20230328_lidar_tile_384_1024.npy,20230328,384,1024,384,1163,val
20230328_lidar_tile_384_2048.npy,20230328,384,2048,384,2187,train
20230328_lidar_tile_384_2176.npy,20230328,384,2176,384,2315,train
20230328_lidar_tile_512_0.npy,20230328,512,0,512,139,test
20230328_lidar_tile_512_128.npy,20230328,512,128,512,267,test
20230328_lidar_tile_512_256.npy,20230328,512,256,512,395,test
20230328_lidar_tile_512_384.npy,20230328,512,384,512,523,test
20230328_lidar_tile_512_512.npy,20230328,512,512,512,651,test
20230328_lidar_tile_512_640.npy,20230328,512,640,512,779,buffer
20230328_lidar_tile_512_768.npy,20230328,512,768,512,907,val
20230328_lidar_tile_512_896.npy,20230328,512,896,512,1035,val
20230328_lidar_tile_512_1024.npy,20230328,512,1024,512,1163,val
20230328_lidar_tile_512_1152.npy,20230328,512,1152,512,1291,buffer
20230328_lidar_tile_512_1280.npy,20230328,512,1280,512,1419,train
20230328_lidar_tile_512_1408.npy,20230328,512,1408,512,1547,train
20230328_lidar_tile_512_1536.npy,20230328,512,1536,512,1675,train
20230328_lidar_tile_512_1664.npy,20230328,512,1664,512,1803,train
20230328_lidar_tile_512_1792.npy,20230328,512,1792,512,1931,train
20230328_lidar_tile_512_1920.npy,20230328,512,1920,512,2059,train
20230328_lidar_tile_512_2048.npy,20230328,512,2048,512,2187,train
20230328_lidar_tile_512_2176.npy,20230328,512,2176,512,2315,train
20230328_lidar_tile_512_2304.npy,20230328,512,2304,512,2443,train
20230328_lidar_tile_512_2432.npy,20230328,512,2432,512,2571,train
20230328_lidar_tile_512_2560.npy,20230328,512,2560,512,2699,train
20230328_lidar_tile_512_2688.npy,20230328,512,2688,512,2827,train
20230328_lidar_tile_640_0.npy,20230328,640,0,640,139,test
20230328_lidar_tile_640_128.npy,20230328,640,128,640,267,test
20230328_lidar_tile_640_256.npy,20230328,640,256,640,395,test
20230328_lidar_tile_640_384.npy,20230328,640,384,640,523,test
20230328_lidar_tile_640_512.npy,20230328,640,512,640,651,test
20230328_lidar_tile_640_640.npy,20230328,640,640,640,779,buffer
20230328_lidar_tile_640_768.npy,20230328,640,768,640,907,val
20230328_lidar_tile_640_896.npy,20230328,640,896,640,1035,val
20230328_lidar_tile_640_1024.npy,20230328,640,1024,640,1163,val
20230328_lidar_tile_640_1152.npy,20230328,640,1152,640,1291,buffer
20230328_lidar_tile_640_1280.npy,20230328,640,1280,640,1419,train
20230328_lidar_tile_640_1408.npy,20230328,640,1408,640,1547,train
20230328_lidar_tile_640_1536.npy,20230328,640,1536,640,1675,train
20230328_lidar_tile_640_1664.npy,20230328,640,1664,640,1803,train
20230328_lidar_tile_640_1792.npy,20230328,640,1792,640,1931,train
20230328_lidar_tile_640_1920.npy,20230328,640,1920,640,2059,train
20230328_lidar_tile_640_2048.npy,20230328,640,2048,640,2187,train
20230328_lidar_tile_640_2176.npy,20230328,640,2176,640,2315,train
20230328_lidar_tile_640_2304.npy,20230328,640,2304,640,2443,train
20230328_lidar_tile_640_2432.npy,20230328,640,2432,640,2571,train
20230328_lidar_tile_640_2560.npy,20230328,640,2560,640,2699,train
20230328_lidar_tile_640_2688.npy,20230328,640,2688,640,2827,train
20230328_lidar_tile_640_2816.npy,20230328,640,2816,640,2955,train
20230328_lidar_tile_768_0.npy,20230328,768,0,768,139,test
20230328_lidar_tile_768_128.npy,20230328,768,128,768,267,test
20230328_lidar_tile_768_256.npy,20230328,768,256,768,395,test
20230328_lidar_tile_768_384.npy,20230328,768,384,768,523,test
20230328_lidar_tile_768_512.npy,20230328,768,512,768,651,test
20230328_lidar_tile_768_640.npy,20230328,768,640,768,779,buffer
20230328_lidar_tile_768_768.npy,20230328,768,768,768,907,val
20230328_lidar_tile_768_896.npy,20230328,768,896,768,1035,val
20230328_lidar_tile_768_1024.npy,20230328,768,1024,768,1163,val
20230328_lidar_tile_768_1152.npy,20230328,768,1152,768,1291,buffer
20230328_lidar_tile_768_1280.npy,20230328,768,1280,768,1419,train
20230328_lidar_tile_768_1408.npy,20230328,768,1408,768,1547,train
20230328_lidar_tile_768_1536.npy,20230328,768,1536,768,1675,train
20230328_lidar_tile_768_1664.npy,20230328,768,1664,768,1803,train
20230328_lidar_tile_768_1792.npy,20230328,768,1792,768,1931,train
20230328_lidar_tile_768_1920.npy,20230328,768,1920,768,2059,train
20230328_lidar_tile_768_2048.npy,20230328,768,2048,768,2187,train
20230328_lidar_tile_768_2176.npy,20230328,768,2176,768,2315,train
20230328_lidar_tile_768_2304.npy,20230328,768,2304,768,2443,train
20230328_lidar_tile_768_2432.npy,20230328,768,2432,768,2571,train
20230328_lidar_tile_768_2560.npy,20230328,768,2560,768,2699,train
20230328_lidar_tile_768_2688.npy,20230328,768,2688,768,2827,train
20230328_lidar_tile_768_2816.npy,20230328,768,2816,768,2955,train
20230328_lidar_tile_768_2944.npy,20230328,768,2944,768,3083,train
20230328_lidar_tile_896_0.npy,20230328,896,0,896,139,test
20230328_lidar_tile_896_128.npy,20230328,896,128,896,267,test
20230328_lidar_tile_896_256.npy,20230328,896,256,896,395,test
20230328_lidar_tile_896_384.npy,20230328,896,384,896,523,test
20230328_lidar_tile_896_512.npy,20230328,896,512,896,651,test
20230328_lidar_tile_896_640.npy,20230328,896,640,896,779,buffer
20230328_lidar_tile_896_768.npy,20230328,896,768,896,907,val
20230328_lidar_tile_896_896.npy,20230328,896,896,896,1035,val
20230328_lidar_tile_896_1024.npy,20230328,896,1024,896,1163,val
20230328_lidar_tile_896_1152.npy,20230328,896,1152,896,1291,buffer
20230328_lidar_tile_896_1280.npy,20230328,896,1280,896,1419,train
20230328_lidar_tile_896_1408.npy,20230328,896,1408,896,1547,train
20230328_lidar_tile_896_1536.npy,20230328,896,1536,896,1675,train
20230328_lidar_tile_896_1664.npy,20230328,896,1664,896,1803,train
20230328_lidar_tile_896_1792.npy,20230328,896,1792,896,1931,train
20230328_lidar_tile_896_2048.npy,20230328,896,2048,896,2187,train
20230328_lidar_tile_896_2176.npy,20230328,896,2176,896,2315,train
20230328_lidar_tile_896_2304.npy,20230328,896,2304,896,2443,train
20230328_lidar_tile_896_2432.npy,20230328,896,2432,896,2571,train
20230328_lidar_tile_896_2560.npy,20230328,896,2560,896,2699,train
20230328_lidar_tile_896_2688.npy,20230328,896,2688,896,2827,train
20230328_lidar_tile_896_2816.npy,20230328,896,2816,896,2955,train
20230328_lidar_tile_896_2944.npy,20230328,896,2944,896,3083,train
20230328_lidar_tile_896_3072.npy,20230328,896,3072,896,3211,train
20230328_lidar_tile_1024_0.npy,20230328,1024,0,1024,139,test
20230328_lidar_tile_1024_128.npy,20230328,1024,128,1024,267,test
20230328_lidar_tile_1024_256.npy,20230328,1024,256,1024,395,test
20230328_lidar_tile_1024_384.npy,20230328,1024,384,1024,523,test
20230328_lidar_tile_1024_512.npy,20230328,1024,512,1024,651,test
20230328_lidar_tile_1024_640.npy,20230328,1024,640,1024,779,buffer
20230328_lidar_tile_1024_768.npy,20230328,1024,768,1024,907,val
20230328_lidar_tile_1024_896.npy,20230328,1024,896,1024,1035,val
20230328_lidar_tile_1024_1024.npy,20230328,1024,1024,1024,1163,val
20230328_lidar_tile_1024_1152.npy,20230328,1024,1152,1024,1291,buffer
20230328_lidar_tile_1024_1280.npy,20230328,1024,1280,1024,1419,train
20230328_lidar_tile_1024_1408.npy,20230328,1024,1408,1024,1547,train
20230328_lidar_tile_1024_1536.npy,20230328,1024,1536,1024,1675,train
20230328_lidar_tile_1024_1664.npy,20230328,1024,1664,1024,1803,train
20230328_lidar_tile_1024_1792.npy,20230328,1024,1792,1024,1931,train
20230328_lidar_tile_1024_1920.npy,20230328,1024,1920,1024,2059,train
20230328_lidar_tile_1024_2048.npy,20230328,1024,2048,1024,2187,train
20230328_lidar_tile_1024_2176.npy,20230328,1024,2176,1024,2315,train
20230328_lidar_tile_1024_2304.npy,20230328,1024,2304,1024,2443,train
20230328_lidar_tile_1024_2432.npy,20230328,1024,2432,1024,2571,train
20230328_lidar_tile_1024_2560.npy,20230328,1024,2560,1024,2699,train
20230328_lidar_tile_1024_2688.npy,20230328,1024,2688,1024,2827,train
20230328_lidar_tile_1024_2816.npy,20230328,1024,2816,1024,2955,train
20230328_lidar_tile_1024_2944.npy,20230328,1024,2944,1024,3083,train
20230328_lidar_tile_1024_3072.npy,20230328,1024,3072,1024,3211,train
20230328_lidar_tile_1152_128.npy,20230328,1152,128,1152,267,test
20230328_lidar_tile_1152_256.npy,20230328,1152,256,1152,395,test
20230328_lidar_tile_1152_384.npy,20230328,1152,384,1152,523,test
20230328_lidar_tile_1152_512.npy,20230328,1152,512,1152,651,test
20230328_lidar_tile_1152_640.npy,20230328,1152,640,1152,779,buffer
20230328_lidar_tile_1152_768.npy,20230328,1152,768,1152,907,val
20230328_lidar_tile_1152_896.npy,20230328,1152,896,1152,1035,val
20230328_lidar_tile_1152_1024.npy,20230328,1152,1024,1152,1163,val
20230328_lidar_tile_1152_1152.npy,20230328,1152,1152,1152,1291,buffer
20230328_lidar_tile_1152_1280.npy,20230328,1152,1280,1152,1419,train
20230328_lidar_tile_1152_1408.npy,20230328,1152,1408,1152,1547,train
20230328_lidar_tile_1152_1536.npy,20230328,1152,1536,1152,1675,train
20230328_lidar_tile_1152_1664.npy,20230328,1152,1664,1152,1803,train
20230328_lidar_tile_1152_1792.npy,20230328,1152,1792,1152,1931,train
20230328_lidar_tile_1152_1920.npy,20230328,1152,1920,1152,2059,train
20230328_lidar_tile_1152_2048.npy,20230328,1152,2048,1152,2187,train
20230328_lidar_tile_1152_2176.npy,20230328,1152,2176,1152,2315,train
20230328_lidar_tile_1152_2304.npy,20230328,1152,2304,1152,2443,train
20230328_lidar_tile_1152_2432.npy,20230328,1152,2432,1152,2571,train
20230328_lidar_tile_1152_2560.npy,20230328,1152,2560,1152,2699,train
20230328_lidar_tile_1152_2688.npy,20230328,1152,2688,1152,2827,train
20230328_lidar_tile_1152_2816.npy,20230328,1152,2816,1152,2955,train
20230328_lidar_tile_1152_2944.npy,20230328,1152,2944,1152,3083,train
20230328_lidar_tile_1280_256.npy,20230328,1280,256,1280,395,test
20230328_lidar_tile_1280_384.npy,20230328,1280,384,1280,523,test
20230328_lidar_tile_1280_512.npy,20230328,1280,512,1280,651,test
20230328_lidar_tile_1280_640.npy,20230328,1280,640,1280,779,buffer
20230328_lidar_tile_1280_768.npy,20230328,1280,768,1280,907,val
20230328_lidar_tile_1280_896.npy,20230328,1280,896,1280,1035,val
20230328_lidar_tile_1280_1024.npy,20230328,1280,1024,1280,1163,val
20230328_lidar_tile_1280_1152.npy,20230328,1280,1152,1280,1291,buffer
20230328_lidar_tile_1280_1280.npy,20230328,1280,1280,1280,1419,train
20230328_lidar_tile_1280_1408.npy,20230328,1280,1408,1280,1547,train
20230328_lidar_tile_1280_1536.npy,20230328,1280,1536,1280,1675,train
20230328_lidar_tile_1280_1664.npy,20230328,1280,1664,1280,1803,train
20230328_lidar_tile_1280_1792.npy,20230328,1280,1792,1280,1931,train
20230328_lidar_tile_1280_1920.npy,20230328,1280,1920,1280,2059,train
20230328_lidar_tile_1280_2048.npy,20230328,1280,2048,1280,2187,train
20230328_lidar_tile_1280_2176.npy,20230328,1280,2176,1280,2315,train
20230328_lidar_tile_1280_2304.npy,20230328,1280,2304,1280,2443,train
20230328_lidar_tile_1280_2432.npy,20230328,1280,2432,1280,2571,train
20230328_lidar_tile_1280_2560.npy,20230328,1280,2560,1280,2699,train
20230328_lidar_tile_1280_2688.npy,20230328,1280,2688,1280,2827,train
20230328_lidar_tile_1280_2816.npy,20230328,1280,2816,1280,2955,train
20230328_lidar_tile_1280_2944.npy,20230328,1280,2944,1280,3083,train
20230328_lidar_tile_1408_640.npy,20230328,1408,640,1408,779,buffer
20230328_lidar_tile_1408_768.npy,20230328,1408,768,1408,907,val
20230328_lidar_tile_1408_896.npy,20230328,1408,896,1408,1035,val
20230328_lidar_tile_1408_1024.npy,20230328,1408,1024,1408,1163,val
20230328_lidar_tile_1408_1152.npy,20230328,1408,1152,1408,1291,buffer
20230328_lidar_tile_1408_1280.npy,20230328,1408,1280,1408,1419,train
20230328_lidar_tile_1408_1408.npy,20230328,1408,1408,1408,1547,train
20230328_lidar_tile_1408_1536.npy,20230328,1408,1536,1408,1675,train
20230328_lidar_tile_1408_1664.npy,20230328,1408,1664,1408,1803,train
20230328_lidar_tile_1408_1792.npy,20230328,1408,1792,1408,1931,train
20230328_lidar_tile_1408_1920.npy,20230328,1408,1920,1408,2059,train
20230328_lidar_tile_1408_2048.npy,20230328,1408,2048,1408,2187,train
20230328_lidar_tile_1408_2176.npy,20230328,1408,2176,1408,2315,train
20230328_lidar_tile_1408_2304.npy,20230328,1408,2304,1408,2443,train
20230328_lidar_tile_1408_2432.npy,20230328,1408,2432,1408,2571,train
20230328_lidar_tile_1408_2560.npy,20230328,1408,2560,1408,2699,train
20230328_lidar_tile_1408_2688.npy,20230328,1408,2688,1408,2827,train
20230328_lidar_tile_1408_2816.npy,20230328,1408,2816,1408,2955,train
20230328_lidar_tile_1408_2944.npy,20230328,1408,2944,1408,3083,train
20230328_lidar_tile_1536_640.npy,20230328,1536,640,1536,779,buffer
20230328_lidar_tile_1536_768.npy,20230328,1536,768,1536,907,val
20230328_lidar_tile_1536_896.npy,20230328,1536,896,1536,1035,val
20230328_lidar_tile_1536_1024.npy,20230328,1536,1024,1536,1163,val
20230328_lidar_tile_1536_1152.npy,20230328,1536,1152,1536,1291,buffer
20230328_lidar_tile_1536_1280.npy,20230328,1536,1280,1536,1419,train
20230328_lidar_tile_1536_1408.npy,20230328,1536,1408,1536,1547,train
20230328_lidar_tile_1536_1536.npy,20230328,1536,1536,1536,1675,train
20230328_lidar_tile_1536_1664.npy,20230328,1536,1664,1536,1803,train
20230328_lidar_tile_1536_1792.npy,20230328,1536,1792,1536,1931,train
20230328_lidar_tile_1536_1920.npy,20230328,1536,1920,1536,2059,train
20230328_lidar_tile_1536_2048.npy,20230328,1536,2048,1536,2187,train
20230328_lidar_tile_1536_2176.npy,20230328,1536,2176,1536,2315,train
20230328_lidar_tile_1536_2304.npy,20230328,1536,2304,1536,2443,train
20230328_lidar_tile_1536_2432.npy,20230328,1536,2432,1536,2571,train
20230328_lidar_tile_1536_2560.npy,20230328,1536,2560,1536,2699,train
20230328_lidar_tile_1536_2688.npy,20230328,1536,2688,1536,2827,train
20230328_lidar_tile_1536_2816.npy,20230328,1536,2816,1536,2955,train
20230328_lidar_tile_1536_2944.npy,20230328,1536,2944,1536,3083,train
20230328_lidar_tile_1664_768.npy,20230328,1664,768,1664,907,val
20230328_lidar_tile_1664_896.npy,20230328,1664,896,1664,1035,val
20230328_lidar_tile_1664_1024.npy,20230328,1664,1024,1664,1163,val
20230328_lidar_tile_1664_1152.npy,20230328,1664,1152,1664,1291,buffer
20230328_lidar_tile_1664_1280.npy,20230328,1664,1280,1664,1419,train
20230328_lidar_tile_1664_1408.npy,20230328,1664,1408,1664,1547,train
20230328_lidar_tile_1664_1536.npy,20230328,1664,1536,1664,1675,train
20230328_lidar_tile_1664_1664.npy,20230328,1664,1664,1664,1803,train
20230328_lidar_tile_1664_1792.npy,20230328,1664,1792,1664,1931,train
20230328_lidar_tile_1664_1920.npy,20230328,1664,1920,1664,2059,train
20230328_lidar_tile_1664_2048.npy,20230328,1664,2048,1664,2187,train
20230328_lidar_tile_1664_2176.npy,20230328,1664,2176,1664,2315,train
20230328_lidar_tile_1664_2304.npy,20230328,1664,2304,1664,2443,train
20230328_lidar_tile_1664_2432.npy,20230328,1664,2432,1664,2571,train
20230328_lidar_tile_1664_2560.npy,20230328,1664,2560,1664,2699,train
20230328_lidar_tile_1664_2688.npy,20230328,1664,2688,1664,2827,train
20230328_lidar_tile_1664_2816.npy,20230328,1664,2816,1664,2955,train
20230328_lidar_tile_1792_768.npy,20230328,1792,768,1792,907,val
20230328_lidar_tile_1792_896.npy,20230328,1792,896,1792,1035,val
20230328_lidar_tile_1792_1024.npy,20230328,1792,1024,1792,1163,val
20230328_lidar_tile_1792_1152.npy,20230328,1792,1152,1792,1291,buffer
20230328_lidar_tile_1792_1280.npy,20230328,1792,1280,1792,1419,train
20230328_lidar_tile_1792_1408.npy,20230328,1792,1408,1792,1547,train
20230328_lidar_tile_1792_1536.npy,20230328,1792,1536,1792,1675,train
20230328_lidar_tile_1792_1664.npy,20230328,1792,1664,1792,1803,train
20230328_lidar_tile_1792_1792.npy,20230328,1792,1792,1792,1931,train
20230328_lidar_tile_1792_1920.npy,20230328,1792,1920,1792,2059,train
20230328_lidar_tile_1792_2048.npy,20230328,1792,2048,1792,2187,train
20230328_lidar_tile_1792_2176.npy,20230328,1792,2176,1792,2315,train
20230328_lidar_tile_1792_2304.npy,20230328,1792,2304,1792,2443,train
20230328_lidar_tile_1792_2432.npy,20230328,1792,2432,1792,2571,train
20230328_lidar_tile_1792_2560.npy,20230328,1792,2560,1792,2699,train
20230328_lidar_tile_1792_2688.npy,20230328,1792,2688,1792,2827,train
20230328_lidar_tile_1792_2816.npy,20230328,1792,2816,1792,2955,train
20230328_lidar_tile_1920_768.npy,20230328,1920,768,1920,907,val
20230328_lidar_tile_1920_896.npy,20230328,1920,896,1920,1035,val
20230328_lidar_tile_1920_1024.npy,20230328,1920,1024,1920,1163,val
20230328_lidar_tile_1920_1152.npy,20230328,1920,1152,1920,1291,buffer
20230328_lidar_tile_1920_1280.npy,20230328,1920,1280,1920,1419,train
20230328_lidar_tile_1920_1408.npy,20230328,1920,1408,1920,1547,train
20230328_lidar_tile_1920_1536.npy,20230328,1920,1536,1920,1675,train
20230328_lidar_tile_1920_1664.npy,20230328,1920,1664,1920,1803,train
20230328_lidar_tile_1920_1792.npy,20230328,1920,1792,1920,1931,train
20230328_lidar_tile_1920_1920.npy,20230328,1920,1920,1920,2059,train
20230328_lidar_tile_1920_2048.npy,20230328,1920,2048,1920,2187,train
20230328_lidar_tile_1920_2176.npy,20230328,1920,2176,1920,2315,train
20230328_lidar_tile_1920_2304.npy,20230328,1920,2304,1920,2443,train
20230328_lidar_tile_1920_2432.npy,20230328,1920,2432,1920,2571,train
20230328_lidar_tile_1920_2560.npy,20230328,1920,2560,1920,2699,train
20230328_lidar_tile_1920_2688.npy,20230328,1920,2688,1920,2827,train
20230328_lidar_tile_2048_640.npy,20230328,2048,640,2048,779,buffer
20230328_lidar_tile_2048_768.npy,20230328,2048,768,2048,907,val
20230328_lidar_tile_2048_896.npy,20230328,2048,896,2048,1035,val
20230328_lidar_tile_2048_1024.npy,20230328,2048,1024,2048,1163,val
20230328_lidar_tile_2048_1152.npy,20230328,2048,1152,2048,1291,buffer
20230328_lidar_tile_2048_1280.npy,20230328,2048,1280,2048,1419,train
20230328_lidar_tile_2048_1408.npy,20230328,2048,1408,2048,1547,train
20230328_lidar_tile_2048_1536.npy,20230328,2048,1536,2048,1675,train
20230328_lidar_tile_2048_1664.npy,20230328,2048,1664,2048,1803,train
20230328_lidar_tile_2048_1792.npy,20230328,2048,1792,2048,1931,train
20230328_lidar_tile_2048_1920.npy,20230328,2048,1920,2048,2059,train
20230328_lidar_tile_2048_2048.npy,20230328,2048,2048,2048,2187,train
20230328_lidar_tile_2048_2176.npy,20230328,2048,2176,2048,2315,train
20230328_lidar_tile_2048_2304.npy,20230328,2048,2304,2048,2443,train
20230328_lidar_tile_2048_2432.npy,20230328,2048,2432,2048,2571,train
20230328_lidar_tile_2048_2560.npy,20230328,2048,2560,2048,2699,train
20230328_lidar_tile_2176_768.npy,20230328,2176,768,2176,907,val
20230328_lidar_tile_2176_896.npy,20230328,2176,896,2176,1035,val
20230328_lidar_tile_2176_1024.npy,20230328,2176,1024,2176,1163,val
20230328_lidar_tile_2176_1152.npy,20230328,2176,1152,2176,1291,buffer
20230328_lidar_tile_2176_1280.npy,20230328,2176,1280,2176,1419,train
20230328_lidar_tile_2176_1408.npy,20230328,2176,1408,2176,1547,train
20230328_lidar_tile_2176_1536.npy,20230328,2176,1536,2176,1675,train
20230328_lidar_tile_2176_1664.npy,20230328,2176,1664,2176,1803,train
20230328_lidar_tile_2176_1792.npy,20230328,2176,1792,2176,1931,train
20230328_lidar_tile_2176_1920.npy,20230328,2176,1920,2176,2059,train
20230328_lidar_tile_2176_2048.npy,20230328,2176,2048,2176,2187,train
20230328_lidar_tile_2176_2176.npy,20230328,2176,2176,2176,2315,train
20230328_lidar_tile_2176_2304.npy,20230328,2176,2304,2176,2443,train
20230328_lidar_tile_2176_2432.npy,20230328,2176,2432,2176,2571,train
20230328_lidar_tile_2176_2560.npy,20230328,2176,2560,2176,2699,train
20230328_lidar_tile_2304_768.npy,20230328,2304,768,2304,907,val
20230328_lidar_tile_2304_896.npy,20230328,2304,896,2304,1035,val
20230328_lidar_tile_2304_1024.npy,20230328,2304,1024,2304,1163,val
20230328_lidar_tile_2304_1152.npy,20230328,2304,1152,2304,1291,buffer
20230328_lidar_tile_2304_1280.npy,20230328,2304,1280,2304,1419,train
20230328_lidar_tile_2304_1408.npy,20230328,2304,1408,2304,1547,train
20230328_lidar_tile_2304_1536.npy,20230328,2304,1536,2304,1675,train
20230328_lidar_tile_2304_1664.npy,20230328,2304,1664,2304,1803,train
20230328_lidar_tile_2304_1792.npy,20230328,2304,1792,2304,1931,train
20230328_lidar_tile_2304_1920.npy,20230328,2304,1920,2304,2059,train
20230328_lidar_tile_2304_2048.npy,20230328,2304,2048,2304,2187,train
20230328_lidar_tile_2304_2176.npy,20230328,2304,2176,2304,2315,train
20230328_lidar_tile_2304_2304.npy,20230328,2304,2304,2304,2443,train
20230328_lidar_tile_2304_2432.npy,20230328,2304,2432,2304,2571,train
20230328_lidar_tile_2432_640.npy,20230328,2432,640,2432,779,buffer
20230328_lidar_tile_2432_768.npy,20230328,2432,768,2432,907,val
20230328_lidar_tile_2432_896.npy,20230328,2432,896,2432,1035,val
20230328_lidar_tile_2432_1024.npy,20230328,2432,1024,2432,1163,val
20230328_lidar_tile_2432_1152.npy,20230328,2432,1152,2432,1291,buffer
20230328_lidar_tile_2432_1280.npy,20230328,2432,1280,2432,1419,train
20230328_lidar_tile_2432_1408.npy,20230328,2432,1408,2432,1547,train
20230328_lidar_tile_2432_1536.npy,20230328,2432,1536,2432,1675,train
20230328_lidar_tile_2432_1664.npy,20230328,2432,1664,2432,1803,train
20230328_lidar_tile_2432_1792.npy,20230328,2432,1792,2432,1931,train
20230328_lidar_tile_2432_1920.npy,20230328,2432,1920,2432,2059,train
20230328_lidar_tile_2432_2048.npy,20230328,2432,2048,2432,2187,train
20230328_lidar_tile_2432_2176.npy,20230328,2432,2176,2432,2315,train
20230328_lidar_tile_2432_2304.npy,20230328,2432,2304,2432,2443,train
20230328_lidar_tile_2560_640.npy,20230328,2560,640,2560,779,buffer
20230328_lidar_tile_2560_768.npy,20230328,2560,768,2560,907,val
20230328_lidar_tile_2560_896.npy,20230328,2560,896,2560,1035,val
20230328_lidar_tile_2560_1024.npy,20230328,2560,1024,2560,1163,val
20230328_lidar_tile_2560_1152.npy,20230328,2560,1152,2560,1291,buffer
20230328_lidar_tile_2560_1280.npy,20230328,2560,1280,2560,1419,train
20230328_lidar_tile_2560_1408.npy,20230328,2560,1408,2560,1547,train
20230328_lidar_tile_2560_1536.npy,20230328,2560,1536,2560,1675,train
20230328_lidar_tile_2560_1664.npy,20230328,2560,1664,2560,1803,train
20230328_lidar_tile_2560_1792.npy,20230328,2560,1792,2560,1931,train
20230328_lidar_tile_2560_1920.npy,20230328,2560,1920,2560,2059,train
20230328_lidar_tile_2560_2048.npy,20230328,2560,2048,2560,2187,train
20230328_lidar_tile_2560_2176.npy,20230328,2560,2176,2560,2315,train
20230328_lidar_tile_2560_2304.npy,20230328,2560,2304,2560,2443,train
20230328_lidar_tile_2688_640.npy,20230328,2688,640,2688,779,buffer
20230328_lidar_tile_2688_768.npy,20230328,2688,768,2688,907,val
20230328_lidar_tile_2688_896.npy,20230328,2688,896,2688,1035,val
20230328_lidar_tile_2688_1024.npy,20230328,2688,1024,2688,1163,val
20230328_lidar_tile_2688_1152.npy,20230328,2688,1152,2688,1291,buffer
20230328_lidar_tile_2688_1280.npy,20230328,2688,1280,2688,1419,train
20230328_lidar_tile_2688_1408.npy,20230328,2688,1408,2688,1547,train
20230328_lidar_tile_2688_1536.npy,20230328,2688,1536,2688,1675,train
20230328_lidar_tile_2688_1664.npy,20230328,2688,1664,2688,1803,train
20230328_lidar_tile_2688_1792.npy,20230328,2688,1792,2688,1931,train
20230328_lidar_tile_2688_1920.npy,20230328,2688,1920,2688,2059,train
20230328_lidar_tile_2688_2048.npy,20230328,2688,2048,2688,2187,train
20230328_lidar_tile_2688_2176.npy,20230328,2688,2176,2688,2315,train
20230328_lidar_tile_2816_640.npy,20230328,2816,640,2816,779,buffer
20230328_lidar_tile_2816_768.npy,20230328,2816,768,2816,907,val
20230328_lidar_tile_2816_896.npy,20230328,2816,896,2816,1035,val
20230328_lidar_tile_2816_1024.npy,20230328,2816,1024,2816,1163,val
20230328_lidar_tile_2816_1152.npy,20230328,2816,1152,2816,1291,buffer
20230328_lidar_tile_2816_1280.npy,20230328,2816,1280,2816,1419,train
20230328_lidar_tile_2816_1408.npy,20230328,2816,1408,2816,1547,train
20230328_lidar_tile_2816_1536.npy,20230328,2816,1536,2816,1675,train
20230328_lidar_tile_2816_1664.npy,20230328,2816,1664,2816,1803,train
20230328_lidar_tile_2816_1792.npy,20230328,2816,1792,2816,1931,train
20230328_lidar_tile_2944_896.npy,20230328,2944,896,2944,1035,val
20230328_lidar_tile_2944_1024.npy,20230328,2944,1024,2944,1163,val
20230328_lidar_tile_2944_1152.npy,20230328,2944,1152,2944,1291,buffer
20230328_lidar_tile_2944_1280.npy,20230328,2944,1280,2944,1419,train
20230328_lidar_tile_2944_1408.npy,20230328,2944,1408,2944,1547,train
20240125_lidar_tile_256_256.npy,20240125,256,256,256,377,test
20240125_lidar_tile_256_512.npy,20240125,256,512,256,633,test
20240125_lidar_tile_256_768.npy,20240125,256,768,256,889,val
20240125_lidar_tile_256_1024.npy,20240125,256,1024,256,1145,val
20240125_lidar_tile_512_0.npy,20240125,512,0,512,121,test
20240125_lidar_tile_512_256.npy,20240125,512,256,512,377,test
20240125_lidar_tile_512_512.npy,20240125,512,512,512,633,test
20240125_lidar_tile_512_768.npy,20240125,512,768,512,889,val
20240125_lidar_tile_512_1024.npy,20240125,512,1024,512,1145,val
20240125_lidar_tile_512_1280.npy,20240125,512,1280,512,1401,train
20240125_lidar_tile_512_1536.npy,20240125,512,1536,512,1657,train
20240125_lidar_tile_512_1792.npy,20240125,512,1792,512,1913,train
20240125_lidar_tile_512_2048.npy,20240125,512,2048,512,2169,train
20240125_lidar_tile_512_2304.npy,20240125,512,2304,512,2425,train
20240125_lidar_tile_512_2560.npy,20240125,512,2560,512,2681,train
20240125_lidar_tile_768_0.npy,20240125,768,0,768,121,test
20240125_lidar_tile_768_256.npy,20240125,768,256,768,377,test
20240125_lidar_tile_768_512.npy,20240125,768,512,768,633,test
20240125_lidar_tile_768_768.npy,20240125,768,768,768,889,val
20240125_lidar_tile_768_1024.npy,20240125,768,1024,768,1145,val
20240125_lidar_tile_768_1280.npy,20240125,768,1280,768,1401,train
20240125_lidar_tile_768_1536.npy,20240125,768,1536,768,1657,train
20240125_lidar_tile_768_1792.npy,20240125,768,1792,768,1913,train
20240125_lidar_tile_768_2048.npy,20240125,768,2048,768,2169,train
20240125_lidar_tile_768_2304.npy,20240125,768,2304,768,2425,train
20240125_lidar_tile_768_2560.npy,20240125,768,2560,768,2681,train
20240125_lidar_tile_768_2816.npy,20240125,768,2816,768,2937,train
20240125_lidar_tile_1024_0.npy,20240125,1024,0,1024,121,test
20240125_lidar_tile_1024_256.npy,20240125,1024,256,1024,377,test
20240125_lidar_tile_1024_512.npy,20240125,1024,512,1024,633,test
20240125_lidar_tile_1024_768.npy,20240125,1024,768,1024,889,val
20240125_lidar_tile_1024_1024.npy,20240125,1024,1024,1024,1145,val
20240125_lidar_tile_1024_1280.npy,20240125,1024,1280,1024,1401,train
20240125_lidar_tile_1024_1536.npy,20240125,1024,1536,1024,1657,train
20240125_lidar_tile_1024_1792.npy,20240125,1024,1792,1024,1913,train
20240125_lidar_tile_1024_2048.npy,20240125,1024,2048,1024,2169,train
20240125_lidar_tile_1024_2304.npy,20240125,1024,2304,1024,2425,train
20240125_lidar_tile_1024_2560.npy,20240125,1024,2560,1024,2681,train
20240125_lidar_tile_1024_2816.npy,20240125,1024,2816,1024,2937,train
20240125_lidar_tile_1024_3072.npy,20240125,1024,3072,1024,3193,train
20240125_lidar_tile_1280_256.npy,20240125,1280,256,1280,377,test
20240125_lidar_tile_1280_512.npy,20240125,1280,512,1280,633,test
20240125_lidar_tile_1280_768.npy,20240125,1280,768,1280,889,val
20240125_lidar_tile_1280_1024.npy,20240125,1280,1024,1280,1145,val
20240125_lidar_tile_1280_1280.npy,20240125,1280,1280,1280,1401,train
20240125_lidar_tile_1280_1536.npy,20240125,1280,1536,1280,1657,train
20240125_lidar_tile_1280_1792.npy,20240125,1280,1792,1280,1913,train
20240125_lidar_tile_1280_2048.npy,20240125,1280,2048,1280,2169,train
20240125_lidar_tile_1280_2304.npy,20240125,1280,2304,1280,2425,train
20240125_lidar_tile_1280_2560.npy,20240125,1280,2560,1280,2681,train
20240125_lidar_tile_1280_2816.npy,20240125,1280,2816,1280,2937,train
20240125_lidar_tile_1536_768.npy,20240125,1536,768,1536,889,val
20240125_lidar_tile_1536_1024.npy,20240125,1536,1024,1536,1145,val
20240125_lidar_tile_1536_1280.npy,20240125,1536,1280,1536,1401,train
20240125_lidar_tile_1536_1536.npy,20240125,1536,1536,1536,1657,train
20240125_lidar_tile_1536_1792.npy,20240125,1536,1792,1536,1913,train
20240125_lidar_tile_1536_2048.npy,20240125,1536,2048,1536,2169,train
20240125_lidar_tile_1536_2304.npy,20240125,1536,2304,1536,2425,train
20240125_lidar_tile_1536_2560.npy,20240125,1536,2560,1536,2681,train
20240125_lidar_tile_1536_2816.npy,20240125,1536,2816,1536,2937,train
20240125_lidar_tile_1792_768.npy,20240125,1792,768,1792,889,val
20240125_lidar_tile_1792_1024.npy,20240125,1792,1024,1792,1145,val
20240125_lidar_tile_1792_1280.npy,20240125,1792,1280,1792,1401,train
20240125_lidar_tile_1792_1536.npy,20240125,1792,1536,1792,1657,train
20240125_lidar_tile_1792_1792.npy,20240125,1792,1792,1792,1913,train
20240125_lidar_tile_1792_2048.npy,20240125,1792,2048,1792,2169,train
20240125_lidar_tile_1792_2304.npy,20240125,1792,2304,1792,2425,train
20240125_lidar_tile_1792_2560.npy,20240125,1792,2560,1792,2681,train
20240125_lidar_tile_1792_2816.npy,20240125,1792,2816,1792,2937,train
20240125_lidar_tile_2048_768.npy,20240125,2048,768,2048,889,val
20240125_lidar_tile_2048_1024.npy,20240125,2048,1024,2048,1145,val
20240125_lidar_tile_2048_1280.npy,20240125,2048,1280,2048,1401,train
20240125_lidar_tile_2048_1536.npy,20240125,2048,1536,2048,1657,train
20240125_lidar_tile_2048_1792.npy,20240125,2048,1792,2048,1913,train
20240125_lidar_tile_2048_2048.npy,20240125,2048,2048,2048,2169,train
20240125_lidar_tile_2048_2304.npy,20240125,2048,2304,2048,2425,train
20240125_lidar_tile_2048_2560.npy,20240125,2048,2560,2048,2681,train
20240125_lidar_tile_2304_768.npy,20240125,2304,768,2304,889,val
20240125_lidar_tile_2304_1024.npy,20240125,2304,1024,2304,1145,val
20240125_lidar_tile_2304_1280.npy,20240125,2304,1280,2304,1401,train
20240125_lidar_tile_2304_1536.npy,20240125,2304,1536,2304,1657,train
20240125_lidar_tile_2304_1792.npy,20240125,2304,1792,2304,1913,train
20240125_lidar_tile_2304_2048.npy,20240125,2304,2048,2304,2169,train
20240125_lidar_tile_2304_2304.npy,20240125,2304,2304,2304,2425,train
20240125_lidar_tile_2560_768.npy,20240125,2560,768,2560,889,val
20240125_lidar_tile_2560_1024.npy,20240125,2560,1024,2560,1145,val
20240125_lidar_tile_2560_1280.npy,20240125,2560,1280,2560,1401,train
20240125_lidar_tile_2560_1536.npy,20240125,2560,1536,2560,1657,train
20240125_lidar_tile_2560_1792.npy,20240125,2560,1792,2560,1913,train
20240125_lidar_tile_2560_2048.npy,20240125,2560,2048,2560,2169,train
20240125_lidar_tile_2560_2304.npy,20240125,2560,2304,2560,2425,train
20240125_lidar_tile_2816_1024.npy,20240125,2816,1024,2816,1145,val
20240125_lidar_tile_2816_1280.npy,20240125,2816,1280,2816,1401,train
20240125_lidar_tile_2816_1536.npy,20240125,2816,1536,2816,1657,train
20240125_lidar_tile_2816_1792.npy,20240125,2816,1792,2816,1913,train
20240213_lidar_tile_256_256.npy,20240213,256,256,256,398,test
20240213_lidar_tile_256_512.npy,20240213,256,512,256,654,test
20240213_lidar_tile_256_768.npy,20240213,256,768,256,910,val
20240213_lidar_tile_256_1024.npy,20240213,256,1024,256,1166,val
20240213_lidar_tile_512_0.npy,20240213,512,0,512,142,test
20240213_lidar_tile_512_256.npy,20240213,512,256,512,398,test
20240213_lidar_tile_512_512.npy,20240213,512,512,512,654,test
20240213_lidar_tile_512_768.npy,20240213,512,768,512,910,val
20240213_lidar_tile_512_1024.npy,20240213,512,1024,512,1166,val
20240213_lidar_tile_512_1280.npy,20240213,512,1280,512,1422,train
20240213_lidar_tile_512_1536.npy,20240213,512,1536,512,1678,train
20240213_lidar_tile_512_1792.npy,20240213,512,1792,512,1934,train
20240213_lidar_tile_512_2048.npy,20240213,512,2048,512,2190,train
20240213_lidar_tile_512_2304.npy,20240213,512,2304,512,2446,train
20240213_lidar_tile_512_2560.npy,20240213,512,2560,512,2702,train
20240213_lidar_tile_768_0.npy,20240213,768,0,768,142,test
20240213_lidar_tile_768_256.npy,20240213,768,256,768,398,test
20240213_lidar_tile_768_512.npy,20240213,768,512,768,654,test
20240213_lidar_tile_768_768.npy,20240213,768,768,768,910,val
20240213_lidar_tile_768_1024.npy,20240213,768,1024,768,1166,val
20240213_lidar_tile_768_1280.npy,20240213,768,1280,768,1422,train
20240213_lidar_tile_768_1536.npy,20240213,768,1536,768,1678,train
20240213_lidar_tile_768_1792.npy,20240213,768,1792,768,1934,train
20240213_lidar_tile_768_2048.npy,20240213,768,2048,768,2190,train
20240213_lidar_tile_768_2304.npy,20240213,768,2304,768,2446,train
20240213_lidar_tile_768_2560.npy,20240213,768,2560,768,2702,train
20240213_lidar_tile_768_2816.npy,20240213,768,2816,768,2958,train
20240213_lidar_tile_1024_0.npy,20240213,1024,0,1024,142,test
20240213_lidar_tile_1024_256.npy,20240213,1024,256,1024,398,test
20240213_lidar_tile_1024_512.npy,20240213,1024,512,1024,654,test
20240213_lidar_tile_1024_768.npy,20240213,1024,768,1024,910,val
20240213_lidar_tile_1024_1024.npy,20240213,1024,1024,1024,1166,val
20240213_lidar_tile_1024_1280.npy,20240213,1024,1280,1024,1422,train
20240213_lidar_tile_1024_1536.npy,20240213,1024,1536,1024,1678,train
20240213_lidar_tile_1024_1792.npy,20240213,1024,1792,1024,1934,train
20240213_lidar_tile_1024_2048.npy,20240213,1024,2048,1024,2190,train
20240213_lidar_tile_1024_2304.npy,20240213,1024,2304,1024,2446,train
20240213_lidar_tile_1024_2560.npy,20240213,1024,2560,1024,2702,train
20240213_lidar_tile_1024_2816.npy,20240213,1024,2816,1024,2958,train
20240213_lidar_tile_1024_3072.npy,20240213,1024,3072,1024,3214,train
20240213_lidar_tile_1280_256.npy,20240213,1280,256,1280,398,test
20240213_lidar_tile_1280_512.npy,20240213,1280,512,1280,654,test
20240213_lidar_tile_1280_768.npy,20240213,1280,768,1280,910,val
20240213_lidar_tile_1280_1024.npy,20240213,1280,1024,1280,1166,val
20240213_lidar_tile_1280_1280.npy,20240213,1280,1280,1280,1422,train
20240213_lidar_tile_1280_1536.npy,20240213,1280,1536,1280,1678,train
20240213_lidar_tile_1280_1792.npy,20240213,1280,1792,1280,1934,train
20240213_lidar_tile_1280_2048.npy,20240213,1280,2048,1280,2190,train
20240213_lidar_tile_1280_2304.npy,20240213,1280,2304,1280,2446,train
20240213_lidar_tile_1280_2560.npy,20240213,1280,2560,1280,2702,train
20240213_lidar_tile_1280_2816.npy,20240213,1280,2816,1280,2958,train
20240213_lidar_tile_1536_768.npy,20240213,1536,768,1536,910,val
20240213_lidar_tile_1536_1024.npy,20240213,1536,1024,1536,1166,val
20240213_lidar_tile_1536_1280.npy,20240213,1536,1280,1536,1422,train
20240213_lidar_tile_1536_1536.npy,20240213,1536,1536,1536,1678,train
20240213_lidar_tile_1536_1792.npy,20240213,1536,1792,1536,1934,train
20240213_lidar_tile_1536_2048.npy,20240213,1536,2048,1536,2190,train
20240213_lidar_tile_1536_2304.npy,20240213,1536,2304,1536,2446,train
20240213_lidar_tile_1536_2560.npy,20240213,1536,2560,1536,2702,train
20240213_lidar_tile_1536_2816.npy,20240213,1536,2816,1536,2958,train
20240213_lidar_tile_1792_768.npy,20240213,1792,768,1792,910,val
20240213_lidar_tile_1792_1024.npy,20240213,1792,1024,1792,1166,val
20240213_lidar_tile_1792_1280.npy,20240213,1792,1280,1792,1422,train
20240213_lidar_tile_1792_1536.npy,20240213,1792,1536,1792,1678,train
20240213_lidar_tile_1792_1792.npy,20240213,1792,1792,1792,1934,train
20240213_lidar_tile_1792_2048.npy,20240213,1792,2048,1792,2190,train
20240213_lidar_tile_1792_2304.npy,20240213,1792,2304,1792,2446,train
20240213_lidar_tile_1792_2560.npy,20240213,1792,2560,1792,2702,train
20240213_lidar_tile_1792_2816.npy,20240213,1792,2816,1792,2958,train
20240213_lidar_tile_2048_768.npy,20240213,2048,768,2048,910,val
20240213_lidar_tile_2048_1024.npy,20240213,2048,1024,2048,1166,val
20240213_lidar_tile_2048_1280.npy,20240213,2048,1280,2048,1422,train
20240213_lidar_tile_2048_1536.npy,20240213,2048,1536,2048,1678,train
20240213_lidar_tile_2048_1792.npy,20240213,2048,1792,2048,1934,train
20240213_lidar_tile_2048_2048.npy,20240213,2048,2048,2048,2190,train
20240213_lidar_tile_2048_2304.npy,20240213,2048,2304,2048,2446,train
20240213_lidar_tile_2048_2560.npy,20240213,2048,2560,2048,2702,train
20240213_lidar_tile_2304_768.npy,20240213,2304,768,2304,910,val
20240213_lidar_tile_2304_1024.npy,20240213,2304,1024,2304,1166,val
20240213_lidar_tile_2304_1280.npy,20240213,2304,1280,2304,1422,train
20240213_lidar_tile_2304_1536.npy,20240213,2304,1536,2304,1678,train
20240213_lidar_tile_2304_1792.npy,20240213,2304,1792,2304,1934,train
20240213_lidar_tile_2304_2048.npy,20240213,2304,2048,2304,2190,train
20240213_lidar_tile_2304_2304.npy,20240213,2304,2304,2304,2446,train
20240213_lidar_tile_2560_768.npy,20240213,2560,768,2560,910,val
20240213_lidar_tile_2560_1024.npy,20240213,2560,1024,2560,1166,val
20240213_lidar_tile_2560_1280.npy,20240213,2560,1280,2560,1422,train
20240213_lidar_tile_2560_1536.npy,20240213,2560,1536,2560,1678,train
20240213_lidar_tile_2560_1792.npy,20240213,2560,1792,2560,1934,train
20240213_lidar_tile_2560_2048.npy,20240213,2560,2048,2560,2190,train
20240213_lidar_tile_2560_2304.npy,20240213,2560,2304,2560,2446,train
20240213_lidar_tile_2816_1024.npy,20240213,2816,1024,2816,1166,val
20240213_lidar_tile_2816_1280.npy,20240213,2816,1280,2816,1422,train
20240213_lidar_tile_2816_1536.npy,20240213,2816,1536,2816,1678,train
20240213_lidar_tile_2816_1792.npy,20240213,2816,1792,2816,1934,train
20240307_lidar_tile_0_768.npy,20240307,0,768,336,771,val
20240307_lidar_tile_0_1024.npy,20240307,0,1024,336,1027,val
20240307_lidar_tile_256_512.npy,20240307,256,512,592,515,test
20240307_lidar_tile_256_768.npy,20240307,256,768,592,771,val
20240307_lidar_tile_256_1024.npy,20240307,256,1024,592,1027,val
20240307_lidar_tile_256_1280.npy,20240307,256,1280,592,1283,train
20240307_lidar_tile_256_1536.npy,20240307,256,1536,592,1539,train
20240307_lidar_tile_256_1792.npy,20240307,256,1792,592,1795,train
20240307_lidar_tile_256_2048.npy,20240307,256,2048,592,2051,train
20240307_lidar_tile_256_2304.npy,20240307,256,2304,592,2307,train
20240307_lidar_tile_256_2560.npy,20240307,256,2560,592,2563,train
20240307_lidar_tile_512_256.npy,20240307,512,256,848,259,test
20240307_lidar_tile_512_512.npy,20240307,512,512,848,515,test
20240307_lidar_tile_512_768.npy,20240307,512,768,848,771,val
20240307_lidar_tile_512_1024.npy,20240307,512,1024,848,1027,val
20240307_lidar_tile_512_1280.npy,20240307,512,1280,848,1283,train
20240307_lidar_tile_512_1536.npy,20240307,512,1536,848,1539,train
20240307_lidar_tile_512_1792.npy,20240307,512,1792,848,1795,train
20240307_lidar_tile_512_2304.npy,20240307,512,2304,848,2307,train
20240307_lidar_tile_512_2560.npy,20240307,512,2560,848,2563,train
20240307_lidar_tile_768_256.npy,20240307,768,256,1104,259,test
20240307_lidar_tile_768_512.npy,20240307,768,512,1104,515,test
20240307_lidar_tile_768_768.npy,20240307,768,768,1104,771,val
20240307_lidar_tile_768_1024.npy,20240307,768,1024,1104,1027,val
20240307_lidar_tile_768_1280.npy,20240307,768,1280,1104,1283,train
20240307_lidar_tile_768_1536.npy,20240307,768,1536,1104,1539,train
20240307_lidar_tile_768_1792.npy,20240307,768,1792,1104,1795,train
20240307_lidar_tile_768_2048.npy,20240307,768,2048,1104,2051,train
20240307_lidar_tile_768_2304.npy,20240307,768,2304,1104,2307,train
20240307_lidar_tile_768_2560.npy,20240307,768,2560,1104,2563,train
20240307_lidar_tile_1024_768.npy,20240307,1024,768,1360,771,val
20240307_lidar_tile_1024_1024.npy,20240307,1024,1024,1360,1027,val
20240307_lidar_tile_1024_1280.npy,20240307,1024,1280,1360,1283,train
20240307_lidar_tile_1024_1536.npy,20240307,1024,1536,1360,1539,train
20240307_lidar_tile_1024_1792.npy,20240307,1024,1792,1360,1795,train
20240307_lidar_tile_1024_2048.npy,20240307,1024,2048,1360,2051,train
20240307_lidar_tile_1024_2304.npy,20240307,1024,2304,1360,2307,train
20240307_lidar_tile_1280_1280.npy,20240307,1280,1280,1616,1283,train
20240307_lidar_tile_1280_1536.npy,20240307,1280,1536,1616,1539,train
20240307_lidar_tile_1280_1792.npy,20240307,1280,1792,1616,1795,train
20240307_lidar_tile_1280_2048.npy,20240307,1280,2048,1616,2051,train
20240307_lidar_tile_1280_2304.npy,20240307,1280,2304,1616,2307,train
20240307_lidar_tile_1536_1280.npy,20240307,1536,1280,1872,1283,train
20240307_lidar_tile_1536_1536.npy,20240307,1536,1536,1872,1539,train
20240307_lidar_tile_1536_1792.npy,20240307,1536,1792,1872,1795,train
20240307_lidar_tile_1536_2048.npy,20240307,1536,2048,1872,2051,train
20240307_lidar_tile_1792_1280.npy,20240307,1792,1280,2128,1283,train
20240307_lidar_tile_1792_1536.npy,20240307,1792,1536,2128,1539,train
20240307_lidar_tile_1792_1792.npy,20240307,1792,1792,2128,1795,train
20240307_lidar_tile_1792_2048.npy,20240307,1792,2048,2128,2051,train
20240307_lidar_tile_2048_1536.npy,20240307,2048,1536,2384,1539,train
20240307_lidar_tile_2048_1792.npy,20240307,2048,1792,2384,1795,train
20240314_lidar_tile_0_768.npy,20240314,0,768,336,771,val
20240314_lidar_tile_0_1024.npy,20240314,0,1024,336,1027,val
20240314_lidar_tile_256_512.npy,20240314,256,512,592,515,test
20240314_lidar_tile_256_768.npy,20240314,256,768,592,771,val
20240314_lidar_tile_256_1024.npy,20240314,256,1024,592,1027,val
20240314_lidar_tile_256_1280.npy,20240314,256,1280,592,1283,train
20240314_lidar_tile_256_1536.npy,20240314,256,1536,592,1539,train
20240314_lidar_tile_256_1792.npy,20240314,256,1792,592,1795,train
20240314_lidar_tile_256_2048.npy,20240314,256,2048,592,2051,train
20240314_lidar_tile_256_2304.npy,20240314,256,2304,592,2307,train
20240314_lidar_tile_256_2560.npy,20240314,256,2560,592,2563,train
20240314_lidar_tile_512_256.npy,20240314,512,256,848,259,test
20240314_lidar_tile_512_512.npy,20240314,512,512,848,515,test
20240314_lidar_tile_512_768.npy,20240314,512,768,848,771,val
20240314_lidar_tile_512_1024.npy,20240314,512,1024,848,1027,val
20240314_lidar_tile_512_1280.npy,20240314,512,1280,848,1283,train
20240314_lidar_tile_512_1536.npy,20240314,512,1536,848,1539,train
20240314_lidar_tile_512_1792.npy,20240314,512,1792,848,1795,train
20240314_lidar_tile_512_2304.npy,20240314,512,2304,848,2307,train
20240314_lidar_tile_512_2560.npy,20240314,512,2560,848,2563,train
20240314_lidar_tile_768_256.npy,20240314,768,256,1104,259,test
20240314_lidar_tile_768_512.npy,20240314,768,512,1104,515,test
20240314_lidar_tile_768_768.npy,20240314,768,768,1104,771,val
20240314_lidar_tile_768_1024.npy,20240314,768,1024,1104,1027,val
20240314_lidar_tile_768_1280.npy,20240314,768,1280,1104,1283,train
20240314_lidar_tile_768_1536.npy,20240314,768,1536,1104,1539,train
20240314_lidar_tile_768_1792.npy,20240314,768,1792,1104,1795,train
20240314_lidar_tile_768_2048.npy,20240314,768,2048,1104,2051,train
20240314_lidar_tile_768_2304.npy,20240314,768,2304,1104,2307,train
20240314_lidar_tile_768_2560.npy,20240314,768,2560,1104,2563,train
20240314_lidar_tile_1024_768.npy,20240314,1024,768,1360,771,val
20240314_lidar_tile_1024_1024.npy,20240314,1024,1024,1360,1027,val
20240314_lidar_tile_1024_1280.npy,20240314,1024,1280,1360,1283,train
20240314_lidar_tile_1024_1536.npy,20240314,1024,1536,1360,1539,train
20240314_lidar_tile_1024_1792.npy,20240314,1024,1792,1360,1795,train
20240314_lidar_tile_1024_2048.npy,20240314,1024,2048,1360,2051,train
20240314_lidar_tile_1024_2304.npy,20240314,1024,2304,1360,2307,train
20240314_lidar_tile_1280_1280.npy,20240314,1280,1280,1616,1283,train
20240314_lidar_tile_1280_1536.npy,20240314,1280,1536,1616,1539,train
20240314_lidar_tile_1280_1792.npy,20240314,1280,1792,1616,1795,train
20240314_lidar_tile_1280_2048.npy,20240314,1280,2048,1616,2051,train
20240314_lidar_tile_1280_2304.npy,20240314,1280,2304,1616,2307,train
20240314_lidar_tile_1536_1280.npy,20240314,1536,1280,1872,1283,train
20240314_lidar_tile_1536_1536.npy,20240314,1536,1536,1872,1539,train
20240314_lidar_tile_1536_1792.npy,20240314,1536,1792,1872,1795,train
20240314_lidar_tile_1536_2048.npy,20240314,1536,2048,1872,2051,train
20240314_lidar_tile_1792_1280.npy,20240314,1792,1280,2128,1283,train
20240314_lidar_tile_1792_1536.npy,20240314,1792,1536,2128,1539,train
20240314_lidar_tile_1792_1792.npy,20240314,1792,1792,2128,1795,train
20240314_lidar_tile_1792_2048.npy,20240314,1792,2048,2128,2051,train
20240314_lidar_tile_2048_1536.npy,20240314,2048,1536,2384,1539,train
20240314_lidar_tile_2048_1792.npy,20240314,2048,1792,2384,1795,train
20240405_lidar_tile_256_256.npy,20240405,256,256,611,1101,test
20240405_lidar_tile_256_512.npy,20240405,256,512,611,1357,test
20240405_lidar_tile_256_768.npy,20240405,256,768,611,1613,val
20240405_lidar_tile_256_1024.npy,20240405,256,1024,611,1869,val
20240405_lidar_tile_256_1280.npy,20240405,256,1280,611,2125,train
20240405_lidar_tile_512_0.npy,20240405,512,0,867,845,test
20240405_lidar_tile_512_256.npy,20240405,512,256,867,1101,test
20240405_lidar_tile_512_512.npy,20240405,512,512,867,1357,test
20240405_lidar_tile_512_768.npy,20240405,512,768,867,1613,val
20240405_lidar_tile_512_1024.npy,20240405,512,1024,867,1869,val
20240405_lidar_tile_512_1280.npy,20240405,512,1280,867,2125,train
20240405_lidar_tile_768_0.npy,20240405,768,0,1123,845,test
20240405_lidar_tile_768_256.npy,20240405,768,256,1123,1101,test
20240405_lidar_tile_768_512.npy,20240405,768,512,1123,1357,test
20240405_lidar_tile_768_768.npy,20240405,768,768,1123,1613,val
20240405_lidar_tile_768_1024.npy,20240405,768,1024,1123,1869,val
20240405_lidar_tile_768_1280.npy,20240405,768,1280,1123,2125,train
20240405_lidar_tile_768_1536.npy,20240405,768,1536,1123,2381,train
20240405_lidar_tile_1024_0.npy,20240405,1024,0,1379,845,test
20240405_lidar_tile_1024_256.npy,20240405,1024,256,1379,1101,test
20240405_lidar_tile_1024_512.npy,20240405,1024,512,1379,1357,test
20240405_lidar_tile_1024_768.npy,20240405,1024,768,1379,1613,val
20240405_lidar_tile_1024_1024.npy,20240405,1024,1024,1379,1869,val
20240405_lidar_tile_1024_1280.npy,20240405,1024,1280,1379,2125,train
20240405_lidar_tile_1280_256.npy,20240405,1280,256,1635,1101,test
20240405_lidar_tile_1280_512.npy,20240405,1280,512,1635,1357,test
20240405_lidar_tile_1280_768.npy,20240405,1280,768,1635,1613,val
20240405_lidar_tile_1280_1024.npy,20240405,1280,1024,1635,1869,val
20240405_lidar_tile_1536_768.npy,20240405,1536,768,1891,1613,val
20240508_lidar_tile_0_512.npy,20240508,0,512,170,511,test
20240508_lidar_tile_0_768.npy,20240508,0,768,170,767,val
20240508_lidar_tile_0_1024.npy,20240508,0,1024,170,1023,val
20240508_lidar_tile_256_256.npy,20240508,256,256,426,255,test
20240508_lidar_tile_256_512.npy,20240508,256,512,426,511,test
20240508_lidar_tile_256_768.npy,20240508,256,768,426,767,val
20240508_lidar_tile_256_1024.npy,20240508,256,1024,426,1023,val
20240508_lidar_tile_256_1280.npy,20240508,256,1280,426,1279,train
20240508_lidar_tile_512_256.npy,20240508,512,256,682,255,test
20240508_lidar_tile_512_512.npy,20240508,512,512,682,511,test
20240508_lidar_tile_512_768.npy,20240508,512,768,682,767,val
20240508_lidar_tile_512_1024.npy,20240508,512,1024,682,1023,val
20240508_lidar_tile_512_1280.npy,20240508,512,1280,682,1279,train
20240508_lidar_tile_512_1536.npy,20240508,512,1536,682,1535,train
20240508_lidar_tile_512_1792.npy,20240508,512,1792,682,1791,train
20240508_lidar_tile_512_2048.npy,20240508,512,2048,682,2047,train
20240508_lidar_tile_768_256.npy,20240508,768,256,938,255,test
20240508_lidar_tile_768_512.npy,20240508,768,512,938,511,test
20240508_lidar_tile_768_768.npy,20240508,768,768,938,767,val
20240508_lidar_tile_768_1024.npy,20240508,768,1024,938,1023,val
20240508_lidar_tile_768_1280.npy,20240508,768,1280,938,1279,train
20240508_lidar_tile_768_1536.npy,20240508,768,1536,938,1535,train
20240508_lidar_tile_768_1792.npy,20240508,768,1792,938,1791,train
20240508_lidar_tile_768_2304.npy,20240508,768,2304,938,2303,train
20240508_lidar_tile_768_2560.npy,20240508,768,2560,938,2559,train
20240508_lidar_tile_1024_256.npy,20240508,1024,256,1194,255,test
20240508_lidar_tile_1024_512.npy,20240508,1024,512,1194,511,test
20240508_lidar_tile_1024_768.npy,20240508,1024,768,1194,767,val
20240508_lidar_tile_1024_1024.npy,20240508,1024,1024,1194,1023,val
20240508_lidar_tile_1024_1280.npy,20240508,1024,1280,1194,1279,train
20240508_lidar_tile_1024_1536.npy,20240508,1024,1536,1194,1535,train
20240508_lidar_tile_1024_1792.npy,20240508,1024,1792,1194,1791,train
20240508_lidar_tile_1280_768.npy,20240508,1280,768,1450,767,val
20240508_lidar_tile_1280_1024.npy,20240508,1280,1024,1450,1023,val
20240508_lidar_tile_1280_1280.npy,20240508,1280,1280,1450,1279,train
20240508_lidar_tile_1280_1536.npy,20240508,1280,1536,1450,1535,train
20240508_lidar_tile_1280_1792.npy,20240508,1280,1792,1450,1791,train
20240508_lidar_tile_1280_2048.npy,20240508,1280,2048,1450,2047,train
20240508_lidar_tile_1280_2304.npy,20240508,1280,2304,1450,2303,train
20240508_lidar_tile_1280_2560.npy,20240508,1280,2560,1450,2559,train
20240508_lidar_tile_1280_2816.npy,20240508,1280,2816,1450,2815,train
20240508_lidar_tile_1536_768.npy,20240508,1536,768,1706,767,val
20240508_lidar_tile_1536_1024.npy,20240508,1536,1024,1706,1023,val
20240508_lidar_tile_1536_1280.npy,20240508,1536,1280,1706,1279,train
20240508_lidar_tile_1536_1536.npy,20240508,1536,1536,1706,1535,train
20240508_lidar_tile_1536_1792.npy,20240508,1536,1792,1706,1791,train
20240508_lidar_tile_1536_2048.npy,20240508,1536,2048,1706,2047,train
20240508_lidar_tile_1536_2304.npy,20240508,1536,2304,1706,2303,train
20240508_lidar_tile_1536_2560.npy,20240508,1536,2560,1706,2559,train
20240508_lidar_tile_1792_1024.npy,20240508,1792,1024,1962,1023,val
20240508_lidar_tile_1792_1280.npy,20240508,1792,1280,1962,1279,train
20240508_lidar_tile_1792_1536.npy,20240508,1792,1536,1962,1535,train
20240508_lidar_tile_1792_1792.npy,20240508,1792,1792,1962,1791,train
20240508_lidar_tile_1792_2048.npy,20240508,1792,2048,1962,2047,train
20240508_lidar_tile_2048_1024.npy,20240508,2048,1024,2218,1023,val
20240508_lidar_tile_2048_1280.npy,20240508,2048,1280,2218,1279,train
20240508_lidar_tile_2048_1536.npy,20240508,2048,1536,2218,1535,train
20240508_lidar_tile_2048_1792.npy,20240508,2048,1792,2218,1791,train
20240508_lidar_tile_2048_2048.npy,20240508,2048,2048,2218,2047,train
20240508_lidar_tile_2048_2304.npy,20240508,2048,2304,2218,2303,train
20240508_lidar_tile_2048_2560.npy,20240508,2048,2560,2218,2559,train
20240508_lidar_tile_2304_768.npy,20240508,2304,768,2474,767,val
20240508_lidar_tile_2304_1024.npy,20240508,2304,1024,2474,1023,val
20240508_lidar_tile_2304_1280.npy,20240508,2304,1280,2474,1279,train
20240508_lidar_tile_2304_1536.npy,20240508,2304,1536,2474,1535,train
20240508_lidar_tile_2304_1792.npy,20240508,2304,1792,2474,1791,train
20240508_lidar_tile_2304_2048.npy,20240508,2304,2048,2474,2047,train
20240508_lidar_tile_2304_2304.npy,20240508,2304,2304,2474,2303,train
20240508_lidar_tile_2560_768.npy,20240508,2560,768,2730,767,val
20240508_lidar_tile_2560_1024.npy,20240508,2560,1024,2730,1023,val
20240508_lidar_tile_2560_1280.npy,20240508,2560,1280,2730,1279,train
20240508_lidar_tile_2560_1536.npy,20240508,2560,1536,2730,1535,train
20240508_lidar_tile_2560_1792.npy,20240508,2560,1792,2730,1791,train
20240508_lidar_tile_2560_2048.npy,20240508,2560,2048,2730,2047,train
20240508_lidar_tile_2816_1024.npy,20240508,2816,1024,2986,1023,val
20240605_lidar_tile_0_512.npy,20240605,0,512,146,566,test
20240605_lidar_tile_0_768.npy,20240605,0,768,146,822,val
20240605_lidar_tile_256_512.npy,20240605,256,512,402,566,test
20240605_lidar_tile_256_768.npy,20240605,256,768,402,822,val
20240605_lidar_tile_256_1024.npy,20240605,256,1024,402,1078,val
20240605_lidar_tile_512_256.npy,20240605,512,256,658,310,test
20240605_lidar_tile_512_512.npy,20240605,512,512,658,566,test
20240605_lidar_tile_512_768.npy,20240605,512,768,658,822,val
20240605_lidar_tile_512_1024.npy,20240605,512,1024,658,1078,val
20240605_lidar_tile_512_1280.npy,20240605,512,1280,658,1334,train
20240605_lidar_tile_512_1536.npy,20240605,512,1536,658,1590,train
20240605_lidar_tile_512_1792.npy,20240605,512,1792,658,1846,train
20240605_lidar_tile_512_2048.npy,20240605,512,2048,658,2102,train
20240605_lidar_tile_768_256.npy,20240605,768,256,914,310,test
20240605_lidar_tile_768_512.npy,20240605,768,512,914,566,test
20240605_lidar_tile_768_768.npy,20240605,768,768,914,822,val
20240605_lidar_tile_768_1024.npy,20240605,768,1024,914,1078,val
20240605_lidar_tile_768_1280.npy,20240605,768,1280,914,1334,train
20240605_lidar_tile_768_1536.npy,20240605,768,1536,914,1590,train
20240605_lidar_tile_768_1792.npy,20240605,768,1792,914,1846,train
20240605_lidar_tile_1024_256.npy,20240605,1024,256,1170,310,test
20240605_lidar_tile_1024_512.npy,20240605,1024,512,1170,566,test
20240605_lidar_tile_1024_768.npy,20240605,1024,768,1170,822,val
20240605_lidar_tile_1024_1024.npy,20240605,1024,1024,1170,1078,val
20240605_lidar_tile_1024_1280.npy,20240605,1024,1280,1170,1334,train
20240605_lidar_tile_1024_1536.npy,20240605,1024,1536,1170,1590,train
20240605_lidar_tile_1024_1792.npy,20240605,1024,1792,1170,1846,train
20240605_lidar_tile_1024_2048.npy,20240605,1024,2048,1170,2102,train
20240605_lidar_tile_1280_768.npy,20240605,1280,768,1426,822,val
20240605_lidar_tile_1280_1024.npy,20240605,1280,1024,1426,1078,val
20240605_lidar_tile_1280_1280.npy,20240605,1280,1280,1426,1334,train
20240605_lidar_tile_1280_1536.npy,20240605,1280,1536,1426,1590,train
20240605_lidar_tile_1280_1792.npy,20240605,1280,1792,1426,1846,train
20250317_lidar_tile_0_256.npy,20250317,0,256,66,432,test
20250317_lidar_tile_0_512.npy,20250317,0,512,66,688,test
20250317_lidar_tile_256_256.npy,20250317,256,256,322,432,test
20250317_lidar_tile_256_512.npy,20250317,256,512,322,688,test
20250317_lidar_tile_256_768.npy,20250317,256,768,322,944,val
20250317_lidar_tile_256_1024.npy,20250317,256,1024,322,1200,val
20250317_lidar_tile_512_0.npy,20250317,512,0,578,176,test
20250317_lidar_tile_512_256.npy,20250317,512,256,578,432,test
20250317_lidar_tile_512_512.npy,20250317,512,512,578,688,test
20250317_lidar_tile_512_768.npy,20250317,512,768,578,944,val
20250317_lidar_tile_512_1024.npy,20250317,512,1024,578,1200,val
20250317_lidar_tile_512_1280.npy,20250317,512,1280,578,1456,train
20250317_lidar_tile_512_1536.npy,20250317,512,1536,578,1712,train
20250317_lidar_tile_512_1792.npy,20250317,512,1792,578,1968,train
20250317_lidar_tile_768_0.npy,20250317,768,0,834,176,test
20250317_lidar_tile_768_256.npy,20250317,768,256,834,432,test
20250317_lidar_tile_768_512.npy,20250317,768,512,834,688,test
20250317_lidar_tile_768_768.npy,20250317,768,768,834,944,val
20250317_lidar_tile_768_1024.npy,20250317,768,1024,834,1200,val
20250317_lidar_tile_768_1280.npy,20250317,768,1280,834,1456,train
20250317_lidar_tile_768_1536.npy,20250317,768,1536,834,1712,train
20250317_lidar_tile_768_2048.npy,20250317,768,2048,834,2224,train
20250317_lidar_tile_1024_0.npy,20250317,1024,0,1090,176,test
20250317_lidar_tile_1024_256.npy,20250317,1024,256,1090,432,test
20250317_lidar_tile_1024_512.npy,20250317,1024,512,1090,688,test
20250317_lidar_tile_1024_768.npy,20250317,1024,768,1090,944,val
20250317_lidar_tile_1024_1024.npy,20250317,1024,1024,1090,1200,val
20250317_lidar_tile_1024_1280.npy,20250317,1024,1280,1090,1456,train
20250317_lidar_tile_1024_1536.npy,20250317,1024,1536,1090,1712,train
20250317_lidar_tile_1024_1792.npy,20250317,1024,1792,1090,1968,train
20250317_lidar_tile_1024_2048.npy,20250317,1024,2048,1090,2224,train
20250317_lidar_tile_1280_512.npy,20250317,1280,512,1346,688,test
20250317_lidar_tile_1280_768.npy,20250317,1280,768,1346,944,val
20250317_lidar_tile_1280_1024.npy,20250317,1280,1024,1346,1200,val
20250317_lidar_tile_1280_1280.npy,20250317,1280,1280,1346,1456,train
20250317_lidar_tile_1280_1536.npy,20250317,1280,1536,1346,1712,train
20250317_lidar_tile_1280_1792.npy,20250317,1280,1792,1346,1968,train
20250317_lidar_tile_1536_1024.npy,20250317,1536,1024,1602,1200,val
20250317_lidar_tile_1536_1280.npy,20250317,1536,1280,1602,1456,train
20250317_lidar_tile_1536_1536.npy,20250317,1536,1536,1602,1712,train
20250317_lidar_tile_1536_1792.npy,20250317,1536,1792,1602,1968,train
20250317_lidar_tile_1536_2048.npy,20250317,1536,2048,1602,2224,train
20250317_lidar_tile_1792_1280.npy,20250317,1792,1280,1858,1456,train
20250317_lidar_tile_1792_1536.npy,20250317,1792,1536,1858,1712,train
20250317_lidar_tile_1792_1792.npy,20250317,1792,1792,1858,1968,train
20250317_lidar_tile_1792_2048.npy,20250317,1792,2048,1858,2224,train
20250317_lidar_tile_2048_1024.npy,20250317,2048,1024,2114,1200,val
20250317_lidar_tile_2048_1280.npy,20250317,2048,1280,2114,1456,train
20250317_lidar_tile_2048_1536.npy,20250317,2048,1536,2114,1712,train
20250317_lidar_tile_2048_1792.npy,20250317,2048,1792,2114,1968,train
20250317_lidar_tile_2048_2048.npy,20250317,2048,2048,2114,2224,train
20250317_lidar_tile_2304_1024.npy,20250317,2304,1024,2370,1200,val
20250317_lidar_tile_2304_1280.npy,20250317,2304,1280,2370,1456,train
20250317_lidar_tile_2304_1536.npy,20250317,2304,1536,2370,1712,train
20250317_lidar_tile_2304_1792.npy,20250317,2304,1792,2370,1968,train
20250317_lidar_tile_2560_1280.npy,20250317,2560,1280,2626,1456,train
20250317_lidar_tile_2560_1536.npy,20250317,2560,1536,2626,1712,train
20250327_lidar_tile_0_512.npy,20250327,0,512,64,541,test
20250327_lidar_tile_0_768.npy,20250327,0,768,64,797,val
20250327_lidar_tile_256_256.npy,20250327,256,256,320,285,test
20250327_lidar_tile_256_512.npy,20250327,256,512,320,541,test
20250327_lidar_tile_256_768.npy,20250327,256,768,320,797,val
20250327_lidar_tile_256_1024.npy,20250327,256,1024,320,1053,val
20250327_lidar_tile_512_256.npy,20250327,512,256,576,285,test
20250327_lidar_tile_512_512.npy,20250327,512,512,576,541,test
20250327_lidar_tile_512_768.npy,20250327,512,768,576,797,val
20250327_lidar_tile_512_1024.npy,20250327,512,1024,576,1053,val
20250327_lidar_tile_512_1280.npy,20250327,512,1280,576,1309,train
20250327_lidar_tile_512_1536.npy,20250327,512,1536,576,1565,train
20250327_lidar_tile_512_1792.npy,20250327,512,1792,576,1821,train
20250327_lidar_tile_512_2048.npy,20250327,512,2048,576,2077,train
20250327_lidar_tile_768_0.npy,20250327,768,0,832,29,test
20250327_lidar_tile_768_256.npy,20250327,768,256,832,285,test
20250327_lidar_tile_768_512.npy,20250327,768,512,832,541,test
20250327_lidar_tile_768_768.npy,20250327,768,768,832,797,val
20250327_lidar_tile_768_1024.npy,20250327,768,1024,832,1053,val
20250327_lidar_tile_768_1280.npy,20250327,768,1280,832,1309,train
20250327_lidar_tile_768_1536.npy,20250327,768,1536,832,1565,train
20250327_lidar_tile_768_1792.npy,20250327,768,1792,832,1821,train
20250327_lidar_tile_768_2304.npy,20250327,768,2304,832,2333,train
20250327_lidar_tile_768_2560.npy,20250327,768,2560,832,2589,train
20250327_lidar_tile_1024_256.npy,20250327,1024,256,1088,285,test
20250327_lidar_tile_1024_512.npy,20250327,1024,512,1088,541,test
20250327_lidar_tile_1024_768.npy,20250327,1024,768,1088,797,val
20250327_lidar_tile_1024_1024.npy,20250327,1024,1024,1088,1053,val
20250327_lidar_tile_1024_1280.npy,20250327,1024,1280,1088,1309,train
20250327_lidar_tile_1024_1536.npy,20250327,1024,1536,1088,1565,train
20250327_lidar_tile_1024_1792.npy,20250327,1024,1792,1088,1821,train
20250327_lidar_tile_1024_2048.npy,20250327,1024,2048,1088,2077,train
20250327_lidar_tile_1024_2304.npy,20250327,1024,2304,1088,2333,train
20250327_lidar_tile_1024_2560.npy,20250327,1024,2560,1088,2589,train
20250327_lidar_tile_1024_2816.npy,20250327,1024,2816,1088,2845,train
20250327_lidar_tile_1280_768.npy,20250327,1280,768,1344,797,val
20250327_lidar_tile_1280_1024.npy,20250327,1280,1024,1344,1053,val
20250327_lidar_tile_1280_1280.npy,20250327,1280,1280,1344,1309,train
20250327_lidar_tile_1280_1536.npy,20250327,1280,1536,1344,1565,train
20250327_lidar_tile_1280_1792.npy,20250327,1280,1792,1344,1821,train
20250327_lidar_tile_1280_2048.npy,20250327,1280,2048,1344,2077,train
20250327_lidar_tile_1280_2304.npy,20250327,1280,2304,1344,2333,train
20250327_lidar_tile_1280_2560.npy,20250327,1280,2560,1344,2589,train
20250327_lidar_tile_1280_2816.npy,20250327,1280,2816,1344,2845,train
20250327_lidar_tile_1536_768.npy,20250327,1536,768,1600,797,val
20250327_lidar_tile_1536_1024.npy,20250327,1536,1024,1600,1053,val
20250327_lidar_tile_1536_1280.npy,20250327,1536,1280,1600,1309,train
20250327_lidar_tile_1536_1536.npy,20250327,1536,1536,1600,1565,train
20250327_lidar_tile_1536_1792.npy,20250327,1536,1792,1600,1821,train
20250327_lidar_tile_1536_2048.npy,20250327,1536,2048,1600,2077,train
20250327_lidar_tile_1536_2304.npy,20250327,1536,2304,1600,2333,train
20250327_lidar_tile_1536_2560.npy,20250327,1536,2560,1600,2589,train
20250327_lidar_tile_1536_2816.npy,20250327,1536,2816,1600,2845,train
20250327_lidar_tile_1792_768.npy,20250327,1792,768,1856,797,val
20250327_lidar_tile_1792_1024.npy,20250327,1792,1024,1856,1053,val
20250327_lidar_tile_1792_1280.npy,20250327,1792,1280,1856,1309,train
20250327_lidar_tile_1792_1536.npy,20250327,1792,1536,1856,1565,train
20250327_lidar_tile_1792_1792.npy,20250327,1792,1792,1856,1821,train
20250327_lidar_tile_1792_2048.npy,20250327,1792,2048,1856,2077,train
20250327_lidar_tile_1792_2304.npy,20250327,1792,2304,1856,2333,train
20250327_lidar_tile_1792_2560.npy,20250327,1792,2560,1856,2589,train
20250327_lidar_tile_1792_2816.npy,20250327,1792,2816,1856,2845,train
20250327_lidar_tile_2048_768.npy,20250327,2048,768,2112,797,val
20250327_lidar_tile_2048_1024.npy,20250327,2048,1024,2112,1053,val
20250327_lidar_tile_2048_1280.npy,20250327,2048,1280,2112,1309,train
20250327_lidar_tile_2048_1536.npy,20250327,2048,1536,2112,1565,train
20250327_lidar_tile_2048_1792.npy,20250327,2048,1792,2112,1821,train
20250327_lidar_tile_2048_2048.npy,20250327,2048,2048,2112,2077,train
20250327_lidar_tile_2048_2304.npy,20250327,2048,2304,2112,2333,train
20250327_lidar_tile_2048_2560.npy,20250327,2048,2560,2112,2589,train
20250327_lidar_tile_2304_768.npy,20250327,2304,768,2368,797,val
20250327_lidar_tile_2304_1024.npy,20250327,2304,1024,2368,1053,val
20250327_lidar_tile_2304_1280.npy,20250327,2304,1280,2368,1309,train
20250327_lidar_tile_2304_1536.npy,20250327,2304,1536,2368,1565,train
20250327_lidar_tile_2304_1792.npy,20250327,2304,1792,2368,1821,train
20250327_lidar_tile_2304_2048.npy,20250327,2304,2048,2368,2077,train
20250327_lidar_tile_2304_2304.npy,20250327,2304,2304,2368,2333,train
20250327_lidar_tile_2560_768.npy,20250327,2560,768,2624,797,val
20250327_lidar_tile_2560_1024.npy,20250327,2560,1024,2624,1053,val
20250327_lidar_tile_2560_1280.npy,20250327,2560,1280,2624,1309,train
20250327_lidar_tile_2560_1536.npy,20250327,2560,1536,2624,1565,train
20250327_lidar_tile_2560_1792.npy,20250327,2560,1792,2624,1821,train
20250327_lidar_tile_2560_2048.npy,20250327,2560,2048,2624,2077,train
20250327_lidar_tile_2560_2304.npy,20250327,2560,2304,2624,2333,train
20250327_lidar_tile_2816_1024.npy,20250327,2816,1024,2880,1053,val
20250327_lidar_tile_2816_1280.npy,20250327,2816,1280,2880,1309,train
20250327_lidar_tile_2816_1536.npy,20250327,2816,1536,2880,1565,train
20250401_lidar_tile_0_256.npy,20250401,0,256,333,1131,test
20250401_lidar_tile_256_256.npy,20250401,256,256,589,1131,test
20250401_lidar_tile_256_512.npy,20250401,256,512,589,1387,test
20250401_lidar_tile_256_768.npy,20250401,256,768,589,1643,val
20250401_lidar_tile_256_1024.npy,20250401,256,1024,589,1899,val
20250401_lidar_tile_256_1280.npy,20250401,256,1280,589,2155,train
20250401_lidar_tile_512_0.npy,20250401,512,0,845,875,test
20250401_lidar_tile_512_256.npy,20250401,512,256,845,1131,test
20250401_lidar_tile_512_512.npy,20250401,512,512,845,1387,test
20250401_lidar_tile_512_768.npy,20250401,512,768,845,1643,val
20250401_lidar_tile_512_1024.npy,20250401,512,1024,845,1899,val
20250401_lidar_tile_512_1280.npy,20250401,512,1280,845,2155,train
20250401_lidar_tile_768_0.npy,20250401,768,0,1101,875,test
20250401_lidar_tile_768_256.npy,20250401,768,256,1101,1131,test
20250401_lidar_tile_768_512.npy,20250401,768,512,1101,1387,test
20250401_lidar_tile_768_768.npy,20250401,768,768,1101,1643,val
20250401_lidar_tile_768_1024.npy,20250401,768,1024,1101,1899,val
20250401_lidar_tile_768_1280.npy,20250401,768,1280,1101,2155,train
20250401_lidar_tile_1024_0.npy,20250401,1024,0,1357,875,test
20250401_lidar_tile_1024_256.npy,20250401,1024,256,1357,1131,test
20250401_lidar_tile_1024_512.npy,20250401,1024,512,1357,1387,test
20250401_lidar_tile_1024_768.npy,20250401,1024,768,1357,1643,val
20250401_lidar_tile_1024_1024.npy,20250401,1024,1024,1357,1899,val
20250424_lidar_tile_0_256.npy,20250424,0,256,421,1170,test
20250424_lidar_tile_256_0.npy,20250424,256,0,677,914,test
20250424_lidar_tile_256_256.npy,20250424,256,256,677,1170,test
20250424_lidar_tile_256_512.npy,20250424,256,512,677,1426,test
20250424_lidar_tile_256_768.npy,20250424,256,768,677,1682,val
20250424_lidar_tile_256_1024.npy,20250424,256,1024,677,1938,val
20250424_lidar_tile_256_1280.npy,20250424,256,1280,677,2194,train
20250424_lidar_tile_512_0.npy,20250424,512,0,933,914,test
20250424_lidar_tile_512_256.npy,20250424,512,256,933,1170,test
20250424_lidar_tile_512_512.npy,20250424,512,512,933,1426,test
20250424_lidar_tile_512_768.npy,20250424,512,768,933,1682,val
20250424_lidar_tile_512_1280.npy,20250424,512,1280,933,2194,train
20250424_lidar_tile_768_0.npy,20250424,768,0,1189,914,test
20250424_lidar_tile_768_256.npy,20250424,768,256,1189,1170,test
20250424_lidar_tile_768_512.npy,20250424,768,512,1189,1426,test
20250424_lidar_tile_768_768.npy,20250424,768,768,1189,1682,val
20250424_lidar_tile_768_1024.npy,20250424,768,1024,1189,1938,val
20250424_lidar_tile_768_1280.npy,20250424,768,1280,1189,2194,train
20250424_lidar_tile_1024_0.npy,20250424,1024,0,1445,914,test
20250424_lidar_tile_1024_256.npy,20250424,1024,256,1445,1170,test
20250424_lidar_tile_1024_512.npy,20250424,1024,512,1445,1426,test
20250424_lidar_tile_1024_768.npy,20250424,1024,768,1445,1682,val
20250424_lidar_tile_1024_1024.npy,20250424,1024,1024,1445,1938,val
20250521_lidar_tile_0_512.npy,20250521,0,512,55,669,test
20250521_lidar_tile_256_256.npy,20250521,256,256,311,413,test
20250521_lidar_tile_256_512.npy,20250521,256,512,311,669,test
20250521_lidar_tile_256_768.npy,20250521,256,768,311,925,val
20250521_lidar_tile_256_1024.npy,20250521,256,1024,311,1181,val
20250521_lidar_tile_512_0.npy,20250521,512,0,567,157,test
20250521_lidar_tile_512_256.npy,20250521,512,256,567,413,test
20250521_lidar_tile_512_512.npy,20250521,512,512,567,669,test
20250521_lidar_tile_512_768.npy,20250521,512,768,567,925,val
20250521_lidar_tile_512_1024.npy,20250521,512,1024,567,1181,val
20250521_lidar_tile_512_1280.npy,20250521,512,1280,567,1437,train
20250521_lidar_tile_512_1536.npy,20250521,512,1536,567,1693,train
20250521_lidar_tile_768_0.npy,20250521,768,0,823,157,test
20250521_lidar_tile_768_256.npy,20250521,768,256,823,413,test
20250521_lidar_tile_768_512.npy,20250521,768,512,823,669,test
20250521_lidar_tile_768_768.npy,20250521,768,768,823,925,val
20250521_lidar_tile_768_1024.npy,20250521,768,1024,823,1181,val
20250521_lidar_tile_768_1280.npy,20250521,768,1280,823,1437,train
20250521_lidar_tile_768_1536.npy,20250521,768,1536,823,1693,train
20250521_lidar_tile_1024_0.npy,20250521,1024,0,1079,157,test
20250521_lidar_tile_1024_256.npy,20250521,1024,256,1079,413,test
20250521_lidar_tile_1024_512.npy,20250521,1024,512,1079,669,test
20250521_lidar_tile_1024_768.npy,20250521,1024,768,1079,925,val
20250521_lidar_tile_1024_1024.npy,20250521,1024,1024,1079,1181,val
20250521_lidar_tile_1024_1280.npy,20250521,1024,1280,1079,1437,train
20250521_lidar_tile_1024_1536.npy,20250521,1024,1536,1079,1693,train
20250521_lidar_tile_1280_512.npy,20250521,1280,512,1335,669,test
20250521_lidar_tile_1280_768.npy,20250521,1280,768,1335,925,val
20250521_lidar_tile_1280_1024.npy,20250521,1280,1024,1335,1181,val
20250521_lidar_tile_1280_1280.npy,20250521,1280,1280,1335,1437,train
